N,P,K,temperature,humidity,ph,rainfall,crop,region,season,soil_texture,historical_yield,market_price,estimated_profit,moisture,moisture_category,season_encoded
90,42,43,20.87974371,82.00274423,6.502985292000001,202.9355362,rice,Tamil Nadu,Monsoon,Loamy,3.7619291978041147,2731.6973553098906,102764.5204050456,82.00274423,High,2
85,58,41,21.77046169,80.31964408,7.038096361,226.6555374,rice,Tamil Nadu,Monsoon,Loamy,4.431370927641264,1863.4192292301161,82575.01798418029,80.31964408,High,2
60,55,44,23.00445915,82.3207629,7.840207144,263.9642476,rice,Tamil Nadu,Monsoon,Sandy,2.110961256499794,3995.50320482426,84343.52465604774,82.3207629,High,2
74,35,40,26.49109635,80.15836264,6.980400905,242.8640342,rice,Tamil Nadu,Monsoon,Loamy,4.938720714847521,4548.956461525546,224660.25507475692,80.15836264,High,2
78,42,42,20.13017482,81.60487287,7.628472891,262.7173405,rice,Tamil Nadu,Monsoon,Sandy,2.633345077860199,2484.4091613076116,65423.06636320184,81.60487287,High,2
69,37,42,23.05804872,83.37011772,7.073453503,251.0549998,rice,Tamil Nadu,Monsoon,Loamy,2.7771039992197792,4982.802376377158,138377.60406758825,83.37011772,High,2
69,55,38,22.70883798,82.63941394,5.70080568,271.3248604,rice,Tamil Nadu,Monsoon,Loamy,4.455289020664065,4586.991540436422,204363.73047985337,82.63941394,High,2
94,53,40,20.27774362,82.89408619,5.718627177999999,241.9741949,rice,Tamil Nadu,Monsoon,Loamy,5.5799746833651,4159.824519809087,232117.15507776086,82.89408619,High,2
89,54,38,24.51588066,83.53521629999999,6.685346424,230.4462359,rice,Tamil Nadu,Monsoon,Loamy,3.561038681559099,4343.857362003617,154686.44093270146,83.53521629999999,High,2
68,58,38,23.22397386,83.03322691,6.336253525,221.2091958,rice,Tamil Nadu,Monsoon,Loamy,5.366083526562241,5695.284055401529,305613.69948782737,83.03322691,High,2
91,53,40,26.52723513,81.41753846,5.386167788,264.6148697,rice,Tamil Nadu,Monsoon,Clay,2.4018230972621266,1622.6883257863276,38974.10300531212,81.41753846,High,2
90,46,42,23.97898217,81.45061596,7.50283396,250.0832336,rice,Tamil Nadu,Monsoon,Sandy,2.9895594311749742,5441.279136066188,162670.27358882286,81.45061596,High,2
78,58,44,26.80079604,80.88684822,5.108681786,284.4364567,rice,Tamil Nadu,Monsoon,Clay,2.8943977845077566,2436.9514467982885,70535.06868565938,80.88684822,High,2
93,56,36,24.01497622,82.05687182,6.98435366,185.2773389,rice,Tamil Nadu,Kharif,Loamy,4.440032987290492,4186.409581112987,185877.96638450632,82.05687182,High,1
94,50,37,25.66585205,80.66385045,6.94801983,209.5869708,rice,Tamil Nadu,Monsoon,Loamy,5.363000155208589,4991.890937515901,267715.11872682127,80.66385045,High,2
60,48,39,24.28209415,80.30025587,7.042299068999999,231.0863347,rice,Tamil Nadu,Monsoon,Loamy,2.36302871755469,2934.2356131791466,69336.83018014018,80.30025587,High,2
85,38,41,21.58711777,82.7883708,6.2490506560000005,276.65524589999995,rice,Tamil Nadu,Monsoon,Loamy,5.784164706672458,4610.3312501224755,266669.15303027537,82.7883708,High,2
91,35,39,23.79391957,80.41817957,6.970859754,206.2611855,rice,Tamil Nadu,Monsoon,Loamy,4.422763059038235,6451.664650178226,285341.84084111097,80.41817957,High,2
77,38,36,21.8652524,80.1923008,5.953933276,224.55501690000003,rice,Tamil Nadu,Monsoon,Loamy,4.955878410857059,3418.21970839163,169402.8125638419,80.1923008,High,2
88,35,40,23.57943626,83.58760316,5.85393208,291.2986618000001,rice,Tamil Nadu,Monsoon,Loamy,2.629896643946588,1939.233312873824,50999.83181356293,83.58760316,High,2
89,45,36,21.32504158,80.47476396,6.442475375,185.4974732,rice,Tamil Nadu,Kharif,Loamy,4.839290553774575,3306.0292768116587,159988.36249776848,80.47476396,High,1
76,40,43,25.15745531,83.11713476,5.070175667,231.3843163,rice,Tamil Nadu,Monsoon,Clay,4.636753465534859,3960.5070485704864,183638.94782734438,83.11713476,High,2
67,59,41,21.94766735,80.97384195,6.012632591,213.3560921,rice,Tamil Nadu,Monsoon,Loamy,2.131792956686207,1906.9517898603847,40652.26394364524,80.97384195,High,2
83,41,43,21.0525355,82.67839517,6.254028451,233.1075816,rice,Tamil Nadu,Monsoon,Loamy,3.4968678268918167,6596.716046179663,230678.44105026656,82.67839517,High,2
98,47,37,23.48381344,81.33265073,7.375482851,224.0581164,rice,Tamil Nadu,Monsoon,Loamy,5.017239908586225,1707.1941262463358,85654.02501907106,81.33265073,High,2
66,53,41,25.0756354,80.52389148,7.778915154,257.0038865,rice,Tamil Nadu,Monsoon,Sandy,3.190054720451098,4065.180348672982,129681.47760769285,80.52389148,High,2
97,59,43,26.35927159,84.04403589,6.2865001760000006,271.35861370000003,rice,Tamil Nadu,Monsoon,Loamy,4.526523415615614,3512.5217788603895,158995.12079871364,84.04403589,High,2
97,50,41,24.52922681,80.54498576,7.070959995,260.2634026,rice,Tamil Nadu,Monsoon,Loamy,3.2711916492256865,5077.871934633069,166106.92268409178,80.54498576,High,2
60,49,44,20.77576147,84.49774397,6.244841491,240.0810647,rice,Tamil Nadu,Monsoon,Loamy,2.7577300781970395,6885.2688629565155,189877.13039848715,84.49774397,High,2
84,51,35,22.30157427,80.64416466,6.043304899,197.9791215,rice,Tamil Nadu,Kharif,Loamy,5.776510275000882,2679.6655580050265,154791.15629382007,80.64416466,High,1
73,57,41,21.44653958,84.94375962,5.824709117,272.2017204,rice,Tamil Nadu,Monsoon,Loamy,4.71545516127124,1690.866583809679,79732.05559646421,84.94375962,High,2
92,35,40,22.17931888,80.33127223,6.3573893660000005,200.0882787,rice,Tamil Nadu,Monsoon,Loamy,5.979112941213325,4813.974921678441,287832.9975288397,80.33127223,High,2
85,37,39,24.52783742,82.73685569,6.364134967999999,224.67572310000003,rice,Tamil Nadu,Monsoon,Loamy,3.1008008537109824,1836.999254794126,56961.688575320644,82.73685569,High,2
98,53,38,20.26707606,81.63895217,5.01450727,270.4417274,rice,Tamil Nadu,Monsoon,Clay,2.679903983769986,2802.005389522038,75091.0540592508,81.63895217,High,2
88,54,44,25.7354293,83.88266234,6.149410611,233.1321372,rice,Tamil Nadu,Monsoon,Loamy,3.5074075107478797,4257.895588957141,149341.74968688542,83.88266234,High,2
95,55,42,26.79533926,82.1480873,5.950660556,193.3473987,rice,Tamil Nadu,Kharif,Loamy,2.7627196821076665,5292.504655337256,146217.06778946688,82.1480873,High,1
99,57,35,26.75754171,81.17734011,5.960370061,272.29990560000005,rice,Tamil Nadu,Monsoon,Loamy,2.0192780398798327,1912.8753103345632,38626.271071869036,81.17734011,High,2
95,39,36,23.86330467,83.15250801,5.561398642,285.2493645,rice,Tamil Nadu,Monsoon,Loamy,4.920956180772654,1773.660336724961,87281.04796598003,83.15250801,High,2
60,43,44,21.01944696,82.95221726,7.416245107000001,298.40184710000005,rice,Tamil Nadu,Monsoon,Loamy,2.3001665712063235,6093.935637680694,140170.67040876023,82.95221726,High,2
63,44,41,24.17298839,83.7287574,5.583370042,257.0343554,rice,Tamil Nadu,Monsoon,Loamy,4.185091489497948,3581.581584209776,149892.4660701891,83.7287574,High,2
62,42,36,22.78133816,82.06719137,6.430010215,248.7183228,rice,Tamil Nadu,Monsoon,Loamy,4.575603556732706,5013.160523711749,229382.35122767478,82.06719137,High,2
64,45,43,25.62980105,83.52842314,5.534878156,209.9001977,rice,Tamil Nadu,Monsoon,Loamy,5.0823131044807575,6986.938902443413,355098.1114409456,83.52842314,High,2
83,60,36,25.59704938,80.14509262,6.903985986,200.834898,rice,Tamil Nadu,Monsoon,Loamy,5.991864353328219,4960.186836889169,297207.66693804064,80.14509262,High,2
82,40,40,23.83067496,84.81360127,6.271478837999999,298.5601175,rice,Tamil Nadu,Monsoon,Loamy,2.772235976846801,5432.386493992319,150598.57278782164,84.81360127,High,2
85,52,45,26.31355498,82.36698992,7.224285503,265.5355937,rice,Tamil Nadu,Monsoon,Loamy,3.0969166225218894,2661.9757083673476,82439.16819992321,82.36698992,High,2
91,35,38,24.8972823,80.52586088,6.13428721,183.6793207,rice,Tamil Nadu,Kharif,Loamy,5.807496369328304,5469.678952740889,317651.40659434156,80.52586088,High,1
76,49,42,24.958779,84.47963372,5.206373153,196.95600080000003,rice,Tamil Nadu,Kharif,Clay,2.361662241945457,3031.4121200162717,71591.71543618258,84.47963372,High,1
74,39,38,23.24113501,84.59201843,7.782051312999999,233.0453455,rice,Tamil Nadu,Monsoon,Sandy,5.7016197990811435,1984.6353550945078,113156.3623456328,84.59201843,High,2
79,43,39,21.66628296,80.70960551,7.062779015,210.8142087,rice,Tamil Nadu,Monsoon,Loamy,2.3973106377847526,4018.06936137287,96325.60423376168,80.70960551,High,2
88,55,45,24.63544858,80.41363018,7.730367824,253.7202781,rice,Tamil Nadu,Monsoon,Sandy,2.9714803585167373,5124.830111041574,152283.32015695187,80.41363018,High,2
60,36,43,23.43121862,83.06310136,5.286203711000001,219.9048349,rice,Tamil Nadu,Monsoon,Clay,5.71074916482948,3992.891965544983,228024.04457490353,83.06310136,High,2
76,60,39,20.0454142,80.3477562,6.766240045,208.5810155,rice,Tamil Nadu,Monsoon,Loamy,4.253639495583106,4585.841358912755,195065.15924749794,80.3477562,High,2
93,56,42,23.85724032,82.22572988,7.382762603,195.0948311,rice,Tamil Nadu,Kharif,Loamy,4.268451783019816,3341.45992371094,142628.6056925322,82.22572988,High,1
65,60,43,21.97199397,81.89918197,5.658169482000001,227.3637009,rice,Tamil Nadu,Monsoon,Loamy,2.865080851845439,4038.67208426498,115711.22055510305,81.89918197,High,2
95,52,36,26.22916897,83.83625819,5.543360237999999,286.5083725,rice,Tamil Nadu,Monsoon,Loamy,2.03063373995768,1855.301877605488,37674.38590472538,83.83625819,High,2
75,38,39,23.44676801,84.79352417,6.215109715,283.9338466,rice,Tamil Nadu,Monsoon,Loamy,3.6459518625285057,3953.8179986146706,144154.30096147888,84.79352417,High,2
74,54,38,25.65553461,83.47021081,7.120272972,217.3788583,rice,Tamil Nadu,Monsoon,Loamy,2.5417561264211415,5811.977682185808,147726.2988031872,83.47021081,High,2
91,36,45,24.44345477,82.45432595,5.950647577000001,267.97619480000003,rice,Tamil Nadu,Monsoon,Loamy,3.5682810139363106,4147.824071712348,148006.01884239173,82.45432595,High,2
71,46,40,20.2801937,82.1235421,7.236705436,191.9535738,rice,Tamil Nadu,Kharif,Loamy,3.0271164593769417,4560.72025886146,138058.31362213392,82.1235421,High,1
99,55,35,21.7238313,80.2389895,6.501697816,277.9626192,rice,Tamil Nadu,Monsoon,Loamy,3.9622443449488847,6345.407094089571,251420.53374954936,80.2389895,High,2
72,40,38,20.41447029,82.20802629,7.592490617,245.1511304,rice,Tamil Nadu,Monsoon,Sandy,3.072084468356897,5645.809542757057,173444.0380760511,82.20802629,High,2
83,58,45,25.75528612,83.51827127,5.875345751,245.6626799,rice,Tamil Nadu,Monsoon,Loamy,4.350320534445544,6156.461568376429,267825.811804328,83.51827127,High,2
93,58,38,20.61521424,83.77345559,6.932400225,279.5451717,rice,Tamil Nadu,Monsoon,Loamy,4.772879947811836,4217.1710455666835,201280.511198779,83.77345559,High,2
70,36,42,21.84106875,80.72886384,6.9462098810000015,202.3838319,rice,Tamil Nadu,Monsoon,Loamy,3.304712952802171,2727.8264688885292,90146.8346473253,80.72886384,High,2
76,47,42,20.08369642,83.29114712,5.739175027000001,263.6372176,rice,Tamil Nadu,Monsoon,Loamy,4.045416882989371,4409.7957154711985,178394.6203790138,83.29114712,High,2
99,41,36,24.45802087,82.74835604,6.738652179,182.5616319,rice,Tamil Nadu,Kharif,Loamy,2.7304269034888784,3914.8178820366174,106891.24067372132,82.74835604,High,1
99,54,37,21.14347496,80.33502926,5.5948196260000005,198.6730942,rice,Tamil Nadu,Kharif,Loamy,5.5356155891082786,4046.0229234436297,223972.27568904008,80.33502926,High,1
86,59,35,25.78720567,82.11124033,6.946636369,243.5120414,rice,Tamil Nadu,Monsoon,Loamy,2.6943206609088115,5563.576909746742,149900.60216485846,82.11124033,High,2
69,46,41,23.64124821,80.28597873,5.012139669,263.1103304,rice,Tamil Nadu,Monsoon,Clay,5.393234518020068,2131.382408219398,114950.45175109597,80.28597873,High,2
91,56,37,23.43191632,80.56887849,6.363472207999999,269.5039162,rice,Tamil Nadu,Monsoon,Loamy,5.582394230463192,6864.094334404198,383180.80609733076,80.56887849,High,2
61,52,41,24.97669518,83.891805,6.880431223,204.8001847,rice,Tamil Nadu,Monsoon,Loamy,5.655613241859812,5188.283869401292,293429.26954313606,83.891805,High,2
67,45,38,22.72791041,82.17068809999998,7.300410836,260.8875056,rice,Tamil Nadu,Monsoon,Loamy,4.152400257940132,2187.860392022819,90848.7205617255,82.17068809999998,High,2
79,42,37,24.87300744,82.84022551,6.587918707999999,295.6094492000001,rice,Tamil Nadu,Monsoon,Loamy,3.4509139040569123,2027.4179957224696,69964.44950773868,82.84022551,High,2
78,43,42,21.32376327,83.00320459,7.283736617000001,192.3197536,rice,Tamil Nadu,Kharif,Loamy,2.5527084079676783,5331.103312612697,136087.52249850772,83.00320459,High,1
75,54,36,26.29465461,84.56919326,7.023936392,257.4914906,rice,Tamil Nadu,Monsoon,Loamy,5.843453978331202,6054.418492365907,353787.1582569756,84.56919326,High,2
97,36,45,22.2286982,81.85872947,6.939083505,278.0791793,rice,Tamil Nadu,Monsoon,Loamy,5.083682192932564,4241.095088002841,215603.7957741381,81.85872947,High,2
67,47,44,26.73072391,81.78596776,7.868474653,280.4044392,rice,Tamil Nadu,Monsoon,Sandy,3.351854718764629,6723.5171189314915,225362.52581785285,81.78596776,High,2
73,35,38,24.88921174,81.97927117,5.005306977,185.9461429,rice,Tamil Nadu,Kharif,Clay,4.879172811137764,2374.0404592652408,115833.53661387973,81.97927117,High,1
77,36,37,26.88444878,81.46033732,6.136131869,194.5766559,rice,Tamil Nadu,Kharif,Loamy,5.7415010600363265,3651.3764035439185,209643.8149153904,81.46033732,High,1
81,41,38,22.67846116,83.72874389,7.5240800760000015,200.9133156,rice,Tamil Nadu,Monsoon,Sandy,4.509991406661113,3884.136386153485,175174.21723851966,83.72874389,High,2
68,57,43,26.08867875,80.37979919,5.706943251,182.9043504,rice,Tamil Nadu,Kharif,Loamy,3.037721160786055,2200.178971708025,66835.30219873971,80.37979919,High,1
72,45,35,25.42977518,82.94682591,5.758506323,195.3574542,rice,Tamil Nadu,Kharif,Loamy,2.67898128912059,5865.579558782566,157137.778878267,82.94682591,High,1
61,53,43,26.40323239,81.05635517,6.349606327,223.3671883,rice,Tamil Nadu,Monsoon,Loamy,2.2059095789619763,5487.560304971928,121050.6184186908,81.05635517,High,2
67,43,39,26.04371967,84.96907151,5.9999690260000005,186.7536773,rice,Tamil Nadu,Kharif,Loamy,3.823028890000413,4372.759764342592,167171.86908113124,84.96907151,High,1
67,58,39,25.2827223,80.54372813,5.453592032,220.1156708,rice,Tamil Nadu,Monsoon,Clay,5.488967919485038,6527.133125913871,358272.2433434933,80.54372813,High,2
66,60,38,22.08576562,83.47038318,6.372576327000001,231.7364957,rice,Tamil Nadu,Monsoon,Loamy,3.490066828366045,5676.865585215257,198126.40268052564,83.47038318,High,2
82,43,38,23.28617173,81.43321641,5.105588355,242.3170629,rice,Tamil Nadu,Monsoon,Clay,2.3133113586720286,3822.2163931739688,88419.76597631774,81.43321641,High,2
84,50,44,25.48591986,81.40633547,5.9353444060000005,182.6549356,rice,Tamil Nadu,Kharif,Loamy,5.90976103224922,2748.2827033479834,162416.94025850453,81.40633547,High,1
81,53,42,23.67575393,81.03569343,5.17782304,233.7034975,rice,Tamil Nadu,Monsoon,Clay,2.1680792813181577,4657.291920150281,100973.78119128283,81.03569343,High,2
91,50,40,20.82477109,84.1341879,6.462391607000001,230.22422230000004,rice,Tamil Nadu,Monsoon,Loamy,3.4493863218480176,6358.410425597198,219326.13950750805,84.1341879,High,2
93,53,38,26.92995077,81.91411159,7.069172227,290.67937830000005,rice,Tamil Nadu,Monsoon,Loamy,4.9925213473576875,6278.955533279795,313478.1953900905,81.91411159,High,2
90,44,38,23.83509503,83.88387074,7.473134377,241.20135130000003,rice,Tamil Nadu,Monsoon,Loamy,5.745804430391062,2478.1697354687863,142390.786453176,83.88387074,High,2
81,45,35,26.52872817,80.12267476,6.158376967000001,218.9163567,rice,Tamil Nadu,Monsoon,Loamy,2.472796579484783,6371.68595631012,157558.83238314893,80.12267476,High,2
78,40,38,26.46428311,83.85642678,7.549873681,248.2256491,rice,Tamil Nadu,Monsoon,Sandy,2.204000034822096,6082.430623577467,134056.7730616772,83.85642678,High,2
60,51,36,22.69657794,82.81088865,6.028321557999999,256.9964761,rice,Tamil Nadu,Monsoon,Loamy,5.400014271687663,2336.104485848838,126149.97563737296,82.81088865,High,2
88,46,42,22.68319059,83.46358271,6.604993475,194.2651719,rice,Tamil Nadu,Kharif,Loamy,3.98101328909299,5828.554922142232,232035.54601256584,83.46358271,High,1
93,47,37,21.53346343,82.14004101,6.500343222000001,295.9248796,rice,Tamil Nadu,Monsoon,Loamy,4.916947292582767,6843.94111272163,336512.97724792507,82.14004101,High,2
60,55,45,21.40865769,83.32931909999998,5.935745417000001,287.5766935000001,rice,Tamil Nadu,Monsoon,Loamy,3.888005447405407,3416.004104327577,132814.42565984846,83.32931909999998,High,2
78,35,44,26.54348085,84.67353597,7.072655622,183.6222657,rice,Tamil Nadu,Kharif,Loamy,5.366930643493885,1693.3369507243222,90880.21970602858,84.67353597,High,1
65,37,40,23.35905428,83.59512273,5.333322606,188.413665,rice,Tamil Nadu,Kharif,Clay,3.4347308582411276,3768.1983702248212,129427.47222185119,83.59512273,High,1
71,54,16,22.61359953,63.69070564,5.7499144210000015,87.75953857,maize,Tamil Nadu,Rabi,Loamy,3.5032864698309645,2435.245805007733,85313.63679396207,63.69070564,High,0
61,44,17,26.10018422,71.57476937,6.931756557999999,102.2662445,maize,Tamil Nadu,Kharif,Loamy,2.1892673696125478,4692.957153561613,102741.37963282222,71.57476937,High,1
80,43,16,23.55882094,71.59351368,6.657964753,66.71995467,maize,Tamil Nadu,Rabi,Loamy,4.594703737683797,5544.023369365633,254731.4489703059,71.59351368,High,0
73,58,21,19.97215954,57.68272924,6.596060648,60.65171481,maize,Tamil Nadu,Rabi,Loamy,3.2537762101635064,5043.247471328535,164095.98644176047,57.68272924,Medium,0
61,38,20,18.47891261,62.69503871,5.970458434,65.43835393,maize,Tamil Nadu,Rabi,Loamy,4.061476423962745,2836.8116770981915,115216.43745756519,62.69503871,High,0
68,41,16,21.77689322,57.80840636,6.158830619,102.0861694,maize,Tamil Nadu,Kharif,Loamy,3.4598963501278734,1972.8917497698667,68260.00964226156,57.80840636,Medium,1
93,41,17,25.6217169,66.50415474,6.047906679,105.4654703,maize,Tamil Nadu,Kharif,Loamy,3.9320485429537837,6343.958792098958,249447.53925031552,66.50415474,High,1
89,60,19,25.19192419,66.69029010000001,5.913664501,78.06639649,maize,Tamil Nadu,Rabi,Loamy,3.573315020556258,1652.6203453787566,59053.331034187824,66.69029010000001,High,0
76,44,17,20.41683147,62.55424820000001,5.855442401,65.27798457,maize,Tamil Nadu,Rabi,Loamy,2.900287962180935,2449.5375971493695,71043.64405921928,62.55424820000001,High,0
67,60,25,24.92162194,66.78627406,5.750254943,109.2162279,maize,Tamil Nadu,Kharif,Loamy,4.087108314796515,5137.263207565564,209965.5117093943,66.78627406,High,1
70,44,19,23.31689124,73.4541537,5.852607099,94.29712821,maize,Tamil Nadu,Rabi,Loamy,3.3691253862533697,2373.120453484684,79953.40364472357,73.4541537,High,0
90,49,21,24.84016732,68.3584573,6.4725232870000005,74.05474936,maize,Tamil Nadu,Rabi,Loamy,4.396114117861593,6976.378003397241,306689.53832273686,68.3584573,High,0
62,52,16,22.27526694,58.84015925,6.9670577620000005,63.87020584,maize,Tamil Nadu,Rabi,Loamy,5.8314268916889525,5942.992539276299,346561.2651064262,58.84015925,Medium,0
92,44,16,18.87751445,65.76816093,6.082973754,94.76189431,maize,Tamil Nadu,Rabi,Loamy,3.7490746782778688,3034.227181631204,113755.4429479597,65.76816093,High,0
66,54,21,25.19008683,60.200168700000006,5.919045532,72.12375573,maize,Tamil Nadu,Rabi,Loamy,4.1953888397801045,4807.072191158055,201675.37022801797,60.200168700000006,High,0
63,58,22,18.25405352,55.28220433,6.204747652999999,63.72358154,maize,Tamil Nadu,Rabi,Loamy,2.4968494535025987,2975.462383413622,74292.81625943842,55.28220433,Medium,0
70,47,17,24.612911800000006,70.4162444,6.600827017,104.1626147,maize,Tamil Nadu,Kharif,Loamy,3.9542809222972615,2254.336477962517,89142.79727245984,70.4162444,High,1
61,41,17,25.1420613,65.26185135,6.021902237000001,76.68456006,maize,Tamil Nadu,Rabi,Loamy,4.958234020615731,1614.5621330488473,80053.76896480698,65.26185135,High,0
66,53,19,23.09348056,60.11593810000001,6.033550195,65.49730729,maize,Tamil Nadu,Rabi,Loamy,2.235755646858975,4330.011604325411,96808.47895335428,60.11593810000001,High,0
74,55,19,18.05033737,62.89366992,6.28886807,84.23613484,maize,Tamil Nadu,Rabi,Loamy,3.4074869467753297,1849.2133091773044,63011.70212824877,62.89366992,High,0
77,57,21,24.9321581,73.80435276,6.550563822999999,79.74078719,maize,Tamil Nadu,Rabi,Loamy,5.647340612928618,5661.373918624572,319717.06855623383,73.80435276,High,0
99,50,15,18.14710054,71.09445342,5.573286437,88.07753741,maize,Tamil Nadu,Rabi,Loamy,5.759364978747794,5082.145655816482,292699.31707004685,71.09445342,High,0
74,56,22,18.28362235,66.65952796,6.829199275,80.97573281,maize,Tamil Nadu,Rabi,Loamy,4.591173625798806,2890.156603214595,132692.10771107115,66.65952796,High,0
83,45,21,18.83344471,58.75082029,5.716222912,79.75328959999999,maize,Tamil Nadu,Rabi,Loamy,5.353291166540902,5593.21236530902,299420.94347796123,58.75082029,Medium,0
100,48,16,25.71895816,67.22190688,5.54990242,74.51490791,maize,Tamil Nadu,Rabi,Loamy,2.665155208144768,2234.6644128184,59557.27498278728,67.22190688,High,0
79,51,16,25.33797709,68.49835977,6.586244581,96.46380213,maize,Tamil Nadu,Rabi,Loamy,4.474843430812192,5582.821946303256,249822.5411180926,68.49835977,High,0
94,39,18,23.89114571,57.48775781,5.893093135,102.8301942,maize,Tamil Nadu,Kharif,Loamy,2.5151475390928413,4528.8541993004565,113907.36494280823,57.48775781,Medium,1
75,49,15,21.53574127,71.50905983,5.918263801,102.4852929,maize,Tamil Nadu,Kharif,Loamy,5.633535440154807,6096.1395694149105,343428.1831242896,71.50905983,High,1
78,48,22,23.08974909,63.10459626,5.588650585,70.43473609,maize,Tamil Nadu,Rabi,Loamy,3.518953425794706,5333.584770186837,187686.3639881544,63.10459626,High,0
87,54,20,25.61707368,63.4711755,6.576418207000001,108.8303762,maize,Tamil Nadu,Kharif,Loamy,3.782924562258626,6575.428724671785,248743.50829941806,63.4711755,High,1
87,35,25,21.44526922,63.1621551,6.178056304,65.88951188,maize,Tamil Nadu,Rabi,Loamy,2.9170207423564007,5062.965652204244,147687.75825317783,63.1621551,High,0
63,43,19,18.51816776,55.53128131,6.641906353,90.988051,maize,Tamil Nadu,Rabi,Loamy,2.168029736978801,6266.815914905084,135866.43259686235,55.53128131,Medium,0
84,57,25,22.53510514,67.99257471,6.489040367,64.40866039,maize,Tamil Nadu,Rabi,Loamy,2.733809378541196,4851.353415504064,132626.75465922875,67.99257471,High,0
64,35,23,23.02038334,61.89472002,5.680361037999999,63.03843397,maize,Tamil Nadu,Rabi,Loamy,5.758439620135754,6970.132310881,401370.8605656553,61.89472002,High,0
60,46,22,24.89364635,65.61418761,6.625404347999999,87.9298085,maize,Tamil Nadu,Rabi,Loamy,4.782881999593782,1947.9478769651603,93168.04836883588,65.61418761,High,0
98,44,21,25.77175115,74.089114,6.524478032,107.4931917,maize,Tamil Nadu,Kharif,Loamy,2.566228304643248,4712.675288056692,120938.00714803857,74.089114,High,1
75,56,18,19.39851734,62.35750641,5.696205468,60.95197486,maize,Tamil Nadu,Rabi,Loamy,2.0781537457947237,4505.167049510559,93624.29779371333,62.35750641,High,0
86,55,21,21.54156232,59.64024162,6.803931519,109.7515385,maize,Tamil Nadu,Kharif,Loamy,2.1576810092448433,4528.974930261439,97720.83198371096,59.64024162,Medium,1
98,35,18,23.79746068,74.82913698,6.252797547999999,91.76337172,maize,Tamil Nadu,Rabi,Loamy,4.974657022846801,3231.412736561618,160751.70063652852,74.82913698,High,0
76,57,18,18.9802729,74.52600826,6.092725883,94.26249353,maize,Tamil Nadu,Rabi,Loamy,4.704472374993039,6438.919194682903,302917.17476198147,74.52600826,High,0
99,56,17,24.10859207,73.13112261,6.234330356,71.07562236,maize,Tamil Nadu,Rabi,Loamy,2.7105573505534863,5110.208517083267,138515.1325884108,73.13112261,High,0
60,44,23,24.7947077,70.04556743,5.722579819,76.72860067,maize,Tamil Nadu,Rabi,Loamy,2.0577061307858915,5845.822745691359,120289.85303296724,70.04556743,High,0
74,48,17,21.63162756,60.27766379,6.430616465,69.21803098,maize,Tamil Nadu,Rabi,Loamy,2.942618738665377,5105.1764943783965,150225.88016551887,60.27766379,High,0
89,60,17,25.37548751,57.21025565,5.983952675,101.7004306,maize,Tamil Nadu,Kharif,Loamy,4.178101498660864,3778.6554167946783,157876.05859832838,57.21025565,Medium,1
69,51,23,22.21738222,72.85462807,6.80163854,106.6213157,maize,Tamil Nadu,Kharif,Loamy,4.900163616513755,3377.65449650328,165510.59672919457,72.85462807,High,1
96,46,22,20.58314011,69.00128641,6.499936446,66.29390357,maize,Tamil Nadu,Rabi,Loamy,3.15318727078237,5782.905871343401,182345.8518165264,69.00128641,High,0
61,60,15,24.87502824,68.74248334,6.265564338,91.26056654,maize,Tamil Nadu,Rabi,Loamy,3.7435530467451623,5286.937386216901,197919.30560123187,68.74248334,High,0
74,58,18,20.03728219,56.35606753,6.727303282,109.024141,maize,Tamil Nadu,Kharif,Loamy,5.519261825429414,1777.0145827162476,98078.08749617165,56.35606753,Medium,1
74,43,23,25.95263264,61.89082199,6.325235159,99.57981207,maize,Tamil Nadu,Rabi,Loamy,3.78248316765115,2566.891032848045,97092.22124942405,61.89082199,High,0
63,43,17,19.28889933,65.47050802,6.807487794,71.3195307,maize,Tamil Nadu,Rabi,Loamy,2.281514969360212,4818.130314476738,109926.36436806904,65.47050802,High,0
99,36,20,20.57981887,65.34583901,6.671085817000001,78.34604471,maize,Tamil Nadu,Rabi,Loamy,3.0221207720859504,4920.016972008747,148688.85490123054,65.34583901,High,0
77,36,23,24.71417533,56.73426469,6.648725327,88.45361858,maize,Tamil Nadu,Rabi,Loamy,5.380458925617755,4939.966745872665,265792.88170085475,56.73426469,Medium,0
87,60,23,20.27317074,63.91281869,6.439071996,62.50351892,maize,Tamil Nadu,Rabi,Loamy,4.782946486859965,5860.9508769124905,280326.14406387426,63.91281869,High,0
60,38,17,18.41932981,64.23580251,6.474476516,76.41312437,maize,Tamil Nadu,Rabi,Loamy,5.495928548052963,3272.4199400537063,179849.86169758928,64.23580251,High,0
94,54,17,23.39128187,61.74427165,5.871647806,107.3198135,maize,Tamil Nadu,Kharif,Loamy,5.276187977299635,3802.0340114211863,200602.46140344767,61.74427165,High,1
95,38,22,19.84939404,61.24500053,5.730617109,100.7689246,maize,Tamil Nadu,Kharif,Loamy,2.3130234856700977,4124.303664593626,95396.11238240308,61.24500053,High,1
84,44,21,21.869274,61.91044947,5.850439831,107.2681929,maize,Tamil Nadu,Kharif,Loamy,5.70544704971859,3314.713396661311,189119.21769643962,61.91044947,High,1
77,58,19,22.8056033,56.50768935,5.791649933,101.5952794,maize,Tamil Nadu,Kharif,Loamy,2.7930675294698957,2915.9502840802825,81444.46056013154,56.50768935,Medium,1
66,44,20,19.0781471,69.02298571,6.740000687999999,80.72515943,maize,Tamil Nadu,Rabi,Loamy,4.308939868113921,6445.2546294371705,277722.1463292764,69.02298571,High,0
63,35,16,22.02720976,65.35549924,6.272417541,83.73280082,maize,Tamil Nadu,Rabi,Loamy,4.0019877980687175,6790.828180414824,271768.11516801314,65.35549924,High,0
79,45,20,23.80546189,59.24537979,5.715208817000001,89.96220140000001,maize,Tamil Nadu,Rabi,Loamy,5.703969215506191,5409.009026782746,308528.2097516389,59.24537979,Medium,0
72,60,25,18.52510753,69.0276233,5.773454729,88.10234397,maize,Tamil Nadu,Rabi,Loamy,3.093229194559517,4211.431565667639,130269.23069812635,69.0276233,High,0
67,51,24,23.50297882,61.32026065,5.584171461,64.77791424,maize,Tamil Nadu,Rabi,Loamy,2.334799860576018,3136.5213290982083,73231.49561872202,61.32026065,High,0
86,36,24,26.54986394,72.89187265,5.787268394,73.33636055,maize,Tamil Nadu,Rabi,Loamy,3.0143958205473966,4855.016708997997,146349.4207629134,72.89187265,High,0
76,48,18,19.29563411,69.63481219,5.77597783,83.21030571,maize,Tamil Nadu,Rabi,Loamy,2.020605873260715,6958.754475484611,140609.00163743494,69.63481219,High,0
75,53,18,20.68899915,59.4375337,6.864793607,103.651438,maize,Tamil Nadu,Kharif,Loamy,3.3064626301411275,2814.085386196167,93046.6816748389,59.4375337,Medium,1
81,45,23,19.32666088,68.03449300000001,6.192360002999999,84.22969177,maize,Tamil Nadu,Rabi,Loamy,5.697850796811691,4388.271578687742,250037.1671125205,68.03449300000001,High,0
73,45,21,24.60532218,73.58868502,6.636803222999999,96.59195302,maize,Tamil Nadu,Rabi,Loamy,2.484902333918203,2388.4912666607247,59351.67523068479,73.58868502,High,0
71,35,24,22.27373646,59.52193158,5.826426917,67.96704792,maize,Tamil Nadu,Rabi,Loamy,5.520244256145725,4603.209982073318,254108.43463372902,59.52193158,Medium,0
96,54,22,25.70196694,61.33450447,6.960358276,83.20711308,maize,Tamil Nadu,Rabi,Loamy,3.7815731995530206,6721.124919016367,254164.2586460026,61.33450447,High,0
99,39,18,19.20129357,68.30578978,6.11275104,87.85092352,maize,Tamil Nadu,Rabi,Loamy,2.47468618293416,6232.818592012705,154242.70050388988,68.30578978,High,0
62,48,20,21.70181447,60.47470519,6.708446922,95.71388473,maize,Tamil Nadu,Rabi,Loamy,5.909232924677552,2812.9388073540094,166223.10615519516,60.47470519,High,0
86,37,16,20.51716779,59.21235483,5.561510732,67.61013737,maize,Tamil Nadu,Rabi,Loamy,5.548366099101699,4423.540055670015,245434.19682897953,59.21235483,Medium,0
94,50,19,23.30355338,73.62548442,5.873242491,97.59081274,maize,Tamil Nadu,Rabi,Loamy,4.977397027729859,1846.566977136389,91910.96983502773,73.62548442,High,0
76,39,24,24.2547451,55.64709899,6.995843776,64.23845455,maize,Tamil Nadu,Rabi,Loamy,4.120487953925332,6687.945379122701,275575.98371185677,55.64709899,Medium,0
77,52,17,24.86374934,65.7420046,5.714799723,75.82270467,maize,Tamil Nadu,Rabi,Loamy,2.2577168358020026,1939.5867052003623,43790.37558828593,65.7420046,High,0
74,39,23,22.6265115,65.77472881,6.78073637,88.17251033,maize,Tamil Nadu,Rabi,Loamy,2.6332884248386152,1707.6116721942108,44966.34050508327,65.77472881,High,0
81,49,20,18.04185513,60.61494304,5.513697923,104.2321615,maize,Tamil Nadu,Kharif,Loamy,5.443175008299925,5517.818436996369,300344.5141659519,60.61494304,High,1
63,42,21,23.26237612,72.33125523,5.798423907999999,67.10225139,maize,Tamil Nadu,Rabi,Loamy,5.429887441519648,6606.351334339602,358717.4414459717,72.33125523,High,0
99,38,21,22.88330922,71.59722446,6.352471866,67.72777298,maize,Tamil Nadu,Rabi,Loamy,4.86636070514883,6242.3592996100015,303775.7200304249,71.59722446,High,0
90,52,25,25.97482359,69.36385721,6.822586546,103.2234212,maize,Tamil Nadu,Kharif,Loamy,2.011272719594698,2257.880098032442,45412.126452884535,69.36385721,High,1
68,40,19,26.14384005,66.20569924,6.655426355,107.2361366,maize,Tamil Nadu,Kharif,Loamy,4.356808381415792,5202.237677813704,226651.52716815774,66.20569924,High,1
60,57,24,18.66116213,61.55327249,6.1212940410000005,75.03247667,maize,Tamil Nadu,Rabi,Loamy,2.6937904695064847,4300.18318280454,115837.92474970932,61.55327249,High,0
71,52,18,25.10787449,55.97732754,5.790770202999999,78.16077693,maize,Tamil Nadu,Rabi,Loamy,4.524451900430082,4710.569768802468,213127.4634256682,55.97732754,Medium,0
61,59,17,23.33844615,59.24580604,6.47444292,105.0083144,maize,Tamil Nadu,Kharif,Loamy,3.3654336404342358,5080.515378828131,170981.37366651677,59.24580604,Medium,1
88,38,15,25.08239719,65.92195844,6.455116637000001,62.49190812,maize,Tamil Nadu,Rabi,Loamy,4.885838726642267,4742.639671391093,231717.72572992556,65.92195844,High,0
65,60,22,25.36768364,72.52054555,6.6069840860000015,107.9124111,maize,Tamil Nadu,Kharif,Loamy,2.941376904822351,4044.154825715511,118953.83603885463,72.52054555,High,1
78,37,22,25.34217103,63.31801994,6.330554389,74.52082026,maize,Tamil Nadu,Rabi,Loamy,5.204551145031322,4462.463618608975,232251.20135891956,63.31801994,High,0
78,58,15,25.00933355,67.816568,6.5286312660000005,62.91359494,maize,Tamil Nadu,Rabi,Loamy,4.878338927990226,5817.552814670364,283799.94361445546,67.816568,High,0
92,60,23,18.66746724,71.516474,5.721667141,69.93293255,maize,Tamil Nadu,Rabi,Loamy,5.765499214564683,5738.449414586047,330850.2559261502,71.516474,High,0
79,59,17,20.37999665,63.73849998,6.644205485,108.5054416,maize,Tamil Nadu,Kharif,Loamy,3.821530583477707,4182.272128422331,159826.8084719234,63.73849998,High,1
91,55,15,18.09300227,72.61024172,6.376651091,78.96159541,maize,Tamil Nadu,Rabi,Loamy,3.838213720402681,2735.410567199202,104990.90369958458,72.61024172,High,0
76,51,18,26.16985907,71.96246617,6.247040422,79.84925393,maize,Tamil Nadu,Rabi,Loamy,5.220976546731309,4949.263230280413,258399.8724889368,71.96246617,High,0
87,48,25,18.65396672,61.37879671,6.656730007999999,93.62039175,maize,Tamil Nadu,Rabi,Loamy,3.7846519967921464,3861.9707222117104,146162.15205371357,61.37879671,High,0
71,60,22,26.07470121,59.37147589,6.2048017,85.75692395,maize,Tamil Nadu,Rabi,Loamy,3.295053985475657,6915.828794607258,227880.29232537953,59.37147589,Medium,0
90,57,24,18.92851916,72.80086137,6.158860284,82.34162918,maize,Tamil Nadu,Rabi,Loamy,2.5095479486897276,1703.7309462799517,42755.94501356062,72.80086137,High,0
67,35,22,23.30546753,63.24648023,6.385684213999999,108.7603001,maize,Tamil Nadu,Kharif,Loamy,5.645100791770735,2510.916144261093,141743.74714038218,63.24648023,High,1
60,54,19,18.74826712,62.49878458,6.417820493,70.23401597,maize,Tamil Nadu,Rabi,Loamy,2.2639462495485487,6175.706458335725,139814.67474661916,62.49878458,High,0
83,58,23,19.74213321,59.66263104,6.381201909,65.50861389,maize,Tamil Nadu,Rabi,Loamy,4.375788801905326,4478.247442874317,195958.650126906,59.66263104,Medium,0
83,57,19,25.73044432,70.74739256,6.877869005,98.73771338,maize,Tamil Nadu,Rabi,Loamy,3.5980086969530993,3785.120661960206,136188.9706074969,70.74739256,High,0
40,72,77,17.02498456,16.98861173,7.485996067,88.55123143,chickpea,Tamil Nadu,Rabi,Loamy,5.774337780589562,5801.130482185036,334976.86913410795,16.98861173,Low,0
23,72,84,19.02061277,17.13159126,6.920251378,79.92698081,chickpea,Tamil Nadu,Rabi,Loamy,4.510864155841336,3460.428415504668,156095.22503354837,17.13159126,Low,0
39,58,85,17.88776475,15.40589717,5.9969320370000005,68.54932919,chickpea,Tamil Nadu,Rabi,Loamy,2.841291541585347,4946.331625732681,140539.70210070364,15.40589717,Low,0
22,72,85,18.86805647,15.65809214,6.391173589,88.51048983,chickpea,Tamil Nadu,Rabi,Loamy,4.283065007609076,3753.5138969267223,160765.44027501222,15.65809214,Low,0
36,67,77,18.36952567,19.56381041,7.152811172000001,79.26357665,chickpea,Tamil Nadu,Rabi,Loamy,2.320822226036308,4300.670758226155,99810.92282555683,19.56381041,Low,0
32,73,81,20.45078582,15.40312102,5.988992796000002,92.68373702,chickpea,Tamil Nadu,Rabi,Loamy,2.902998607841648,2229.526941140762,64723.1360627708,15.40312102,Low,0
58,70,84,20.6543203,16.60820843,6.231049027999999,74.6631118,chickpea,Tamil Nadu,Rabi,Loamy,5.893298675413332,1688.7582626791313,99523.56832540245,16.60820843,Low,0
59,70,84,17.3348681,18.74926979,7.550808267000001,82.61734721,chickpea,Tamil Nadu,Rabi,Sandy,2.6494564355718673,5835.501345687085,154609.06595118938,18.74926979,Low,0
42,62,75,18.17912258,18.90426935,7.010570541,81.84997529,chickpea,Tamil Nadu,Rabi,Loamy,2.1353814971311267,1860.1719221385297,39721.76704017459,18.90426935,Low,0
28,74,81,18.01272266,18.30968112,8.753795334,81.98568791,chickpea,Tamil Nadu,Rabi,Sandy,3.696463189689009,4241.728788390561,156793.9432692987,18.30968112,Low,0
58,66,79,20.99373558,19.33470387,8.718192847000001,93.55280105,chickpea,Tamil Nadu,Rabi,Sandy,2.174787940389874,1853.924424445506,40318.92480678325,19.33470387,Low,0
43,66,79,19.46233971,15.22538951,7.976607593,74.58565097,chickpea,Tamil Nadu,Rabi,Sandy,4.802069157200959,2195.61213614576,105434.81320161666,15.22538951,Low,0
58,63,81,19.81344531,14.69765308,6.515499548999999,78.96514709,chickpea,Tamil Nadu,Rabi,Loamy,3.5120602665807197,2348.001805071248,82463.23845450536,14.69765308,Low,0
23,62,85,18.97424756,19.5161216,8.490127142,80.7108745,chickpea,Tamil Nadu,Rabi,Sandy,3.6771790099033366,2419.6519752622135,88974.93454705358,19.5161216,Low,0
27,62,77,18.19737048,14.71070537,6.576415562,70.18185181,chickpea,Tamil Nadu,Rabi,Loamy,5.142930300018236,2258.945535254707,116175.99439352345,14.71070537,Low,0
28,72,84,18.72963144,19.18197264,6.481783042999999,71.58010169,chickpea,Tamil Nadu,Rabi,Loamy,5.653301791095727,2098.372499677159,118627.330108109,19.18197264,Low,0
50,56,76,20.99502153,19.8601304,7.966605025,73.50734019,chickpea,Tamil Nadu,Rabi,Sandy,5.501656686788448,6263.741151492532,344609.53390420857,19.8601304,Low,0
39,71,84,20.28155898,16.39535215,8.140825437,82.52339655,chickpea,Tamil Nadu,Rabi,Sandy,5.967407806320718,2004.5457257256285,119619.41811821946,16.39535215,Low,0
25,78,76,17.48042641,15.7559405,7.228963452,66.96980581,chickpea,Tamil Nadu,Rabi,Loamy,5.331216823721121,2001.6035777009085,106709.82667859469,15.7559405,Low,0
31,70,77,20.88818675,14.32313811,6.492546046,90.46228334,chickpea,Tamil Nadu,Rabi,Loamy,4.221522035183675,6522.845547177157,275363.3620950808,14.32313811,Low,0
26,80,83,17.08498521,16.14565756,7.528599957000001,71.31007253,chickpea,Tamil Nadu,Rabi,Sandy,5.080205826959784,3403.6484823047467,172912.34852727398,16.14565756,Low,0
25,68,77,20.09340593,15.11279612,7.701446446,85.74904898,chickpea,Tamil Nadu,Rabi,Sandy,3.4456716685415714,4255.826325195436,146641.801949593,15.11279612,Low,0
31,78,76,17.57212145,14.99927489,8.519975748,89.31050665,chickpea,Tamil Nadu,Rabi,Sandy,3.7519714393725967,4865.238703166052,182542.36660009198,14.99927489,Low,0
60,68,83,19.12065218,18.43475844,6.620900869,85.52950164,chickpea,Tamil Nadu,Rabi,Loamy,2.468038657623311,4415.662935800981,108980.26824591261,18.43475844,Low,0
59,62,83,18.57665902,19.22008229,8.104396057999999,72.94940441,chickpea,Tamil Nadu,Rabi,Sandy,2.0238085843299345,4726.09426693917,95647.10147783981,19.22008229,Low,0
22,67,78,17.16606398,14.42457525,6.204090835,72.32667516,chickpea,Tamil Nadu,Rabi,Loamy,4.006603445007759,2255.2750445603388,90359.9276297548,14.42457525,Low,0
36,65,80,18.2872007,16.67921616,6.051091339,74.87445574,chickpea,Tamil Nadu,Rabi,Loamy,5.248863206712652,3793.245556291234,199102.27034443326,16.67921616,Low,0
59,60,84,19.03025305,18.66725565,7.690962337999999,94.70992037,chickpea,Tamil Nadu,Rabi,Sandy,5.147371644571253,1983.792391516401,102113.16704807716,18.66725565,Low,0
54,77,85,17.141861399999996,17.0662427,7.8292111439999985,83.74606679,chickpea,Tamil Nadu,Rabi,Sandy,2.0072934164256444,4745.338924786047,95252.87582431379,17.0662427,Low,0
43,68,81,17.47809436,17.93253975,6.761599706,78.92060234,chickpea,Tamil Nadu,Rabi,Loamy,3.949455418330651,4146.172939184442,163751.25179997913,17.93253975,Low,0
28,76,82,20.56601874,14.25803981,6.654425315,83.75937135,chickpea,Tamil Nadu,Rabi,Loamy,2.060053801481261,5155.342875306926,106202.83688215366,14.25803981,Low,0
42,79,85,17.22385224,15.82069268,6.129533877,76.57580954,chickpea,Tamil Nadu,Rabi,Loamy,3.4767796217056643,1744.9839152593086,60669.24516777728,15.82069268,Low,0
32,60,83,19.69141713,19.44225438,8.829273328,91.76071648,chickpea,Tamil Nadu,Rabi,Sandy,4.234679440792192,2110.114120022816,89356.56881785928,19.44225438,Low,0
22,78,76,17.84851658,19.09172907,8.621662982,76.32470713,chickpea,Tamil Nadu,Rabi,Sandy,3.7026542089016448,4288.164846498934,158775.91617353354,19.09172907,Low,0
31,79,75,18.8202251,16.1074793,8.204862075,89.73119396,chickpea,Tamil Nadu,Rabi,Sandy,4.201617519228911,1808.5313022961693,75987.56803801464,16.1074793,Low,0
28,58,81,17.47500984,16.54314829,6.18042747,93.35034262,chickpea,Tamil Nadu,Rabi,Loamy,2.1458783403392467,5349.637490032542,114796.71218527644,16.54314829,Low,0
57,58,77,18.72649425,17.58406365,7.978996755,81.20176515,chickpea,Tamil Nadu,Rabi,Sandy,2.7586880025937,5602.725141686313,154561.7063020012,17.58406365,Low,0
49,55,78,18.65580107,16.17772668,7.863113671,81.70769297,chickpea,Tamil Nadu,Rabi,Sandy,3.2102244315400257,6750.070259843486,216692.40462761288,16.17772668,Low,0
46,76,77,18.2356751,19.68538502,6.967843048,83.74879344,chickpea,Tamil Nadu,Rabi,Loamy,3.375441947333916,3987.6105835380013,134599.48033306844,19.68538502,Low,0
54,61,77,18.81198127,15.21618225,6.206582192999999,77.54294240000002,chickpea,Tamil Nadu,Rabi,Loamy,2.3867594278855995,1545.7522381050292,36893.38727472444,15.21618225,Low,0
38,60,76,18.65054116,17.80852431,8.868741443,77.92798682,chickpea,Tamil Nadu,Rabi,Sandy,2.492077594380354,3200.611374563832,79761.71894869432,17.80852431,Low,0
59,55,79,20.36720401,16.89574311,8.766128654,82.2545577,chickpea,Tamil Nadu,Rabi,Sandy,2.8764168465363467,6986.531131970193,200961.75846849717,16.89574311,Low,0
36,76,75,18.38120357,16.63805158,8.736337905,70.52056697,chickpea,Tamil Nadu,Rabi,Sandy,2.818745688915835,2357.511389946849,66452.25066982658,16.63805158,Low,0
57,68,81,17.17012591,17.30457712,8.081095263,72.78624223,chickpea,Tamil Nadu,Rabi,Sandy,3.2812199546436873,6933.5967163557325,227506.55903158375,17.30457712,Low,0
35,66,81,19.37101121,15.77458129,6.138243973,85.24819851,chickpea,Tamil Nadu,Rabi,Loamy,2.551984207059597,3967.931866396759,101260.9945773304,15.77458129,Low,0
35,64,78,17.92845928,14.27327988,7.496645259,85.37378769,chickpea,Tamil Nadu,Rabi,Loamy,4.592969387374218,4668.379779620643,214417.2541643441,14.27327988,Low,0
52,60,79,19.45339934,18.23490739,8.380185271,75.6317566,chickpea,Tamil Nadu,Rabi,Sandy,4.359793005144459,5401.306791310331,235485.79567394045,18.23490739,Low,0
27,76,83,19.12829388,14.92241479,6.289614016,89.61857826,chickpea,Tamil Nadu,Rabi,Loamy,2.363421162282649,3706.649760228622,87603.74484494232,14.92241479,Low,0
57,60,84,19.1034283,17.26184541,6.586777189,75.49101167,chickpea,Tamil Nadu,Rabi,Loamy,3.4619745108995077,2212.2600054702557,76587.87750420431,17.26184541,Low,0
52,68,78,17.48504075,16.96070581,6.89655198,86.05078037,chickpea,Tamil Nadu,Rabi,Loamy,5.51101608476691,5148.823729822683,283752.5039268236,16.96070581,Low,0
43,79,79,19.40751744,18.98030507,7.8067476560000015,80.25064637,chickpea,Tamil Nadu,Rabi,Sandy,2.4984050458474782,6366.959133110541,159072.42824868063,18.98030507,Low,0
44,74,85,20.18649426,19.63719995,7.150681303,78.26039559,chickpea,Tamil Nadu,Rabi,Loamy,2.238364326331866,6961.630004618301,155826.6425545915,19.63719995,Low,0
24,55,78,17.30287885,15.15405941,6.64919573,75.57790384,chickpea,Tamil Nadu,Rabi,Loamy,3.967127068017396,6457.884839410643,256192.49748565134,15.15405941,Low,0
29,77,75,17.50361137,15.48083156,7.778591617999999,72.9446671,chickpea,Tamil Nadu,Rabi,Sandy,3.313762500251328,4873.050336834832,161481.31468040368,15.48083156,Low,0
20,60,78,18.17234999,14.70085967,6.358740355,90.7760707,chickpea,Tamil Nadu,Rabi,Loamy,5.65758140487228,2393.2644530637285,135400.88466595177,14.70085967,Low,0
56,67,78,17.57445618,16.71826572,8.255450758,77.81891424,chickpea,Tamil Nadu,Rabi,Sandy,2.290951232730888,5333.046595583687,122177.49672363714,16.71826572,Low,0
37,66,85,20.93175255,18.91295403,6.456148474,78.06910795,chickpea,Tamil Nadu,Rabi,Loamy,3.496781185031046,2850.9019427234925,99689.80273683964,18.91295403,Low,0
49,71,76,19.71098332,17.63879418,6.613072145,85.57925437,chickpea,Tamil Nadu,Rabi,Loamy,2.198650954292861,6728.963379776563,147946.41756347456,17.63879418,Low,0
59,69,80,19.07937684,17.86754927,8.165359297,69.40619137,chickpea,Tamil Nadu,Rabi,Sandy,4.421332145845284,5239.209384143067,231642.84868926014,17.86754927,Low,0
20,79,77,18.54988627,16.02542689,7.64867466,76.32565249,chickpea,Tamil Nadu,Rabi,Sandy,3.007256156655059,3831.904345499145,115235.17934715579,16.02542689,Low,0
24,56,85,18.19903647,17.41333199,6.545888558,80.6405403,chickpea,Tamil Nadu,Rabi,Loamy,4.665939730297533,6367.02708659316,297081.64647215576,17.41333199,Low,0
51,72,75,18.88852533,14.99451145,7.1042247970000005,80.11133840000002,chickpea,Tamil Nadu,Rabi,Loamy,2.8268234071368386,2544.117452242489,71917.70764504405,14.99451145,Low,0
57,73,85,18.49311205,14.72115044,7.358099622,91.94595352,chickpea,Tamil Nadu,Rabi,Loamy,5.228273209058346,3056.7890146633017,159817.28111108002,14.72115044,Low,0
22,64,82,19.48974337,17.17260319,6.4740245000000005,87.51312796,chickpea,Tamil Nadu,Rabi,Loamy,2.297867826847674,5819.251306504829,133718.70353558738,17.17260319,Low,0
52,73,79,17.25769499,18.74943955,7.840339388999999,94.00287214,chickpea,Tamil Nadu,Rabi,Sandy,4.738379683987878,2279.46733232182,108009.81697787756,18.74943955,Low,0
29,75,75,19.62416326,18.71483156,7.064790365,88.4585692,chickpea,Tamil Nadu,Rabi,Loamy,3.4868991718121545,3115.8967905456025,108648.17938405611,18.71483156,Low,0
44,59,78,20.67526473,19.85388984,7.599033472,84.78344008,chickpea,Tamil Nadu,Rabi,Sandy,5.849971833579966,4266.52066034077,249590.25690380498,19.85388984,Low,0
41,69,82,20.02381489,16.63294455,6.715587232000001,68.97806542,chickpea,Tamil Nadu,Rabi,Loamy,4.744052386622934,5131.613343797382,243446.42530868063,16.63294455,Low,0
52,56,85,20.118744600000007,14.44228303,6.81712422,88.68168643,chickpea,Tamil Nadu,Rabi,Loamy,2.946816954793599,2070.744883712053,61021.06132374777,14.44228303,Low,0
34,76,80,20.65691793,15.84572566,7.985417393,65.23811143,chickpea,Tamil Nadu,Rabi,Sandy,2.8544813479795095,5830.703640897056,166436.34788536862,15.84572566,Low,0
42,74,83,19.2582557,14.2804191,7.545258424,65.78042032,chickpea,Tamil Nadu,Rabi,Sandy,5.376022225627762,2212.7459302877637,118957.71300894396,14.2804191,Low,0
34,71,79,17.927806,15.85622899,7.728998197,74.63872762,chickpea,Tamil Nadu,Rabi,Sandy,3.1073076481269397,5540.446399059795,172158.71469835864,15.85622899,Low,0
27,73,79,19.16288268,15.83500655,7.354973451,82.69766829,chickpea,Tamil Nadu,Rabi,Loamy,5.333836895900603,4675.906420542149,249405.22187666237,15.83500655,Low,0
30,70,79,20.26942271,19.96978871,7.313122235,69.64449182,chickpea,Tamil Nadu,Rabi,Loamy,3.3401438991645014,5757.782658870446,192318.2262074128,19.96978871,Low,0
57,57,75,17.09104223,18.25142068,7.785039076,87.27444866,chickpea,Tamil Nadu,Rabi,Sandy,3.4632011738225987,3902.150862410043,135139.33447131328,18.25142068,Low,0
27,79,82,17.06579293,17.54024066,6.307004922999999,70.87150577,chickpea,Tamil Nadu,Rabi,Loamy,4.575033297502527,6895.414466939287,315467.5078632788,17.54024066,Low,0
32,71,85,20.62767492,14.44008871,6.4039823160000005,92.06630306,chickpea,Tamil Nadu,Rabi,Loamy,2.0999373275619377,5704.339176172873,119787.54765119328,14.44008871,Low,0
31,76,82,20.8248451,17.85057083,7.599279991,79.20509212,chickpea,Tamil Nadu,Rabi,Sandy,2.1436766209894538,6432.337196257054,137888.50865937097,17.85057083,Low,0
33,75,84,19.46210401,18.72831993,7.217018459,68.81405149,chickpea,Tamil Nadu,Rabi,Loamy,3.755748383557465,3458.940827370392,129909.1142121727,18.72831993,Low,0
47,80,77,17.18248372,16.42891834,7.561108006,72.85017344,chickpea,Tamil Nadu,Rabi,Sandy,5.560360596971113,6843.48567072394,380522.4806942982,16.42891834,Low,0
54,62,80,17.48911699,16.39055394,7.489545074,79.45758333,chickpea,Tamil Nadu,Rabi,Loamy,3.1547130760193483,3922.523955338969,123744.37612906979,16.39055394,Low,0
47,79,78,17.48395377,14.76014523,6.609696734,65.11365631,chickpea,Tamil Nadu,Rabi,Loamy,4.869447530112241,1765.598757613746,85974.90509431498,14.76014523,Low,0
35,57,83,19.48316794,17.44534641,7.476800943,80.4986291,chickpea,Tamil Nadu,Rabi,Loamy,2.3590670869688686,6717.838849478198,158478.32525364828,17.44534641,Low,0
53,73,77,19.71359733,18.09665739,7.325451279,73.64476535,chickpea,Tamil Nadu,Rabi,Loamy,3.8332222191522063,6589.663477959526,252596.4446045026,18.09665739,Low,0
45,61,78,19.48649305,16.06240074,6.489389282,81.52842690000001,chickpea,Tamil Nadu,Rabi,Loamy,4.835641377586747,2935.7327140928464,141961.50585802412,16.06240074,Low,0
37,78,79,19.95264829,14.82633099,7.786366322,88.6810311,chickpea,Tamil Nadu,Rabi,Sandy,4.2752312705362865,2066.167041663238,88333.41946670125,14.82633099,Low,0
30,75,81,19.41789736,16.80472243,6.4084378860000015,68.4951189,chickpea,Tamil Nadu,Rabi,Loamy,4.808270003815262,6955.854211231701,334456.2515477746,16.80472243,Low,0
37,55,82,19.45591848,18.02235902,8.423873703,78.44910564,chickpea,Tamil Nadu,Rabi,Sandy,5.9389586660185,3792.583020391425,225239.93795548275,18.02235902,Low,0
53,65,76,20.19137759,16.41998269,8.719960893,77.33795356,chickpea,Tamil Nadu,Rabi,Sandy,2.9256298221853174,4496.5957543161985,131553.74637139353,16.41998269,Low,0
22,60,85,18.8392908,14.74071856,7.811997977000001,94.78189594,chickpea,Tamil Nadu,Rabi,Sandy,4.863657538815822,2332.182189270973,113429.35486739757,14.74071856,Low,0
60,61,78,20.71219282,19.83643308,6.317153205,94.03659867,chickpea,Tamil Nadu,Rabi,Loamy,3.6026125049566198,5567.4543804345685,200573.80771729088,19.83643308,Low,0
42,67,77,18.99424448,15.9362937,7.114405288,78.69707199,chickpea,Tamil Nadu,Rabi,Loamy,3.6391501528050445,6965.988234980376,253502.77149766975,15.9362937,Low,0
39,76,76,19.96837462,15.57324389,8.135900726000001,69.15759062,chickpea,Tamil Nadu,Rabi,Sandy,4.98259842824706,5355.29484607542,266832.8368285497,15.57324389,Low,0
35,63,76,17.81564548,17.60756635,7.714153037999999,90.82097601,chickpea,Tamil Nadu,Rabi,Sandy,4.397729670268317,5329.479881119499,234376.11800297283,17.60756635,Low,0
30,65,82,20.71424384,15.27824066,7.103798069,76.77888672,chickpea,Tamil Nadu,Rabi,Loamy,4.341549648013692,5775.651776016471,250752.78935213963,15.27824066,Low,0
57,56,78,17.34150229,18.75626255,8.861479668,67.9545435,chickpea,Tamil Nadu,Rabi,Sandy,4.195254445957884,5596.163865615542,234773.31337532462,18.75626255,Low,0
48,65,78,17.43732714,14.33847406,7.861128148,73.0926704,chickpea,Tamil Nadu,Rabi,Sandy,3.4408536741240368,6937.520358199744,238709.92413821892,14.33847406,Low,0
36,56,83,18.89780215,19.76182946,7.4526709,69.09512477,chickpea,Tamil Nadu,Rabi,Loamy,3.9212373360599173,5708.037378107577,223825.69282660988,19.76182946,Low,0
40,58,75,18.59190771,14.77959596,7.168096055,89.60982451,chickpea,Tamil Nadu,Rabi,Loamy,3.7373884445764904,5471.771044011578,204501.33871257113,14.77959596,Low,0
49,69,82,18.31561493,15.36143547,7.26311855,81.78710463,chickpea,Tamil Nadu,Rabi,Loamy,4.836493571857301,4474.944326901608,216430.39471478926,15.36143547,Low,0
13,60,25,17.13692774,20.59541693,5.68597166,128.256862,kidneybeans,Tamil Nadu,Kharif,Loamy,4.391565565015862,6192.352973206529,271941.2408355738,20.59541693,Low,1
25,70,16,19.63474332,18.90705639,5.759237003,106.3598183,kidneybeans,Tamil Nadu,Kharif,Loamy,4.831203259379069,1910.6553287816123,92307.64251959712,18.90705639,Low,1
31,55,22,22.91350245,21.33953114,5.873171894,109.225556,kidneybeans,Tamil Nadu,Kharif,Loamy,3.499055624423824,2799.4335093905574,97953.73566233554,21.33953114,Low,1
40,64,16,16.43340342,24.24045875,5.926676985,140.3717815,kidneybeans,Tamil Nadu,Kharif,Loamy,4.49270761029434,4137.657734989677,185892.86394781363,24.24045875,Low,1
2,61,20,22.13974653,23.02251117,5.95561668,76.64128258,kidneybeans,Tamil Nadu,Rabi,Loamy,4.57148180675643,3964.136173410049,181219.76396249095,23.02251117,Low,0
26,65,22,17.84806561,18.77621951,5.9499490810000015,143.09841709999995,kidneybeans,Tamil Nadu,Kharif,Loamy,4.967930236831287,2871.7750979704915,142667.78342586735,18.77621951,Low,1
17,57,21,19.88394011,20.31564139,5.789214288999999,60.91974792,kidneybeans,Tamil Nadu,Rabi,Loamy,3.345377088861214,6502.690243690802,217539.50957204553,20.31564139,Low,0
26,80,18,19.32509638,23.3334788,5.581021521,104.7783947,kidneybeans,Tamil Nadu,Kharif,Loamy,5.067296915424539,4038.9220075533854,204664.17030515554,23.3334788,Low,1
17,59,17,18.416700100000003,23.42829938,5.689858133,132.9801054,kidneybeans,Tamil Nadu,Kharif,Loamy,2.612031567792079,1894.8654336192235,49494.48329331438,23.42829938,Low,1
27,59,22,21.81167649,23.20591245,5.794158503999999,130.0608093,kidneybeans,Tamil Nadu,Kharif,Loamy,2.0838902065181104,6556.2651307140095,136625.36697231105,23.20591245,Low,1
28,58,24,19.72702528,18.28173015,5.748190462999999,143.7630894,kidneybeans,Tamil Nadu,Kharif,Loamy,3.4082115053940543,6991.674961666055,238291.0704632578,18.28173015,Low,1
25,57,19,17.15432954,19.87070659,5.566522896,87.99669731,kidneybeans,Tamil Nadu,Rabi,Loamy,5.393481135091524,4169.500211996734,224881.20736164495,19.87070659,Low,0
28,80,17,19.62207826,18.67170854,5.809419584,144.1567454,kidneybeans,Tamil Nadu,Kharif,Loamy,5.269362214564797,3178.3378591023593,167478.13419874743,18.67170854,Low,1
25,60,22,21.63149148,21.17919701,5.887263027,134.3649948,kidneybeans,Tamil Nadu,Kharif,Loamy,4.325270795904986,3685.685280607758,159415.8690710961,21.17919701,Low,1
12,78,23,16.06522754,18.72479695,5.99812453,88.06638775,kidneybeans,Tamil Nadu,Rabi,Loamy,4.429983531142792,6425.556190362029,284651.0810173641,18.72479695,Low,0
6,77,25,20.61162204,24.36314135,5.792744849,69.63833855,kidneybeans,Tamil Nadu,Rabi,Loamy,2.7053574499271074,1913.8119149690124,51775.453219206815,24.36314135,Low,0
22,79,17,21.42451099,20.39659714,5.912289889,116.5206923,kidneybeans,Tamil Nadu,Kharif,Loamy,3.1101936008919586,3238.6042878944877,100726.86332030695,20.39659714,Low,1
27,80,15,19.07096165,21.21092266,5.7883869510000014,86.21917578,kidneybeans,Tamil Nadu,Rabi,Loamy,2.1633590253105752,2386.869900133077,51636.56540695043,21.21092266,Low,0
10,55,23,21.18853178,19.63438599,5.728233081,137.1948633,kidneybeans,Tamil Nadu,Kharif,Loamy,3.095819637655054,2224.9397429197975,68880.12148730297,19.63438599,Low,1
23,65,20,23.0429097,22.42610972,5.833940084,108.3684316,kidneybeans,Tamil Nadu,Kharif,Loamy,4.94319279032186,4120.875459296132,203702.81860206922,22.42610972,Low,1
19,78,16,20.65375833,23.10538637,5.967533236,67.71768947,kidneybeans,Tamil Nadu,Rabi,Loamy,2.1794095572938494,4894.498297609367,106671.1636796833,23.10538637,Low,0
19,65,25,18.09551014,18.29318436,5.6250964460000015,144.7902323,kidneybeans,Tamil Nadu,Kharif,Loamy,3.5918667418571015,2998.5129261534457,107702.58854479181,18.29318436,Low,1
22,70,19,18.23775702,21.07643273,5.515615023,69.44951585,kidneybeans,Tamil Nadu,Rabi,Loamy,4.364431385786992,1718.1362041947532,74986.87574644509,21.07643273,Low,0
37,64,22,17.48189735,18.8251973,5.954665349,121.9401369,kidneybeans,Tamil Nadu,Kharif,Loamy,4.928248113267085,2631.513543885788,129687.51657691914,18.8251973,Low,1
11,71,17,19.9191786,21.47324158,5.74644777,82.68554379,kidneybeans,Tamil Nadu,Rabi,Loamy,4.220678451142545,5507.529162640363,232455.09655795325,21.47324158,Low,0
18,79,20,20.27514686,23.2353604,5.877347515,139.7521543,kidneybeans,Tamil Nadu,Kharif,Loamy,3.615196645076123,3043.989495082063,110046.20610267635,23.2353604,Low,1
21,63,17,15.77370214,19.2303162,5.979973965,108.3441414,kidneybeans,Tamil Nadu,Kharif,Loamy,2.401774337507359,1553.0549724524192,37300.87577574419,19.2303162,Low,1
24,80,22,16.71170642,19.17651433,5.635993966,96.77285817,kidneybeans,Tamil Nadu,Rabi,Loamy,5.765952605403646,6264.766627789156,361223.47459746693,19.17651433,Low,0
34,60,22,17.66148158,18.15302753,5.635231778,100.6711761,kidneybeans,Tamil Nadu,Kharif,Loamy,4.135376346732254,4232.637540644924,175035.49169874,18.15302753,Low,1
16,75,21,18.50692825,23.61670065,5.679224346,87.05132890000002,kidneybeans,Tamil Nadu,Rabi,Loamy,4.041179904234372,6533.538172648136,264032.0316685381,23.61670065,Low,0
17,77,23,24.51324787,20.81527638,5.670062975,64.19497947,kidneybeans,Tamil Nadu,Rabi,Loamy,2.321978865494304,2573.381505413735,59753.37468424608,20.81527638,Low,0
37,72,18,18.87614998,24.54038287,5.724242065,105.4120514,kidneybeans,Tamil Nadu,Kharif,Loamy,4.018267244501623,5481.113109946834,220245.77273107786,24.54038287,Low,1
40,73,20,21.59343016,20.31871249,5.811314232000001,61.13872036,kidneybeans,Tamil Nadu,Rabi,Loamy,2.375932737140034,5590.422764859216,132824.68461481915,20.31871249,Low,0
9,77,17,20.12373284,24.45202552,5.783425416,106.158201,kidneybeans,Tamil Nadu,Kharif,Loamy,3.1087845797174114,2496.993098678624,77626.13640832902,24.45202552,Low,1
1,62,23,15.43546065,18.37477907,5.607808432000001,139.0302034,kidneybeans,Tamil Nadu,Kharif,Loamy,5.0636044210723465,1641.091954578287,83098.40476588871,18.37477907,Low,1
33,59,22,22.64236876,21.59396123,5.946999529,122.3886015,kidneybeans,Tamil Nadu,Kharif,Loamy,4.838159400963789,4760.627451689075,230326.74459875788,21.59396123,Low,1
23,59,19,21.98560799,24.87304788,5.852046999,129.5650601,kidneybeans,Tamil Nadu,Kharif,Loamy,4.130485709407959,3559.6707342723976,147031.69098109874,24.87304788,Low,1
6,62,22,20.53052663,18.09224048,5.824090984,120.4509288,kidneybeans,Tamil Nadu,Kharif,Loamy,2.8913195649793706,3493.1371022594585,100997.75646918117,18.09224048,Low,1
25,63,20,15.78601387,21.14544088,5.502999119,95.17028129,kidneybeans,Tamil Nadu,Rabi,Loamy,2.238394013729972,2520.4071259629463,56416.64222917822,21.14544088,Low,0
7,79,23,19.6365349,19.68751084,5.821649914,96.65888933,kidneybeans,Tamil Nadu,Rabi,Loamy,4.929943062097136,4426.601949847427,218228.95571315978,19.68751084,Low,0
8,72,17,20.57341244,19.7520218,5.711439256,87.87869161,kidneybeans,Tamil Nadu,Rabi,Loamy,4.081101056788441,1567.7876154718265,63982.99694321901,19.7520218,Low,0
27,64,15,20.16080524,24.84207559,5.514927264,138.2362122,kidneybeans,Tamil Nadu,Kharif,Loamy,2.1264703222113477,5120.2982872318635,108881.62348668152,24.84207559,Low,1
28,66,23,21.53989176,24.25386207,5.99616119,120.6913038,kidneybeans,Tamil Nadu,Kharif,Loamy,5.422367236728297,1780.1884405595738,96528.35475292671,24.25386207,Low,1
32,57,18,15.53834801,23.75560241,5.695422862999999,107.3850593,kidneybeans,Tamil Nadu,Kharif,Loamy,2.793072012776126,4244.463052784782,118550.90961995491,23.75560241,Low,1
27,56,22,19.91853092,20.70099804,5.833010957999999,108.6434544,kidneybeans,Tamil Nadu,Kharif,Loamy,4.1140645794430775,4305.996943049976,177151.49502592077,20.70099804,Low,1
17,77,24,20.76952209,18.93146941,5.568456899,109.0193712,kidneybeans,Tamil Nadu,Kharif,Loamy,5.423814798645817,6855.032371310897,371804.2602071218,18.93146941,Low,1
0,65,15,23.46168338,23.22197648,5.645435626,95.84253438,kidneybeans,Tamil Nadu,Rabi,Loamy,4.276992261152986,4633.770349866938,198185.9992634106,23.22197648,Low,0
13,72,21,24.32116642,21.0278674,5.821194486,60.27552528,kidneybeans,Tamil Nadu,Rabi,Loamy,5.205704030667144,2512.8553632186276,130811.81292790761,21.0278674,Low,0
34,60,23,20.12574053,24.96969858,5.659254981,100.0497183,kidneybeans,Tamil Nadu,Kharif,Loamy,5.32050936011245,6145.231207127722,326957.6015757817,24.96969858,Low,1
9,80,19,21.80619564,18.57086554,5.945465949,125.0972687,kidneybeans,Tamil Nadu,Kharif,Loamy,4.6161315142781145,2945.38127531975,135962.6732656816,18.57086554,Low,1
11,72,20,19.52226241,24.92607153,5.9511774520000005,113.334026,kidneybeans,Tamil Nadu,Kharif,Loamy,4.818221123216809,2445.4335737164824,117826.39700304324,24.92607153,Low,1
3,67,24,17.00067625,19.90790546,5.520880013999999,103.2926407,kidneybeans,Tamil Nadu,Kharif,Loamy,3.2807817551101217,2285.503894860354,74982.39479490972,19.90790546,Low,1
35,69,23,16.78791503,24.96881755,5.578410206,75.45328039,kidneybeans,Tamil Nadu,Rabi,Loamy,5.858121051076209,5451.121217890342,319333.27958491596,24.96881755,Low,0
3,77,25,24.84906168,22.89464642,5.608165195,62.21292186,kidneybeans,Tamil Nadu,Rabi,Loamy,4.069411690363301,6021.426123075767,245036.61857903496,22.89464642,Low,0
23,62,19,16.51783455,20.4555596,5.609435127999999,98.77794225,kidneybeans,Tamil Nadu,Rabi,Loamy,4.613704834941967,2525.9199528922964,116538.49099335574,20.4555596,Low,0
22,71,17,18.15300153,19.38602098,5.509295379,107.6907964,kidneybeans,Tamil Nadu,Kharif,Loamy,2.2646591746614106,2783.7816192827713,63043.16584362526,19.38602098,Low,1
31,79,25,23.18864385,22.3104551,5.902033406,63.38208822,kidneybeans,Tamil Nadu,Rabi,Loamy,2.5321392091378505,5262.917865334825,133264.4068128639,22.3104551,Low,0
34,59,18,23.38002569,21.98879437,5.744117663,87.66898664,kidneybeans,Tamil Nadu,Rabi,Loamy,4.708903324782666,3255.3266618472835,153290.18541226332,21.98879437,Low,0
12,63,17,18.358923,19.37703396,5.717143397,138.414764,kidneybeans,Tamil Nadu,Kharif,Loamy,5.301752293564352,2823.0879844459105,149673.1319647007,19.37703396,Low,1
27,56,20,19.25975367,20.51346956,5.542690119,94.9533526,kidneybeans,Tamil Nadu,Rabi,Loamy,4.674481735620121,2903.9497210677982,135744.59932290568,20.51346956,Low,0
7,63,24,22.95458237,24.03553105,5.858617867,107.7315386,kidneybeans,Tamil Nadu,Kharif,Loamy,4.763775685156417,2895.4086046929815,137930.7710962909,24.03553105,Low,1
24,67,22,20.120043,22.89845607,5.618844277000001,104.6252153,kidneybeans,Tamil Nadu,Kharif,Loamy,4.756011276564651,4678.250291358979,222498.1114029517,22.89845607,Low,1
11,71,24,21.14011423,22.7182355,5.6066203460000015,141.6056722,kidneybeans,Tamil Nadu,Kharif,Loamy,4.3099236052084615,1579.7456285771782,68085.82974829659,22.7182355,Low,1
37,74,15,24.92360104,18.22590825,5.582178402,62.7089169,kidneybeans,Tamil Nadu,Rabi,Loamy,5.4115746532539575,3075.2725193654614,166420.6681764657,18.22590825,Low,0
25,76,24,15.33042636,24.91506728,5.56503533,135.3315583,kidneybeans,Tamil Nadu,Kharif,Loamy,2.6870659261220133,1645.4155951351295,44213.401799973806,24.91506728,Low,1
34,66,17,18.81097271,21.27833035,5.889614577000001,125.084915,kidneybeans,Tamil Nadu,Kharif,Loamy,2.6638734160206297,6997.773259184528,186411.82156481704,21.27833035,Low,1
20,69,15,23.44260668,22.77255917,5.934136378,107.4137246,kidneybeans,Tamil Nadu,Kharif,Loamy,2.5225881000109673,6172.135127324531,155697.5462384854,22.77255917,Low,1
37,65,16,22.8352024,18.97267518,5.683548308,63.59276673,kidneybeans,Tamil Nadu,Rabi,Loamy,4.86906392422388,5871.28559238191,285876.6486668219,18.97267518,Low,0
18,74,15,24.9035819,22.27512704,5.70836603,146.4727237,kidneybeans,Tamil Nadu,Kharif,Loamy,5.29670931498749,6992.69981160398,370382.9822903407,22.27512704,Low,1
4,67,25,23.78709569,24.35679348,5.948164454,119.6404412,kidneybeans,Tamil Nadu,Kharif,Loamy,5.404164583847255,6026.818611961208,325699.1969603223,24.35679348,Low,1
37,56,25,22.05592283,19.60379304,5.774755143999999,126.7265372,kidneybeans,Tamil Nadu,Kharif,Loamy,4.106109110076531,5036.900412962856,206820.62672215022,19.60379304,Low,1
5,59,15,18.87492997,20.18238348,5.97229163,134.1811718,kidneybeans,Tamil Nadu,Kharif,Loamy,3.5360130034537627,3942.6290925355124,139411.8773900068,20.18238348,Low,1
11,61,21,18.62328774,23.02410338,5.532100554,135.33780330000002,kidneybeans,Tamil Nadu,Kharif,Loamy,4.388659766494328,1788.5740414069014,78494.42934918628,23.02410338,Low,1
22,80,20,23.00884744,18.86880997,5.669560726,100.118612,kidneybeans,Tamil Nadu,Kharif,Loamy,3.7160877540885764,6567.689912263918,244061.12055615024,18.86880997,Low,1
12,61,19,19.33162606,24.13995025,5.655726817000001,68.51253427,kidneybeans,Tamil Nadu,Rabi,Loamy,2.4578637401498,5039.338621539084,123860.0767221739,24.13995025,Low,0
5,74,21,16.24469193,21.35793891,5.591704013999999,66.97053257,kidneybeans,Tamil Nadu,Rabi,Loamy,5.117542565281461,5906.161207394528,302250.3137625564,21.35793891,Low,0
27,69,22,17.91652287,24.90814655,5.932323085,69.14681022,kidneybeans,Tamil Nadu,Rabi,Loamy,5.18065453569919,2927.2308544937755,151649.71803371795,24.90814655,Low,0
31,75,18,15.46789263,21.43780702,5.824208308999999,88.88796102,kidneybeans,Tamil Nadu,Rabi,Loamy,5.930376559177443,5079.918532445715,301258.2978734714,21.43780702,Low,0
36,68,20,17.06104474,23.77201471,5.86442953,81.83420522,kidneybeans,Tamil Nadu,Rabi,Loamy,2.4023987736485295,4781.549502365189,114871.88660621867,23.77201471,Low,0
5,65,16,21.32776028,18.48522915,5.866744372,109.1013261,kidneybeans,Tamil Nadu,Kharif,Loamy,3.4468474780183116,4919.727606200167,169575.50691968115,18.48522915,Low,1
32,79,15,23.90910104,20.74619325,5.706198621,81.60211243,kidneybeans,Tamil Nadu,Rabi,Loamy,2.373078405165055,5002.675634068059,118717.41515252308,20.74619325,Low,0
11,78,22,23.89756791,22.74378977,5.940546818,112.6616435,kidneybeans,Tamil Nadu,Kharif,Loamy,2.052235006937313,4769.328315341805,97877.82528321813,22.74378977,Low,1
0,55,22,22.98666928,20.57940608,5.916779289,143.85849380000005,kidneybeans,Tamil Nadu,Kharif,Loamy,2.2117856776425846,3723.9644639065377,82366.11265318426,20.57940608,Low,1
14,59,15,21.35135729,22.91244883,5.779090476,146.4548645,kidneybeans,Tamil Nadu,Kharif,Loamy,5.063811635128037,3616.5878659760183,183137.1971519224,22.91244883,Low,1
29,68,23,24.1638445,19.27907819,5.82738029,116.7324324,kidneybeans,Tamil Nadu,Kharif,Loamy,5.660697549953221,6226.6973795090125,352474.5060048681,19.27907819,Low,1
32,68,19,24.62835037,18.18325169,5.514234138,149.7441028,kidneybeans,Tamil Nadu,Kharif,Loamy,5.652755718869461,6315.394535170611,356993.82575602614,18.18325169,Low,1
17,64,17,21.02213209,24.93896255,5.662699104,124.6118471,kidneybeans,Tamil Nadu,Kharif,Loamy,2.3415746816944427,5499.870511607027,128783.57542576877,24.93896255,Low,1
13,69,19,17.30844532,20.01730914,5.86390397,115.199245,kidneybeans,Tamil Nadu,Kharif,Loamy,4.212380130369821,6894.036354357393,290403.01757142285,20.01730914,Low,1
14,67,22,23.82576704,24.75485098,5.624690247999999,84.64143632,kidneybeans,Tamil Nadu,Rabi,Loamy,4.443774880419651,6492.051038959912,288492.13329332357,24.75485098,Low,0
9,69,20,19.30607278,23.96362799,5.591560999,129.3449326,kidneybeans,Tamil Nadu,Kharif,Loamy,4.301955390770558,6407.003040860488,275626.4127031313,23.96362799,Low,1
20,73,22,16.03768615,22.33195853,5.976312537999999,130.3900798,kidneybeans,Tamil Nadu,Kharif,Loamy,2.1272915300745776,6305.279135799248,134131.66900341693,22.33195853,Low,1
40,78,20,19.18572809,20.83398341,5.669236258,80.15293435,kidneybeans,Tamil Nadu,Rabi,Loamy,2.4279064137161925,4861.9857324288505,118044.46343160626,20.83398341,Low,0
27,72,23,19.92889503,21.79992115,5.961934481,64.02640797,kidneybeans,Tamil Nadu,Rabi,Loamy,3.809678863431841,5072.730309297409,193254.73439220403,21.79992115,Low,0
14,67,15,19.56376468,24.67385131,5.690065688,139.2921004,kidneybeans,Tamil Nadu,Kharif,Loamy,4.968912431855301,3872.6182322070576,192427.00877843148,24.67385131,Low,1
7,56,18,18.31357543,24.32991649,5.698371311,76.14153904,kidneybeans,Tamil Nadu,Rabi,Loamy,4.7111118221115715,3469.9337101565143,163472.45723861823,24.32991649,Low,0
27,65,18,20.10993761,23.22323766,5.59503163,73.36386477,kidneybeans,Tamil Nadu,Rabi,Loamy,2.4702389326367493,2449.1029313421104,60498.69411036068,23.22323766,Low,0
30,63,16,23.60506572,21.90539577,5.5259045260000015,100.5978728,kidneybeans,Tamil Nadu,Kharif,Loamy,3.640445975859096,3178.170141295742,115699.56701475618,21.90539577,Low,1
37,70,25,19.73136909,24.89487354,5.819403771,84.06354115,kidneybeans,Tamil Nadu,Rabi,Loamy,2.2002711391239327,3450.106345912649,75911.69419819933,24.89487354,Low,0
27,63,19,20.93409877,21.1893007,5.562201934,133.1914419,kidneybeans,Tamil Nadu,Kharif,Loamy,4.646157160528892,2261.5422801700847,105074.80858851077,21.1893007,Low,1
22,60,24,18.78226261,20.24768314,5.630664753,104.2570723,kidneybeans,Tamil Nadu,Kharif,Loamy,2.339448782574067,5614.608246595358,131350.88427127828,20.24768314,Low,1
3,72,24,36.51268371,57.92887167,6.03160778,122.6539694,pigeonpeas,Tamil Nadu,Kharif,Loamy,5.988265051033887,2675.426914112626,160211.65486376078,57.92887167,Medium,1
40,59,23,36.89163721,62.73178224,5.269084669,163.7266551,pigeonpeas,Tamil Nadu,Kharif,Clay,2.0347393531753784,6626.311398230873,134828.16568374925,62.73178224,High,1
33,73,23,29.23540524,59.38967583,5.985792703,103.3301803,pigeonpeas,Tamil Nadu,Kharif,Loamy,2.3198377852462766,3416.5536185524434,79258.50179637852,59.38967583,Medium,1
27,57,24,27.33534897,43.35795962,6.09186275,142.33036769999995,pigeonpeas,Tamil Nadu,Kharif,Loamy,4.925911156801478,1627.58561803865,80173.42154546214,43.35795962,Medium,1
10,79,18,21.0643684,55.46985938,5.624731337999999,184.6226709,pigeonpeas,Tamil Nadu,Kharif,Loamy,3.862940971795191,2738.127386950289,105772.24469044775,55.46985938,Medium,1
30,75,25,30.33276599,42.35249879,6.446091759,149.299952,pigeonpeas,Tamil Nadu,Kharif,Loamy,4.726853689103489,3507.411007348157,165790.18659285823,42.35249879,Medium,1
40,70,20,31.80130272,45.03186173,5.623490042999999,147.03614419999997,pigeonpeas,Tamil Nadu,Kharif,Loamy,5.144327360523159,3666.764588559645,188630.37397524825,45.03186173,Medium,1
38,55,19,33.18184225,38.23184742,5.864623352000001,198.8298806,pigeonpeas,Tamil Nadu,Kharif,Loamy,5.120625333137395,3987.1117815856796,204165.05594838204,38.23184742,Medium,1
35,58,20,29.38538562,63.47742011,5.761702519,90.05422663,pigeonpeas,Tamil Nadu,Rabi,Loamy,5.578386864768435,4698.432289731006,262096.72970039322,63.47742011,High,0
38,61,21,30.27374995,67.38680755,4.696518678,127.7767134,pigeonpeas,Tamil Nadu,Kharif,Clay,5.8892682095755,4337.786054217611,255463.85509043722,67.38680755,High,1
33,58,24,35.45790488,68.75810535,5.269504214,108.6333046,pigeonpeas,Tamil Nadu,Kharif,Clay,2.614287420933441,1994.9979549404832,52154.98058388845,68.75810535,High,1
16,56,17,33.80020039,40.03262418,7.445444882999999,176.6165894,pigeonpeas,Tamil Nadu,Kharif,Loamy,5.541040987396508,2582.931610941583,143121.29923869402,40.03262418,Medium,1
31,72,17,28.69180475,49.47225353,5.833031707999999,96.36222901,pigeonpeas,Tamil Nadu,Rabi,Loamy,2.9380159324019384,3884.312689557219,114121.72568350134,49.47225353,Medium,0
16,80,20,31.24021696,56.67369054,7.3393209289999986,122.0146733,pigeonpeas,Tamil Nadu,Kharif,Loamy,2.65800820891983,4632.230091080884,123125.05607698442,56.67369054,Medium,1
27,72,17,28.98039357,57.23265151,6.347929353,120.7435664,pigeonpeas,Tamil Nadu,Kharif,Loamy,5.9093806703070655,1802.7527498082477,106531.5225305977,57.23265151,Medium,1
40,62,19,27.32198928,34.13737127,4.697750704,96.51524028,pigeonpeas,Tamil Nadu,Rabi,Clay,3.5077323633927664,3056.4640522406416,107212.57873591097,34.13737127,Medium,0
18,58,16,21.47607807,38.80023714,4.962661422,180.382234,pigeonpeas,Tamil Nadu,Kharif,Clay,5.267594634042265,5261.920039386547,277176.61764232034,38.80023714,Medium,1
3,68,16,18.31910448,34.69776639,4.964887857,107.4721605,pigeonpeas,Tamil Nadu,Kharif,Clay,2.269546131127435,4965.763141002759,112700.28524758032,34.69776639,Medium,1
26,67,24,36.97794384,37.73992903,5.642813116,161.48129630000005,pigeonpeas,Tamil Nadu,Kharif,Loamy,3.2442437125978807,6300.0921592306995,204390.34376371405,37.73992903,Medium,1
16,70,20,24.80467592,40.1242747,5.6093956,121.5639121,pigeonpeas,Tamil Nadu,Kharif,Loamy,5.192230618831665,6128.386433759531,318199.95685398835,40.1242747,Medium,1
24,63,19,19.3479443,55.96805489,4.681576043,194.5921148,pigeonpeas,Tamil Nadu,Kharif,Clay,3.810844169316453,4353.934658410753,165921.66506589443,55.96805489,Medium,1
9,76,25,28.88302142,50.12323801,5.70951224,179.2155874,pigeonpeas,Tamil Nadu,Kharif,Loamy,2.137807924267197,3461.265482233928,73995.20775912213,50.12323801,Medium,1
16,55,19,19.54314136,47.19188279,6.413543781,192.4372194,pigeonpeas,Tamil Nadu,Kharif,Loamy,2.049250225890387,5412.4325952235995,110914.28718378455,47.19188279,Medium,1
28,75,21,24.7741949,50.54621094,6.007508163,114.2821387,pigeonpeas,Tamil Nadu,Kharif,Loamy,4.728545028365682,2225.0892610437572,105214.34762978328,50.54621094,Medium,1
16,71,24,18.33124824,38.40975482,4.946369874,139.64833169999997,pigeonpeas,Tamil Nadu,Kharif,Clay,4.377786265673862,2074.9996249977276,90839.04859593466,38.40975482,Medium,1
24,70,21,19.14729038,45.3733757,5.517208078,132.7748215,pigeonpeas,Tamil Nadu,Kharif,Loamy,2.236475167580362,4532.43914147721,101366.87588483036,45.3733757,Medium,1
38,72,21,28.23416057,49.4421345,5.902103172,186.5008581,pigeonpeas,Tamil Nadu,Kharif,Loamy,5.801198277297822,6172.188916306783,358060.9170843562,49.4421345,Medium,1
9,66,21,30.11812084,34.13307843,5.719889876,157.0858232,pigeonpeas,Tamil Nadu,Kharif,Loamy,5.930137928331474,1773.415938674093,105166.01120638804,34.13307843,Medium,1
34,56,17,33.4126864,35.42910045,4.548202098,139.6702541,pigeonpeas,Tamil Nadu,Kharif,Clay,2.0158068369532804,6542.26824383521,131879.4905510535,35.42910045,Medium,1
1,76,19,24.18553163,46.68746847,6.6695294160000005,177.3377996,pigeonpeas,Tamil Nadu,Kharif,Loamy,2.767462302870852,3740.4687306027417,103516.06207010277,46.68746847,Medium,1
6,69,19,26.88630675,41.69617915,4.7509292180000005,94.46748008,pigeonpeas,Tamil Nadu,Rabi,Clay,4.636804100247172,6529.4879693651765,302759.56588867033,41.69617915,Medium,0
26,73,21,31.33170829,57.97429171,4.946263888,161.7820226,pigeonpeas,Tamil Nadu,Kharif,Clay,3.925715761065258,1692.5544496989828,66444.87679644431,57.97429171,Medium,1
27,61,18,33.30711818,67.07780816,5.266227032,108.5090168,pigeonpeas,Tamil Nadu,Kharif,Clay,3.775264230257431,2474.285573235882,93410.8182007943,67.07780816,High,1
27,71,23,23.45379018,46.48714759,7.10959773,150.87122019999995,pigeonpeas,Tamil Nadu,Kharif,Loamy,3.4005286093281164,5498.849807930912,186989.96090267482,46.48714759,Medium,1
36,61,21,34.53823889,39.04468913,5.617008201,168.5948318,pigeonpeas,Tamil Nadu,Kharif,Loamy,5.062359674100377,4571.017287481305,231401.3358576105,39.04468913,Medium,1
17,73,18,19.50112224,34.51086611,5.632353113,197.3752649,pigeonpeas,Tamil Nadu,Kharif,Loamy,4.833883779774045,6116.986725350489,295688.0291276488,34.51086611,Medium,1
26,72,22,28.76794904,37.57792132,4.674941549,91.72084869,pigeonpeas,Tamil Nadu,Rabi,Clay,3.586564347000858,2343.310576517176,84044.34167686528,37.57792132,Medium,0
17,64,16,30.97758716,32.24914235,7.161797643,180.716828,pigeonpeas,Tamil Nadu,Kharif,Loamy,3.5254972675980922,4536.927577593058,159949.2577809476,32.24914235,Medium,1
14,74,19,18.39759147,36.82639309,6.624966131,93.12330644,pigeonpeas,Tamil Nadu,Rabi,Loamy,4.392237210403768,5625.7688611126205,247097.11328909677,36.82639309,Medium,0
39,60,15,35.09357419,30.98685456,5.004074623999999,116.9106908,pigeonpeas,Tamil Nadu,Kharif,Clay,2.305735434088618,3929.1889600990353,90596.70212530154,30.98685456,Medium,1
6,66,15,34.93174223,30.40046769,6.3458060110000005,159.2649827,pigeonpeas,Tamil Nadu,Kharif,Loamy,3.7123256707688923,3424.3386385779004,127122.6023339854,30.40046769,Medium,1
8,59,18,29.50523036,35.72032498,6.216814453,187.8961851,pigeonpeas,Tamil Nadu,Kharif,Loamy,3.8338673009936013,3062.8062549537203,117423.9275014574,35.72032498,Medium,1
2,67,18,34.51934775,47.52980027,5.921666758,129.0064612,pigeonpeas,Tamil Nadu,Kharif,Loamy,3.042433890886628,5429.047490329275,165175.1807981078,47.52980027,Medium,1
1,76,17,28.43430726,52.10010827,6.012719118,147.0414824,pigeonpeas,Tamil Nadu,Kharif,Loamy,2.7687475636289687,5388.495054507476,149193.82553794322,52.10010827,Medium,1
16,73,19,18.41645629,34.80541039,4.684079249,163.27474730000003,pigeonpeas,Tamil Nadu,Kharif,Clay,5.817166613576656,4994.947423289319,290564.4138732937,34.80541039,Medium,1
23,75,25,31.07508973,47.19847683,7.077170002000001,91.31256412,pigeonpeas,Tamil Nadu,Rabi,Loamy,5.4312536178050745,1757.4326603777392,95450.62494725393,47.19847683,Medium,0
32,70,20,20.89342749,46.24856523,6.208843215,195.5697875,pigeonpeas,Tamil Nadu,Kharif,Loamy,2.7701887630469373,4460.156888892587,123554.76495036631,46.24856523,Medium,1
28,59,22,30.90607799,52.79913039,7.05181629,170.99198280000005,pigeonpeas,Tamil Nadu,Kharif,Loamy,3.932733897435085,5412.951765430262,212876.98893088676,52.79913039,Medium,1
5,62,23,27.9348279,66.45457122,4.722222454,145.3728801,pigeonpeas,Tamil Nadu,Kharif,Clay,3.4117943712149055,4143.865583213777,141380.17271879938,66.45457122,High,1
36,67,25,35.95176642,36.52780776,6.418062652000001,136.0456753,pigeonpeas,Tamil Nadu,Kharif,Loamy,3.365843923922353,2479.866392683235,83468.43229952111,36.52780776,Medium,1
1,66,23,19.54317155,56.92831399,4.803564468,173.1686574,pigeonpeas,Tamil Nadu,Kharif,Clay,4.715720276880214,4248.665202254344,200355.16643946187,56.92831399,Medium,1
24,73,20,19.63736208,32.31528909,4.608695247,176.4134092,pigeonpeas,Tamil Nadu,Kharif,Clay,2.6369424752637767,3734.674284535375,98481.21252166686,32.31528909,Medium,1
17,67,18,31.2192752,56.46868874,5.611510977000001,129.20286529999998,pigeonpeas,Tamil Nadu,Kharif,Loamy,4.818888743283527,4841.590706935103,233310.869572357,56.46868874,Medium,1
5,55,18,33.50876355,45.70976142,7.322097972000001,126.6738117,pigeonpeas,Tamil Nadu,Kharif,Loamy,3.7594926450207087,4120.803304517162,154921.29714909304,45.70976142,Medium,1
5,56,24,24.80710166,45.01110015,5.023115055,188.4928637,pigeonpeas,Tamil Nadu,Kharif,Clay,3.9344723506648576,3607.376813023999,141931.24329272436,45.01110015,Medium,1
37,77,17,36.20970524,31.94550613,5.617122801,191.0658531,pigeonpeas,Tamil Nadu,Kharif,Loamy,3.3871880005633,6355.384417028504,215268.81836325934,31.94550613,Medium,1
13,73,20,30.50420876,35.48885969,5.391560417999999,162.59277230000004,pigeonpeas,Tamil Nadu,Kharif,Clay,5.322066928451468,5557.355855502508,295766.19808206015,35.48885969,Medium,1
6,63,23,26.01630259,49.94704718,5.906596905,160.33374469999995,pigeonpeas,Tamil Nadu,Kharif,Loamy,2.0376260226549032,5639.952173088557,114921.13314414315,49.94704718,Medium,1
16,77,22,31.48469278,35.6395615,6.574209678,100.546816,pigeonpeas,Tamil Nadu,Kharif,Loamy,2.414266089687467,2154.975632685731,52026.845940959545,35.6395615,Medium,1
25,64,20,33.15122581,32.45974539,4.807776748999999,105.03802749999998,pigeonpeas,Tamil Nadu,Kharif,Clay,5.7585770184591745,4234.097142699802,243823.74499874737,32.45974539,Medium,1
34,75,24,23.50222822,51.29019509,4.760038038999999,192.3023991,pigeonpeas,Tamil Nadu,Kharif,Clay,5.097409846449856,3621.9690053443514,184626.60471378488,51.29019509,Medium,1
20,77,23,34.87248659,38.83786012,5.180271502,148.25027859999997,pigeonpeas,Tamil Nadu,Kharif,Clay,4.42556355423835,4571.133218136858,202298.4057175474,38.83786012,Medium,1
35,80,25,28.09269012,44.93322042,4.895927306,197.1144011,pigeonpeas,Tamil Nadu,Kharif,Clay,4.252558439099538,6691.927168502557,284578.11354255024,44.93322042,Medium,1
14,75,24,24.54757829,57.3414485,6.436160044,118.3606557,pigeonpeas,Tamil Nadu,Kharif,Loamy,5.809689092062857,5551.770243503481,322540.59025321325,57.3414485,Medium,1
36,80,21,33.64769646,48.41490082,7.066087261,100.4673278,pigeonpeas,Tamil Nadu,Kharif,Loamy,5.632238254627323,4083.6825313678983,230002.7297292362,48.41490082,Medium,1
7,77,18,20.5591255,60.54880693,6.655918077999999,191.0895109,pigeonpeas,Tamil Nadu,Kharif,Loamy,2.9865626940995242,5804.860572553478,173365.8003043742,60.54880693,High,1
29,78,25,19.95991719,59.33157782,5.982854522999999,195.787103,pigeonpeas,Tamil Nadu,Kharif,Loamy,5.740601566035625,2715.855345781538,155906.4345111972,59.33157782,Medium,1
30,60,21,28.87667593,62.4901206,5.457871272999999,182.2688175,pigeonpeas,Tamil Nadu,Kharif,Clay,5.149961556433934,4811.373902988495,247783.90634020237,62.4901206,High,1
20,74,16,36.04353699,43.61444121,4.759490199,159.8938645,pigeonpeas,Tamil Nadu,Kharif,Clay,4.722558468000931,3777.9660850585865,178416.65726813753,43.61444121,Medium,1
19,57,23,23.6734328,47.2879691,7.342409555,141.12507219999995,pigeonpeas,Tamil Nadu,Kharif,Loamy,3.369404693749773,2610.798044183307,87968.35184503961,47.2879691,Medium,1
3,60,19,25.74679443,40.7192594,4.820788186000001,100.7791633,pigeonpeas,Tamil Nadu,Kharif,Clay,4.981305212760853,2287.328388558763,113938.80825223649,40.7192594,Medium,1
5,77,19,31.08564994,66.68832981,6.242052013,175.9303271,pigeonpeas,Tamil Nadu,Kharif,Loamy,2.695861229299824,6747.765008286588,181910.38070265818,66.68832981,High,1
5,68,20,18.72987676,61.33186249,5.001038726,139.8710041,pigeonpeas,Tamil Nadu,Kharif,Clay,2.4243103825428283,3615.8983250438487,87660.59851623024,61.33186249,High,1
37,73,21,29.50304807,63.46513414,5.560224582999999,189.5208915,pigeonpeas,Tamil Nadu,Kharif,Loamy,4.599983791826354,6569.804601846111,302209.94683958305,63.46513414,High,1
9,59,24,20.43517772,39.37252634,4.747352458,137.22796619999997,pigeonpeas,Tamil Nadu,Kharif,Clay,4.443360995112338,4244.466721531645,188596.97875506053,39.37252634,Medium,1
20,72,15,36.00415838,56.01334416,7.313517308,134.8596466,pigeonpeas,Tamil Nadu,Kharif,Loamy,2.066980484356726,3748.782622237216,77486.60520259957,56.01334416,Medium,1
31,56,23,31.46846241,35.39454002,5.661826398,174.5723999,pigeonpeas,Tamil Nadu,Kharif,Loamy,2.714080027591109,2067.2803570202263,56107.64328420014,35.39454002,Medium,1
0,70,21,36.30049702,56.03021253,4.672437054,101.6073988,pigeonpeas,Tamil Nadu,Kharif,Clay,3.1544681190964363,1517.570950497647,47871.29181811703,56.03021253,Medium,1
21,74,15,29.49096726,67.10604388,6.471862118,153.2504506,pigeonpeas,Tamil Nadu,Kharif,Loamy,5.057667528495898,4429.991627732155,224054.2480708961,67.10604388,High,1
13,67,18,30.5753044,34.75591197,5.384762927000001,177.5764304,pigeonpeas,Tamil Nadu,Kharif,Clay,3.5225564722562694,1807.6043198775008,63673.88296262882,34.75591197,Medium,1
27,74,20,24.69487673,59.96669215,5.8598134160000015,91.95792434,pigeonpeas,Tamil Nadu,Rabi,Loamy,2.9137212630067904,2527.5986704906136,73647.17990556195,59.96669215,Medium,0
29,72,24,23.17409556,36.67847052,6.962386495,162.5931264,pigeonpeas,Tamil Nadu,Kharif,Loamy,4.043601038564828,3213.695611427057,129949.02911997678,36.67847052,Medium,1
5,68,20,19.04380471,33.10695144,6.12166671,155.3705624,pigeonpeas,Tamil Nadu,Kharif,Loamy,2.236142575199679,2128.339666190616,47592.709420551095,33.10695144,Medium,1
39,57,19,29.32379604,45.93248374,6.421748487,165.4113371,pigeonpeas,Tamil Nadu,Kharif,Loamy,2.9957973739335615,5260.657592628097,157598.64201158902,45.93248374,Medium,1
22,62,16,34.6455408,54.32342534,4.828936119,180.9009998,pigeonpeas,Tamil Nadu,Kharif,Clay,4.871035137012591,4104.426478657051,199928.05594823352,54.32342534,Medium,1
18,55,23,21.9989826,56.31006755,6.98571967,136.82743119999998,pigeonpeas,Tamil Nadu,Kharif,Loamy,4.798863732709307,6263.364907469099,300570.3469917765,56.31006755,Medium,1
39,77,21,22.99774444,60.24218572,4.603563116,159.689339,pigeonpeas,Tamil Nadu,Kharif,Clay,3.763354292500231,6317.8902976915215,237764.5957136295,60.24218572,High,1
13,75,20,30.55992394,35.29006485,6.979540061,178.8998611,pigeonpeas,Tamil Nadu,Kharif,Loamy,5.311507190781158,4703.645170053664,249834.45143623097,35.29006485,Medium,1
27,71,24,31.46417866,48.17631461,7.064973419,165.40535400000005,pigeonpeas,Tamil Nadu,Kharif,Loamy,4.006490524884624,4110.965899336241,164705.45923814445,48.17631461,Medium,1
26,64,22,25.95058595,40.58227261,5.16516459,109.1821183,pigeonpeas,Tamil Nadu,Kharif,Clay,5.612441389542459,4173.179055448989,234217.2285677361,40.58227261,Medium,1
23,55,16,21.01142393,69.69141302,5.111488821,185.2039114,pigeonpeas,Tamil Nadu,Kharif,Clay,4.152683514839807,3098.1031518881937,128654.41886119348,69.69141302,High,1
4,69,19,19.25100056,47.70351758,5.374358869,149.063196,pigeonpeas,Tamil Nadu,Kharif,Clay,2.355343879836276,5547.580721455317,130664.60300177493,47.70351758,Medium,1
20,67,19,19.24462755,50.54495302,5.671419084,180.6465282,pigeonpeas,Tamil Nadu,Kharif,Loamy,4.244672224660665,6640.204993631079,281854.9370251888,50.54495302,Medium,1
7,74,17,22.47253208,62.56532471,5.667419697000001,96.74706956,pigeonpeas,Tamil Nadu,Rabi,Loamy,3.1834445240235767,6089.334159091425,193850.57483709307,62.56532471,High,0
17,64,18,36.75087487,58.25799145,6.07938452,124.6028153,pigeonpeas,Tamil Nadu,Kharif,Loamy,3.553170873912886,3790.4671766145084,134681.77570469482,58.25799145,Medium,1
35,71,17,29.89286629,66.35375127,6.931924962999999,198.1403003,pigeonpeas,Tamil Nadu,Kharif,Loamy,3.6936404973641004,3216.3446783962654,118800.20957605958,66.35375127,High,1
11,72,22,29.37735586,44.82294584,6.842744374,172.40168,pigeonpeas,Tamil Nadu,Kharif,Loamy,2.9831516949750374,6703.771126677965,199983.66199274088,44.82294584,Medium,1
20,60,22,29.65052947,42.89833235,6.876572502999999,186.9226052,pigeonpeas,Tamil Nadu,Kharif,Loamy,4.407654857646609,3285.3278404057382,144805.91214725995,42.89833235,Medium,1
10,71,18,19.54284889,66.34777265,6.151029296,173.11069819999997,pigeonpeas,Tamil Nadu,Kharif,Loamy,2.0356025387744747,2971.422602047992,60486.35392500748,66.34777265,High,1
33,61,24,20.04611791,48.93905624,4.567446499,122.4564203,pigeonpeas,Tamil Nadu,Kharif,Clay,3.55125195573429,3569.334329109115,126756.05516918286,48.93905624,Medium,1
3,49,18,27.91095209,64.70930606,3.692863601,32.67891866,mothbeans,Tamil Nadu,Rabi,Clay,4.8785472888383055,6688.4087459612965,326297.18354251893,64.70930606,High,0
22,59,23,27.32220619,51.27868781,4.371745575,36.5037914,mothbeans,Tamil Nadu,Rabi,Clay,4.956415192108979,4788.716552982533,237348.67473906372,51.27868781,Medium,0
36,58,25,28.66024187,59.3189118,8.399135957999999,36.92629678,mothbeans,Tamil Nadu,Rabi,Sandy,5.88788368708192,6460.84126485089,380406.81888141274,59.3189118,Medium,0
4,43,18,29.02955344,61.09387478,8.840656256,72.98016599,mothbeans,Tamil Nadu,Rabi,Sandy,3.1149022626860337,6123.121455837621,190729.24877490007,61.09387478,High,0
29,54,16,27.78031515,54.65030015,8.153022903,32.05025323,mothbeans,Tamil Nadu,Rabi,Sandy,4.45275850139539,5820.753986205425,259184.1179660731,54.65030015,Medium,0
32,43,22,31.99928579,54.1077461,5.270749441,71.6266696,mothbeans,Tamil Nadu,Rabi,Clay,2.021882506560268,6393.68169532403,129272.73172290255,54.1077461,Medium,0
14,55,15,27.33580911,55.27755933,8.050304395,73.44775287,mothbeans,Tamil Nadu,Rabi,Sandy,3.167132767846091,4356.41569070196,137973.46884381038,55.27755933,Medium,0
5,35,20,28.92952635,53.57014709,9.679240873,66.35634104,mothbeans,Tamil Nadu,Rabi,Sandy,2.5593720823083723,5286.821649476071,135309.43733812554,53.57014709,Medium,0
25,57,24,27.65472156,58.59986279,6.974978386,36.94255012,mothbeans,Tamil Nadu,Rabi,Loamy,3.544724925984462,6784.9061218876495,240506.2585071972,58.59986279,Medium,0
11,53,24,28.52396666,55.77264351,7.39389918,61.32935611,mothbeans,Tamil Nadu,Rabi,Loamy,3.2871817722431675,6424.830599188003,211195.86035400952,55.77264351,Medium,0
40,49,17,31.02215872,45.89239456,6.68727523,53.56783314,mothbeans,Tamil Nadu,Rabi,Loamy,3.906176038741967,3974.9440788480415,155268.3131613548,45.89239456,Medium,0
38,56,25,25.74095321,45.38497051,7.88118645,67.43488235,mothbeans,Tamil Nadu,Rabi,Sandy,4.968485749641417,6188.421733292053,307470.85194632807,45.38497051,Medium,0
27,43,23,31.70447482,56.85420099,5.875333778,44.94317432,mothbeans,Tamil Nadu,Rabi,Loamy,4.1104117146709385,2750.6031462823375,113061.11394889661,56.85420099,Medium,0
24,38,22,24.47876451,58.51663927,8.202706015,34.96933295,mothbeans,Tamil Nadu,Rabi,Sandy,3.8569628561285563,4766.614677048299,183846.55758852503,58.51663927,Medium,0
23,45,21,31.46511256,51.79939437,8.985348193,74.44330654,mothbeans,Tamil Nadu,Rabi,Sandy,5.905673639300364,5838.339999322755,344793.306312733,51.79939437,Medium,0
29,57,20,25.60973447,50.7330069,5.87707519,53.39249517,mothbeans,Tamil Nadu,Rabi,Loamy,4.714573194487906,6215.6593187995995,293041.80810481554,50.7330069,Medium,0
31,35,23,30.30260453,47.18283631,7.707595055,68.04039813,mothbeans,Tamil Nadu,Rabi,Sandy,3.6329693392032376,1950.2620051916865,70852.42068274422,47.18283631,Medium,0
0,55,25,28.17489437,43.6672299,4.524171562,45.78172762,mothbeans,Tamil Nadu,Rabi,Clay,2.3393857366553203,4233.375321365256,99034.97844710512,43.6672299,Medium,0
7,45,22,25.50634557,44.8302551,9.926212291,74.32635105,mothbeans,Tamil Nadu,Rabi,Sandy,5.045709862323369,3990.7986475301836,201364.1209438981,44.8302551,Medium,0
17,58,25,31.12896766,43.58788762,6.455592696,32.76742894,mothbeans,Tamil Nadu,Rabi,Loamy,2.5529276182518847,4578.0398663954975,116874.04412379234,43.58788762,Medium,0
11,44,17,26.34043268,55.59160391,8.016210782,35.1051197,mothbeans,Tamil Nadu,Rabi,Sandy,2.0936712460605573,4955.190951562006,103745.40814024826,55.59160391,Medium,0
22,49,22,28.23494706,61.5620517,3.71105919,72.66666443,mothbeans,Tamil Nadu,Rabi,Clay,5.14230210443605,3024.090827583906,155507.88626690477,61.5620517,High,0
9,51,19,27.04453473,49.32609633,5.49091063,48.25207759,mothbeans,Tamil Nadu,Rabi,Clay,2.4233596215298645,5063.397166099083,122704.32240093261,49.32609633,Medium,0
28,48,15,25.16125354,55.25435777,9.254089438,40.89732789,mothbeans,Tamil Nadu,Rabi,Sandy,4.254943618002741,4827.053613406839,205388.409661225,55.25435777,Medium,0
26,50,19,27.3179125,51.66921088,6.005242945,32.55919573,mothbeans,Tamil Nadu,Rabi,Loamy,5.759903358608456,5635.810475975395,324617.236890514,51.66921088,Medium,0
36,56,20,25.4123765,49.66474269,7.437078236,31.87416982,mothbeans,Tamil Nadu,Rabi,Loamy,4.599027490232318,6537.251884686363,300650.01128245617,49.66474269,Medium,0
8,60,18,31.21629982,46.01868196,3.808429173,53.1205277,mothbeans,Tamil Nadu,Rabi,Clay,5.958495849056467,6857.62827786725,408611.4962804426,46.01868196,Medium,0
24,37,21,30.573999,58.22686794,5.818219385,62.74803826,mothbeans,Tamil Nadu,Rabi,Loamy,5.681051756930582,4971.150800170462,282413.6498727528,58.22686794,Medium,0
22,43,24,25.42517036,53.22082660000001,4.52363558,46.19374559,mothbeans,Tamil Nadu,Rabi,Clay,4.907632415067327,6536.920763630168,320808.04234318074,53.22082660000001,Medium,0
36,43,24,27.09400578,43.65305437,3.510404312,41.53749535,mothbeans,Tamil Nadu,Rabi,Clay,4.120275643976814,2640.0067996228086,108775.55716419034,43.65305437,Medium,0
22,44,24,24.30935081,56.32938343,6.030447288,58.99536268,mothbeans,Tamil Nadu,Rabi,Loamy,2.809769046506498,3107.88712316722,87324.45038711383,56.32938343,Medium,0
17,43,22,30.06142622,45.90067655,5.498340807999999,41.0550915,mothbeans,Tamil Nadu,Rabi,Clay,5.182969094060506,4671.495698381056,242122.17827745614,45.90067655,Medium,0
8,45,15,28.09568993,60.98353839999999,4.61136408,33.84110759,mothbeans,Tamil Nadu,Rabi,Clay,2.9039698445361677,4339.985673557061,126031.87521728694,60.98353839999999,High,0
7,56,23,26.33908791,40.00933429,5.545219232000001,55.50429227,mothbeans,Tamil Nadu,Rabi,Loamy,3.366501591753669,5494.918217832044,184986.50926887812,40.00933429,Medium,0
36,57,16,28.61409059,57.14218792,8.292875733999999,57.02891698,mothbeans,Tamil Nadu,Rabi,Sandy,2.1321759560599896,2246.3909850277723,47897.008461861325,57.14218792,Medium,0
11,45,19,28.70012137,44.359648,3.828031463,44.11622138,mothbeans,Tamil Nadu,Rabi,Clay,4.200875089058513,5769.472986928507,242368.35347783982,44.359648,Medium,0
6,36,22,24.21610338,59.79236306,8.869532817,42.24783476,mothbeans,Tamil Nadu,Rabi,Sandy,5.823231604489744,6560.220061004794,382016.80791650753,59.79236306,Medium,0
17,57,20,28.50677929,45.20094476,3.793575185,66.1761456,mothbeans,Tamil Nadu,Rabi,Clay,5.579441399900483,6988.170416289905,389900.8733020769,45.20094476,Medium,0
4,47,20,25.97948991,64.95585424,4.193189124,72.19245835,mothbeans,Tamil Nadu,Rabi,Clay,4.053423052646623,3858.747834239162,156411.3742565525,64.95585424,High,0
9,49,16,30.88482722,41.36561835,7.661537347999999,55.053805,mothbeans,Tamil Nadu,Rabi,Sandy,5.067011352194417,6648.021603969455,336856.0093694696,41.36561835,Medium,0
25,51,24,25.5042419,61.66852372,9.392694614,65.07981523,mothbeans,Tamil Nadu,Rabi,Sandy,4.772281937649554,4013.1461373925868,191518.64824626717,61.66852372,High,0
36,44,21,25.12528913,51.33189406,4.516154055,38.48678973,mothbeans,Tamil Nadu,Rabi,Clay,3.355218643537473,5082.650691127327,170534.0435745903,51.33189406,Medium,0
21,38,20,27.10508014,63.56791363,5.794289715,62.20279647,mothbeans,Tamil Nadu,Rabi,Loamy,5.242181903758002,5586.78036246646,292869.1891639225,63.56791363,High,0
37,57,20,31.1006247,44.82069159,7.354286985,70.79934452,mothbeans,Tamil Nadu,Rabi,Loamy,2.963205789057014,2478.782358996249,73451.42235990087,44.82069159,Medium,0
32,48,18,26.45707778,56.40226277,5.993513566,64.16167699,mothbeans,Tamil Nadu,Rabi,Loamy,5.846610411163072,6188.955325001382,361844.10637376213,56.40226277,Medium,0
29,44,20,30.04132304,63.56222995,8.620107545,31.83192392,mothbeans,Tamil Nadu,Rabi,Sandy,4.865517295482415,6420.9024210468315,312410.1178220827,63.56222995,High,0
25,51,18,27.77799528,54.82130787,9.45949344,50.28438729,mothbeans,Tamil Nadu,Rabi,Sandy,4.306340656865229,3925.64644272215,169051.70880772755,54.82130787,Medium,0
10,44,24,30.99256944,43.02151392,8.0344125,58.27600682,mothbeans,Tamil Nadu,Rabi,Sandy,2.1042159264786053,4602.876420685291,96854.45872018827,43.02151392,Medium,0
23,35,18,26.4908332,47.36534833,5.414492777,36.99362831,mothbeans,Tamil Nadu,Rabi,Clay,5.473983179941355,6610.141049393081,361838.0092141762,47.36534833,Medium,0
9,60,23,31.96987867,57.17377029,6.2760043360000015,64.25520357,mothbeans,Tamil Nadu,Rabi,Loamy,5.54573102123628,4733.721719780293,262519.47387285525,57.17377029,Medium,0
3,58,21,25.36140526,46.82652785,9.160691747,55.60523179,mothbeans,Tamil Nadu,Rabi,Sandy,4.373544950711143,3785.7639504916556,165572.0881025705,46.82652785,Medium,0
22,42,22,25.54249137,56.96640758,7.887658711,48.46797044,mothbeans,Tamil Nadu,Rabi,Sandy,5.795171764749584,5717.207038635552,331321.9680352834,56.96640758,Medium,0
12,39,21,28.99319096,62.85948245,8.183844843,70.4713043,mothbeans,Tamil Nadu,Rabi,Sandy,5.198896320784851,6940.250280405195,360816.416481246,62.85948245,High,0
39,36,22,29.34317422,60.50320928,9.072011412,34.03335472,mothbeans,Tamil Nadu,Rabi,Sandy,3.6209029149836263,4190.775829188895,151743.9241595299,60.50320928,High,0
32,41,16,28.63618921,61.39451307,7.702287236,68.54877876,mothbeans,Tamil Nadu,Rabi,Sandy,5.8421892445114985,4168.307227306919,243520.3965119203,61.39451307,High,0
30,41,15,24.83206631,44.17085032,5.88509677,52.0810886,mothbeans,Tamil Nadu,Rabi,Loamy,4.788288924402573,5748.848330916969,275271.46790999937,44.17085032,Medium,0
19,36,22,25.44689075,58.55363573,6.16496284,57.04826619,mothbeans,Tamil Nadu,Rabi,Loamy,4.190843474751432,2222.6997275599515,93149.86649576409,58.55363573,Medium,0
4,46,15,31.01274943,62.40392519,3.504752314,63.77192383,mothbeans,Tamil Nadu,Rabi,Clay,4.444880641417058,1831.6483983762378,81414.58507825098,62.40392519,High,0
21,39,20,27.06179658,52.3003173,7.388007482999999,60.74583498,mothbeans,Tamil Nadu,Rabi,Loamy,3.997608379592369,3117.8205001062875,124638.25357289767,52.3003173,Medium,0
35,57,25,27.0956288,42.26206161,8.340398059,71.12710390000002,mothbeans,Tamil Nadu,Rabi,Sandy,2.170566629735924,2525.1812450155066,54810.74144465673,42.26206161,Medium,0
22,55,24,28.56800579,57.30636014,8.66077954,64.53027638,mothbeans,Tamil Nadu,Rabi,Sandy,4.212536178831202,3091.5411120194594,130232.28782726018,57.30636014,Medium,0
35,51,17,28.79929247,49.84213387,3.558822825,40.85534718,mothbeans,Tamil Nadu,Rabi,Clay,2.2326365303880635,1656.3268806044914,36979.75899901296,49.84213387,Medium,0
17,56,17,27.94293692,45.41393636,5.9565851,69.66289997,mothbeans,Tamil Nadu,Rabi,Loamy,3.8905837357447477,6323.9243302119985,246037.57145203298,45.41393636,Medium,0
28,57,17,30.47757686,61.58245338,9.416003106,61.86633917,mothbeans,Tamil Nadu,Rabi,Sandy,2.613172796824791,5962.566471906191,155812.16503644828,61.58245338,High,0
22,36,16,30.58139475,50.77148138,8.18422855,64.58559639,mothbeans,Tamil Nadu,Rabi,Sandy,3.326230288337584,3116.1762922232847,103651.19966992599,50.77148138,Medium,0
11,41,19,26.85911286,41.81420849,5.131779302,44.13827124,mothbeans,Tamil Nadu,Rabi,Clay,2.8293432808293835,2488.804178874853,70416.81380799656,41.81420849,Medium,0
38,38,18,26.31051759,61.18749126,6.294130312999999,35.73403813,mothbeans,Tamil Nadu,Rabi,Loamy,2.675768061300626,6673.988818007839,178580.46120702894,61.18749126,High,0
23,37,24,28.77833449,44.2252605,7.991902443,33.95825723,mothbeans,Tamil Nadu,Rabi,Sandy,5.400848843829829,3772.337129246843,203738.22623029148,44.2252605,Medium,0
25,35,20,28.90245417,43.35365671,8.923095695,71.90018566,mothbeans,Tamil Nadu,Rabi,Sandy,4.4073269434146045,4964.674692777675,218809.4453876767,43.35365671,Medium,0
40,45,20,29.37687468,57.69622912,6.878498176,38.34303462,mothbeans,Tamil Nadu,Rabi,Loamy,3.200077554942463,5689.542562307665,182069.7745153059,57.69622912,Medium,0
23,58,19,24.17093241,58.25204566,5.243634848999999,59.18953429,mothbeans,Tamil Nadu,Rabi,Clay,5.098120718795628,5891.026079718089,300331.6211197618,58.25204566,Medium,0
2,56,23,26.65333029,59.79023382,7.550090941,36.91852635,mothbeans,Tamil Nadu,Rabi,Sandy,2.928883908483605,4545.523961433502,133133.11986269237,59.79023382,Medium,0
3,56,17,28.19912143,53.50567601,8.709291687999999,52.13580529,mothbeans,Tamil Nadu,Rabi,Sandy,3.9922031234761834,3022.7371509921463,120673.80695638347,53.50567601,Medium,0
26,51,25,28.76488954,52.62741529,7.792508067999999,55.21606732,mothbeans,Tamil Nadu,Rabi,Sandy,5.601760611621579,4994.089782116818,279756.9543236378,52.62741529,Medium,0
39,42,20,29.3499706,61.25353851,8.055908857999999,40.82840673,mothbeans,Tamil Nadu,Rabi,Sandy,4.849464718753796,4059.5816909164632,196867.98182998266,61.25353851,High,0
27,59,20,28.00937423,52.60950014,4.397698806,36.01203025,mothbeans,Tamil Nadu,Rabi,Clay,5.230228766331688,5161.421922144118,269954.1741237316,52.60950014,Medium,0
24,45,19,26.85851927,48.8246387,5.9523849570000005,34.7426459,mothbeans,Tamil Nadu,Rabi,Loamy,2.722571941608444,3903.1667461898314,106266.52266595562,48.8246387,Medium,0
7,40,17,31.2123945,40.92604945,8.532078732999999,53.78769958,mothbeans,Tamil Nadu,Rabi,Sandy,3.92053389023789,2246.5095756750525,88075.16926177984,40.92604945,Medium,0
15,45,23,24.20422636,61.43378674,7.224193642,46.0203959,mothbeans,Tamil Nadu,Rabi,Loamy,4.943761098958184,5633.066269469376,278485.33890856203,61.43378674,High,0
26,52,23,29.98835437,49.60384796,4.931890506,52.92929636,mothbeans,Tamil Nadu,Rabi,Clay,5.075025086010994,6602.943796224413,335101.05407359556,49.60384796,Medium,0
20,45,16,29.93964907,54.61813464,4.626212446,45.43669946,mothbeans,Tamil Nadu,Rabi,Clay,3.0007853468007593,5252.844371302754,157626.5841843015,54.61813464,Medium,0
34,54,24,31.2119298,41.55934359,5.026003659,68.80141783,mothbeans,Tamil Nadu,Rabi,Clay,4.959954352687241,3507.2662380438924,173958.8044341881,41.55934359,Medium,0
19,51,25,26.80474415,48.23991436,3.5253661,43.87801983,mothbeans,Tamil Nadu,Rabi,Clay,2.258667014259544,2336.283093884959,52768.855601301904,48.23991436,Medium,0
29,41,21,31.49398069,62.84916863,8.86979671,64.56807592,mothbeans,Tamil Nadu,Rabi,Sandy,5.325376303789378,4443.620551164382,236639.51586202296,62.84916863,High,0
20,50,22,30.99694676,46.42693735,9.406887533,38.31597852,mothbeans,Tamil Nadu,Rabi,Sandy,2.666438757613362,5702.541301715678,152054.77143785637,46.42693735,Medium,0
11,40,23,29.61253065,63.04749127,5.80428611,50.1978269,mothbeans,Tamil Nadu,Rabi,Loamy,3.657531776647911,5298.011414180833,193776.45100409733,63.04749127,High,0
15,54,15,29.97604322,57.03184356,8.35495812,44.86052932,mothbeans,Tamil Nadu,Rabi,Sandy,5.6627768921658665,4211.671453183828,238497.55782484016,57.03184356,Medium,0
35,55,22,30.88883074,52.62696801,8.634929739,55.51932414,mothbeans,Tamil Nadu,Rabi,Sandy,3.028029772948473,6756.906717260598,204601.14712900622,52.62696801,Medium,0
9,59,25,30.39321309,60.16299493,7.699200949,35.37493212,mothbeans,Tamil Nadu,Rabi,Sandy,5.687635876754994,4900.3594178757985,278714.6003410461,60.16299493,High,0
40,45,18,30.43683729,55.20522037,5.261285926,30.92014047,mothbeans,Tamil Nadu,Rabi,Clay,4.597895130544405,2785.9373373802828,128094.47717542647,55.20522037,Medium,0
35,38,19,25.32688786,63.18180319,9.112771682,32.71129281,mothbeans,Tamil Nadu,Rabi,Sandy,3.5933716205738646,2463.8660758468045,88535.864338426,63.18180319,High,0
14,58,17,30.53684308,59.96664731,4.605700542,33.48919022,mothbeans,Tamil Nadu,Rabi,Clay,5.15989337414061,5939.397720793901,306466.5894591029,59.96664731,Medium,0
40,55,18,30.38257873,40.5926071,7.115994051,47.95406479,mothbeans,Tamil Nadu,Rabi,Loamy,2.8886151280699033,3196.126239037697,92323.78605305456,40.5926071,Medium,0
18,36,23,24.01825377,53.76623369,7.214078621,35.03404425,mothbeans,Tamil Nadu,Rabi,Loamy,4.708955001078439,4233.312709159038,199344.79052923364,53.76623369,Medium,0
35,52,15,28.69841277,61.14754363,9.93509073,65.67591794,mothbeans,Tamil Nadu,Rabi,Sandy,4.568543484178742,3780.6719089559792,172721.64015478443,61.14754363,High,0
4,59,22,29.33743412,49.00323081,8.914074888,42.44054315,mothbeans,Tamil Nadu,Rabi,Sandy,2.5028857310837784,4250.580730044048,106387.17858046919,49.00323081,Medium,0
22,51,16,27.96583691,61.34900107,8.639586199,70.10472076,mothbeans,Tamil Nadu,Rabi,Sandy,2.722487357184544,6900.097188900902,187854.27360127316,61.34900107,High,0
33,47,17,24.86803974,48.27531965,8.621514073,63.9187654,mothbeans,Tamil Nadu,Rabi,Sandy,2.4846186652369573,3428.7356885455574,85191.00689924382,48.27531965,Medium,0
2,51,17,25.87682261,45.96341933,5.838508699,38.53254678,mothbeans,Tamil Nadu,Rabi,Loamy,5.933059759036606,3264.8967412791253,193708.27473092926,45.96341933,Medium,0
16,51,21,31.01963639,49.97675220000001,3.532008668,32.81296548,mothbeans,Tamil Nadu,Rabi,Clay,4.505541513672977,6484.479280341564,292160.9059213119,49.97675220000001,Medium,0
19,55,20,27.43329405,87.80507732,7.18530147,54.73367631,mungbean,Tamil Nadu,Rabi,Loamy,5.604448127268925,6983.768007079396,391401.6552855675,87.80507732,High,0
8,54,20,28.3340432,80.77275974,7.034214276,38.7976407,mungbean,Tamil Nadu,Rabi,Loamy,3.1989199086204585,6583.001363341149,210584.94119667623,80.77275974,High,0
36,55,20,27.01470397,84.34262707,6.635968697999999,55.296354,mungbean,Tamil Nadu,Rabi,Loamy,3.1021467690279074,5035.39915495885,156205.47219321452,84.34262707,High,0
10,56,16,28.17432665,81.04554836,6.828187498999998,36.35720652,mungbean,Tamil Nadu,Rabi,Loamy,5.20850142650608,5443.057771815209,283501.7416905452,81.04554836,High,0
22,56,17,29.87888063,87.32761241,6.89077995,44.75215854,mungbean,Tamil Nadu,Rabi,Loamy,3.3536997746875197,5965.7385574019145,200072.9605580345,87.32761241,High,0
9,57,24,29.89232778,89.71503316,7.165121108999998,42.99498978,mungbean,Tamil Nadu,Rabi,Loamy,4.216094986754518,3333.235703178234,140532.38337840923,89.71503316,High,0
34,59,23,28.56212158,83.24855855,6.935804256,56.48265193,mungbean,Tamil Nadu,Rabi,Loamy,3.6592506139338488,6441.404358025879,235707.12851702367,83.24855855,High,0
31,51,25,27.53592929,85.57019009999998,7.196774236,53.01899249,mungbean,Tamil Nadu,Rabi,Loamy,5.934890977547736,3265.766921850689,193819.70639265497,85.57019009999998,High,0
0,49,18,29.68361658,87.93598094,6.990095452,41.82490236,mungbean,Tamil Nadu,Rabi,Loamy,5.798478133657772,2703.3904211893587,156755.50244006372,87.93598094,High,0
21,39,20,28.14448546,82.1193047,7.064782137999999,46.75690086,mungbean,Tamil Nadu,Rabi,Loamy,2.393156645998071,2364.427929920968,56584.46414473826,82.1193047,High,0
28,35,22,29.53037621,86.73346018,7.156563094,59.87232071,mungbean,Tamil Nadu,Rabi,Loamy,4.318073792135202,4117.6459812742905,177802.99197031348,86.73346018,High,0
17,52,17,27.88352946,86.45147631,6.364967184,44.64407105,mungbean,Tamil Nadu,Rabi,Loamy,5.350171713771326,1803.2733557429044,96478.22100093184,86.45147631,High,0
24,42,23,28.22471276,82.35916228,6.428054409,44.01206619,mungbean,Tamil Nadu,Rabi,Loamy,3.899643916464016,4041.9109019243874,157620.13259579023,82.35916228,High,0
28,46,16,29.008124,84.96089355,6.664187809,45.91011391,mungbean,Tamil Nadu,Rabi,Loamy,3.335117224441218,3395.7533741974376,113252.35568240257,84.96089355,High,0
21,38,21,29.75538903,86.45193297,6.637677489,37.54602719,mungbean,Tamil Nadu,Rabi,Loamy,4.724242261447504,3228.7786208123534,152535.32413299906,86.45193297,High,0
34,60,25,29.78416743,85.16906976,6.79385576,40.77872823,mungbean,Tamil Nadu,Rabi,Loamy,2.0453288035200434,1760.1044874243353,35999.92405333875,85.16906976,High,0
19,53,22,27.8640132,80.4513142,6.852884642999999,42.83053902,mungbean,Tamil Nadu,Rabi,Loamy,2.983847055252146,2080.3364697590796,62074.05849224275,80.4513142,High,0
31,58,15,27.11026483,84.96771717,7.121571293,51.52617423,mungbean,Tamil Nadu,Rabi,Loamy,2.2523419374811255,6629.437991029631,149317.6120912666,84.96771717,High,0
19,35,24,27.11030369,83.64274107,6.883308033,49.11964582,mungbean,Tamil Nadu,Rabi,Loamy,2.8305041067188403,6834.878641293814,193461.5206310703,83.64274107,High,0
24,53,17,28.95451232,89.07866095,6.421271178,57.65901369,mungbean,Tamil Nadu,Rabi,Loamy,5.907763337247615,3841.8137213302907,226965.26251409916,89.07866095,High,0
13,47,20,29.21780035,87.93724219,6.54450214,43.1386631,mungbean,Tamil Nadu,Rabi,Loamy,2.7228292406526036,5938.324440035645,161690.43425811053,87.93724219,High,0
31,53,16,28.7420098,85.81675947,6.452006451,48.54598575,mungbean,Tamil Nadu,Rabi,Loamy,3.647620691175957,1530.0908193517903,55811.909320459636,85.81675947,High,0
28,45,23,29.65021184,80.29868321,6.489259136,56.76278363,mungbean,Tamil Nadu,Rabi,Loamy,4.80170854182375,6023.586110362845,289235.0487854017,80.29868321,High,0
31,37,21,27.23924995,86.404241,6.713410626,37.31236904,mungbean,Tamil Nadu,Rabi,Loamy,3.5735191323847437,4260.641896915542,152254.85334867716,86.404241,High,0
33,60,15,28.95172351,81.67085323,6.510840928,56.51103293,mungbean,Tamil Nadu,Rabi,Loamy,5.1945790032857735,1975.1762445945458,102602.09047959674,81.67085323,High,0
34,45,21,28.18837136,82.60629652,6.2873801170000005,37.01110438,mungbean,Tamil Nadu,Rabi,Loamy,5.134722076351397,4842.630501050151,248655.6174135484,82.60629652,High,0
13,57,25,28.30041493,86.20681554,6.86308576,50.47333854,mungbean,Tamil Nadu,Rabi,Loamy,4.706709012603735,3376.8199113148803,158937.08710525493,86.20681554,High,0
33,57,17,27.89636126,88.71782287,6.78415271,57.79863368,mungbean,Tamil Nadu,Rabi,Loamy,2.3039549612850037,6066.59890788923,139771.70651957576,88.71782287,High,0
32,57,22,28.6899851,87.50436797,6.769415887999999,44.56598352,mungbean,Tamil Nadu,Rabi,Loamy,2.4020349793135205,5943.1108152523775,142755.60064172704,87.50436797,High,0
23,59,25,27.826262300000003,88.73100226,6.320768488,56.68833819,mungbean,Tamil Nadu,Rabi,Loamy,4.66412956432941,3209.6442448576636,149701.9661342037,88.73100226,High,0
35,41,18,28.70562673,81.59200689,6.705008503999999,59.87065439,mungbean,Tamil Nadu,Rabi,Loamy,2.220679713561456,4810.447991688797,106824.6426828576,81.59200689,High,0
6,48,24,28.6362812,84.61431076,6.790736339,48.48319335,mungbean,Tamil Nadu,Rabi,Loamy,4.85173679625709,2572.981275065745,124834.27928316961,84.61431076,High,0
29,36,25,28.28511547,88.4393979,7.130278657000001,48.56690235,mungbean,Tamil Nadu,Rabi,Loamy,4.6125755829377795,5655.902538730275,260882.77949623068,88.4393979,High,0
4,36,22,27.60887393,86.13316408,7.012740397000001,43.80041104,mungbean,Tamil Nadu,Rabi,Loamy,5.611383609857225,6286.876547352143,352780.76015007595,86.13316408,High,0
10,59,22,28.60901145,86.99495766,7.1556850160000005,36.94616965,mungbean,Tamil Nadu,Rabi,Loamy,5.592037925599634,6711.811572314314,375327.04861860146,86.99495766,High,0
14,48,21,29.24598976,84.80084105,6.991242362,53.43228915,mungbean,Tamil Nadu,Rabi,Loamy,3.1034611625556145,6759.273587929572,209771.4306722737,84.80084105,High,0
8,50,21,28.62911222,89.11480590000002,6.218923893,50.49913241,mungbean,Tamil Nadu,Rabi,Loamy,4.483274328829646,1762.4484277094755,79015.39791836063,89.11480590000002,High,0
20,40,15,29.57329479,88.07505524,7.199495367999999,45.04467075,mungbean,Tamil Nadu,Rabi,Loamy,4.383552098635584,4893.045971185997,214489.21935712767,88.07505524,High,0
36,43,22,27.82684262,87.16679147,6.3898821660000005,58.37249772,mungbean,Tamil Nadu,Rabi,Loamy,3.473754083771849,4184.657627194154,145364.71521652708,87.16679147,High,0
14,57,15,29.8757015,83.14796296,6.623438282,40.12044158,mungbean,Tamil Nadu,Rabi,Loamy,3.649924277697813,2590.4686300200356,94550.14343324721,83.14796296,High,0
11,60,23,27.33684386,88.50229102,7.033012777000001,51.09802625,mungbean,Tamil Nadu,Rabi,Loamy,2.042982737773157,2765.053044205647,56489.55638339255,88.50229102,High,0
10,59,15,29.83040388,89.30428305,6.32400451,58.86687093,mungbean,Tamil Nadu,Rabi,Loamy,2.6276056127475367,1711.4269030925022,44969.54936372994,89.30428305,High,0
7,60,25,28.2753171,82.76020821,6.397636709,56.04995423,mungbean,Tamil Nadu,Rabi,Loamy,2.5140197164892064,4477.833109334901,112573.60724016109,82.76020821,High,0
2,47,15,29.86860065,85.99127934,6.401455706,58.41394143,mungbean,Tamil Nadu,Rabi,Loamy,4.6879574383857285,5197.265404563981,243645.5901259053,85.99127934,High,0
20,45,22,29.5888162,89.9939693,6.904587016,54.96121262,mungbean,Tamil Nadu,Rabi,Loamy,4.274804542394633,4049.3264937992517,173100.79289331974,89.9939693,High,0
2,39,15,28.07219563,82.9116472,6.478557136,49.61865305,mungbean,Tamil Nadu,Rabi,Loamy,5.96178232896229,2199.9650814779216,131157.12947089155,82.9116472,High,0
27,40,24,27.84026517,89.99615558,7.063022095,52.84626009,mungbean,Tamil Nadu,Rabi,Loamy,4.109323155009769,2856.8918755667264,117398.91935625637,89.99615558,High,0
35,48,15,27.10818093,87.45126690000002,6.981758362000001,55.03723979,mungbean,Tamil Nadu,Rabi,Loamy,2.8229230969852193,4153.339222825349,117245.57221728317,87.45126690000002,High,0
4,59,25,27.68515114,81.94268594,6.227134139,54.62243308,mungbean,Tamil Nadu,Rabi,Loamy,2.2432981545415887,2961.9674313096284,66445.76072469179,81.94268594,High,0
1,48,24,29.34594634,85.60472562,6.232836962,59.03629954,mungbean,Tamil Nadu,Rabi,Loamy,5.396786977650927,5520.707706832374,297940.8345965007,85.60472562,High,0
36,43,21,28.36319404,84.8593608,7.140437859,52.93031105,mungbean,Tamil Nadu,Rabi,Loamy,2.3174659790032788,4987.006513474027,115572.17932043814,84.8593608,High,0
11,46,24,27.65280218,89.80650642,6.459252023,56.52558045,mungbean,Tamil Nadu,Rabi,Loamy,2.2320674882856038,3237.6329752708507,72266.15303103454,89.80650642,High,0
34,47,19,27.31372793,85.44815232,6.568795403999999,53.15223123,mungbean,Tamil Nadu,Rabi,Loamy,5.993231017361764,2547.762191967511,152693.27393761286,85.44815232,High,0
21,44,18,27.06909959,86.89934108,7.12851089,50.46746116,mungbean,Tamil Nadu,Rabi,Loamy,4.674150337368657,6983.3416852381315,326411.8889401641,86.89934108,High,0
17,58,20,28.06642822,85.91625451,6.42937879,39.23831035,mungbean,Tamil Nadu,Rabi,Loamy,5.850285124247182,1548.7150957018687,90604.24886081694,85.91625451,High,0
25,40,21,27.73329078,81.13903037,6.248900919,44.17580911,mungbean,Tamil Nadu,Rabi,Loamy,5.5455416385037335,5440.973697733206,301731.4619478312,81.13903037,High,0
2,38,18,27.53632932,89.92908171,6.619891497999999,45.48591922,mungbean,Tamil Nadu,Rabi,Loamy,3.760146210072883,2517.1553269807937,94648.720629116,89.92908171,High,0
9,48,20,29.66461594,84.28187572,6.377568542000001,56.09542002,mungbean,Tamil Nadu,Rabi,Loamy,2.743520573047472,3145.8970791661695,86308.33357382336,84.28187572,High,0
37,49,25,29.914544300000006,85.85384444,6.415459592,41.39081525,mungbean,Tamil Nadu,Rabi,Loamy,3.7074857502753975,5047.509331124886,187135.68919527618,85.85384444,High,0
36,38,15,28.36363858,87.59810657,6.3206620120000006,57.99524359,mungbean,Tamil Nadu,Rabi,Loamy,2.9734981934473836,1997.1717791807282,59385.86677397993,87.59810657,High,0
40,58,15,29.46416042,87.60890009,6.978400282000001,43.15411472,mungbean,Tamil Nadu,Rabi,Loamy,2.2472203857258384,2535.5375007142684,56979.115603774466,87.60890009,High,0
30,44,16,29.73013036,82.89166381,6.442335592999999,50.91511275,mungbean,Tamil Nadu,Rabi,Loamy,5.509192237488961,5814.379672045651,320325.3535504751,82.89166381,High,0
1,59,23,27.46852989,87.17649,7.184398832,43.78420984,mungbean,Tamil Nadu,Rabi,Loamy,4.867095172447258,6317.460957324294,307476.83727517107,87.17649,High,0
9,48,22,27.77076285,87.09979549,6.402926221,49.50812624,mungbean,Tamil Nadu,Rabi,Loamy,2.2923830467347663,4660.11502892626,106827.68688144453,87.09979549,High,0
14,41,17,29.12939524,88.48312598,7.085982325,36.45012824,mungbean,Tamil Nadu,Rabi,Loamy,4.6041051757603455,4205.509729437568,193626.09112014,88.48312598,High,0
35,52,19,27.10606808,89.89593328,6.698574085,37.45680611,mungbean,Tamil Nadu,Rabi,Loamy,3.647367446293872,5290.915494746347,192979.12936629663,89.89593328,High,0
31,48,17,28.88078945,86.94206817,6.594739424,53.79732545,mungbean,Tamil Nadu,Rabi,Loamy,4.142093586014993,4976.278031423822,206122.09316187928,86.94206817,High,0
4,41,20,28.14720892,83.8001509,6.647965508,37.44800463,mungbean,Tamil Nadu,Rabi,Loamy,3.2415945157532855,1510.3052201047688,48957.97118605177,83.8001509,High,0
30,37,25,29.89129144,80.14487166,7.120032489,54.7960127,mungbean,Tamil Nadu,Rabi,Loamy,4.0028832067225135,6307.7534560957365,252492.0038155152,80.14487166,High,0
9,35,20,27.41503453,80.98004661,6.91380932,40.53173216,mungbean,Tamil Nadu,Rabi,Loamy,5.668718938155063,4285.998896998221,242961.2311632553,80.98004661,High,0
20,41,20,29.27308605,89.4875022,7.073048264,50.9246554,mungbean,Tamil Nadu,Rabi,Loamy,4.780173569858936,2949.9628579563505,141013.34485668477,89.4875022,High,0
37,50,23,29.65296893,88.48587386,6.5304707,56.01913159,mungbean,Tamil Nadu,Rabi,Loamy,3.202466096732949,4452.04839113638,142575.34033628728,88.48587386,High,0
34,35,21,28.44524991,82.67639542,6.684381357,58.18713162,mungbean,Tamil Nadu,Rabi,Loamy,5.509249239123113,5798.059892657669,319429.570520145,82.67639542,High,0
14,37,15,27.96235681,83.97586797,6.581351374,48.9366954,mungbean,Tamil Nadu,Rabi,Loamy,2.988753708487525,3378.107880151616,100963.32454474074,83.97586797,High,0
23,39,22,29.25649321,81.97952224,6.86483915,42.02483277,mungbean,Tamil Nadu,Rabi,Loamy,2.623278498928952,2249.75145517368,59017.24620291236,81.97952224,High,0
5,45,21,28.36291385,88.00989267,6.487124217000001,43.05130077,mungbean,Tamil Nadu,Rabi,Loamy,3.925039378062014,4367.764440988017,171436.47424976985,88.00989267,High,0
22,37,20,27.62749466,86.49366929,6.605733067999999,39.26137642,mungbean,Tamil Nadu,Rabi,Loamy,2.6348112061615474,3242.8229255510064,85442.26183839364,86.49366929,High,0
40,51,17,28.66086349,86.12194568,6.860602782000001,50.01534317,mungbean,Tamil Nadu,Rabi,Loamy,5.801935902750534,4101.404843532255,237960.88013404724,86.12194568,High,0
27,56,20,29.2114218,87.11497805,6.41874299,51.53848218,mungbean,Tamil Nadu,Rabi,Loamy,2.531750541625154,5826.207008294445,147505.02748869726,87.11497805,High,0
31,40,22,29.40889385,86.16063492,6.365513634,53.35486977,mungbean,Tamil Nadu,Rabi,Loamy,5.952069304678899,6320.393939663614,376194.2276175034,86.16063492,High,0
38,36,21,28.02952623,84.8845732,6.5563729660000005,36.12042927,mungbean,Tamil Nadu,Rabi,Loamy,4.136298445744602,3041.438327810062,125802.96628148822,84.8845732,High,0
6,37,17,28.08657178,80.35005927,6.760694227999999,38.14476781,mungbean,Tamil Nadu,Rabi,Loamy,3.738554278729966,5382.972286769225,201245.34074985917,80.35005927,High,0
6,47,18,29.16174608,80.28038146,6.715276662999999,40.16545979,mungbean,Tamil Nadu,Rabi,Loamy,2.336837505788726,5397.516011954461,126131.17854830374,80.28038146,High,0
24,44,17,29.8596912,80.03499648,6.666380512000001,50.66487502,mungbean,Tamil Nadu,Rabi,Loamy,3.611178594653124,3278.558868463795,118394.61607106624,80.03499648,High,0
25,59,19,29.06631494,83.6869203,6.626629798,43.95183726,mungbean,Tamil Nadu,Rabi,Loamy,5.679637256996532,5337.6131922596305,303157.06750193995,83.6869203,High,0
32,56,21,27.38538997,88.66663953,6.702772465,58.29933073,mungbean,Tamil Nadu,Rabi,Loamy,5.467779719934908,6152.492029629784,336404.711466709,88.66663953,High,0
8,45,18,27.93034941,85.42058715,7.011030515,43.25095608,mungbean,Tamil Nadu,Rabi,Loamy,2.1809486066459325,4228.473715877646,92220.83858882301,85.42058715,High,0
19,39,17,29.2808618,81.8009244,6.890156495,44.47427436,mungbean,Tamil Nadu,Rabi,Loamy,4.63750991782387,6993.725270402012,324334.7030402476,81.8009244,High,0
39,37,15,28.9973145,83.78911515,6.821747052,59.84499208,mungbean,Tamil Nadu,Rabi,Loamy,5.420208393540052,2643.865625120571,143303.02652670536,83.78911515,High,0
33,37,19,27.92678579,86.5543196,7.183189922,43.4826194,mungbean,Tamil Nadu,Rabi,Loamy,5.760972179481621,5079.717740036893,292641.12579971796,86.5543196,High,0
26,54,17,28.5474135,88.9570454,6.27258822,49.4897245,mungbean,Tamil Nadu,Rabi,Loamy,4.706850930807773,1881.209305363715,88545.71769995446,88.9570454,High,0
21,51,15,29.36488409,89.1886954,6.679127482,48.30159325,mungbean,Tamil Nadu,Rabi,Loamy,5.017711508613347,2437.875439420379,122325.55648945455,89.1886954,High,0
22,54,20,28.56149805,83.63802195,6.689825155,41.013132,mungbean,Tamil Nadu,Rabi,Loamy,3.671688409333657,2230.2496170223435,81887.81668741765,83.63802195,High,0
29,45,16,28.43683487,87.91332682,6.583381939,43.12063289,mungbean,Tamil Nadu,Rabi,Loamy,2.769778519789229,3050.1389152605957,84482.09249862017,87.91332682,High,0
4,40,21,28.79728147,80.45744422,6.725551062,44.30070517,mungbean,Tamil Nadu,Rabi,Loamy,3.6970034988073417,1637.7019778783545,60545.8994221998,80.45744422,High,0
10,37,22,28.7275267,89.12760359,7.069747813999999,58.52974279,mungbean,Tamil Nadu,Rabi,Loamy,5.937485961816241,3027.475443706345,179755.92946749818,89.12760359,High,0
4,44,19,27.95639663,83.52706038,6.921993877999999,43.25726752,mungbean,Tamil Nadu,Rabi,Loamy,2.461044096234142,5269.807524632756,129692.28696787704,83.52706038,High,0
20,45,17,28.17458662,83.69659318,6.770955317,37.2464655,mungbean,Tamil Nadu,Rabi,Loamy,3.137837641999637,6169.60344983709,193592.13941109643,83.69659318,High,0
23,45,23,28.77653519,86.69133979,6.983130466,56.12443206,mungbean,Tamil Nadu,Rabi,Loamy,2.7365977722595876,4464.9992408958515,122189.06975776337,86.69133979,High,0
25,48,21,28.438097,83.48991368,6.267684328,52.55469976,mungbean,Tamil Nadu,Rabi,Loamy,2.7550540213172856,2991.0207420037345,82404.23723100801,83.48991368,High,0
56,79,15,29.48439992,63.19915325,7.454532137,71.89090748,blackgram,Tamil Nadu,Rabi,Loamy,4.017314037242343,5774.909037159157,231996.2313877715,63.19915325,High,0
25,62,21,26.73433965,68.13999721,7.040056094,67.15096376,blackgram,Tamil Nadu,Rabi,Loamy,4.283444643036871,5634.9175608276155,241368.5743988144,68.13999721,High,0
42,61,22,26.27274407,62.28814857,7.418650668,70.23207557,blackgram,Tamil Nadu,Rabi,Loamy,3.9950786311341333,6804.121290070834,271829.995696068,62.28814857,High,0
42,73,25,34.03679184,67.21113844,6.501869314,73.23573601,blackgram,Tamil Nadu,Rabi,Loamy,4.9037334347087915,6479.019442025526,317713.84261988866,67.21113844,High,0
44,58,18,28.03644051,65.06601664,6.814410927999999,72.49507741,blackgram,Tamil Nadu,Rabi,Loamy,2.4585731014654346,6960.790416178221,171136.12082154164,65.06601664,High,0
50,55,16,28.81460716,65.33538112,7.581442888,62.26242533,blackgram,Tamil Nadu,Rabi,Sandy,5.821318119605301,6028.583128823556,350943.0020336738,65.33538112,High,0
35,72,21,34.03619494,64.28791388,7.741418772,66.85510868,blackgram,Tamil Nadu,Rabi,Sandy,5.4430906421786736,6626.172222768823,360668.5601921724,64.28791388,High,0
30,64,20,33.8642935,61.57072498,6.573531614,68.02199825,blackgram,Tamil Nadu,Rabi,Loamy,4.402228761735295,6611.207027028356,291040.45724170725,61.57072498,High,0
27,64,21,32.84213012,68.68401492,7.543804222999999,73.67166182,blackgram,Tamil Nadu,Rabi,Sandy,4.301014926489794,6574.1460292136635,282755.00200571574,68.68401492,High,0
50,74,17,27.10053268,63.36085585,6.5408208,73.84949872,blackgram,Tamil Nadu,Rabi,Loamy,3.2280079596794193,3477.08365749998,112240.53722881162,63.36085585,High,0
39,73,24,25.65842532,61.18235808,7.22405917,69.28607828,blackgram,Tamil Nadu,Rabi,Loamy,5.498285790491037,2850.083162920091,156705.71756401288,61.18235808,High,0
57,67,25,32.34744009,66.61452812,7.551364319,64.55882254,blackgram,Tamil Nadu,Rabi,Sandy,3.1922925866830356,4721.148689581116,150712.87962378125,66.61452812,High,0
52,63,19,29.58949031,68.32176769,6.928898659,67.53021213,blackgram,Tamil Nadu,Rabi,Loamy,3.1871849173317823,2813.6268954772318,89675.4920426408,68.32176769,High,0
55,66,22,30.91219459,68.79427388,7.747775262999999,66.63830637,blackgram,Tamil Nadu,Rabi,Sandy,5.198373435350257,4088.5607804543283,212538.65749928696,68.79427388,High,0
51,56,18,28.12787838,64.2097765,6.706505915,70.86340755,blackgram,Tamil Nadu,Rabi,Loamy,2.2592316188778705,5338.21673912176,120602.68045447001,64.2097765,High,0
36,66,15,30.08545364,69.34811988,6.668238556,67.1367443,blackgram,Tamil Nadu,Rabi,Loamy,3.5144010414086586,6298.019530400556,221337.66396451785,69.34811988,High,0
59,55,19,31.74379487,62.51007687,7.332375138,68.97097538,blackgram,Tamil Nadu,Rabi,Loamy,2.3155396105282877,3727.942793790091,86321.99204804446,62.51007687,High,0
50,58,23,27.81326852,62.50460464,7.596802025,69.75555541,blackgram,Tamil Nadu,Rabi,Sandy,2.292928997681635,5264.5402730912265,120712.17051633666,62.50460464,High,0
30,65,25,32.88733849,64.59457409,7.70650895,71.50569456,blackgram,Tamil Nadu,Rabi,Sandy,5.925750632123572,4519.86556960883,267835.96256223094,64.59457409,High,0
20,62,18,29.36358721,64.98742947,7.366542647,61.91208707,blackgram,Tamil Nadu,Rabi,Loamy,5.50249836179761,6281.893483925709,345661.086042883,64.98742947,High,0
58,71,15,27.82592799,67.58618829999999,6.919243702,74.01229707,blackgram,Tamil Nadu,Rabi,Loamy,4.534223051754542,6265.1776179532735,284077.1277866034,67.58618829999999,High,0
25,71,24,28.49538735,60.44848407,7.187721817999999,74.91559514,blackgram,Tamil Nadu,Rabi,Loamy,3.121589583736674,4250.149421044651,132672.22162057436,60.44848407,High,0
52,71,16,27.74274761,68.53997144,7.0758864720000005,71.78615328,blackgram,Tamil Nadu,Rabi,Loamy,5.370746198317061,1957.8057048514906,105148.77546374597,68.53997144,High,0
40,63,18,30.41588462,67.66323804,6.74441168,63.02473185,blackgram,Tamil Nadu,Rabi,Loamy,5.254745395643777,3741.705379062545,196617.09112484462,67.66323804,High,0
20,60,25,27.3254209,69.09047809,6.726469087999999,61.19250859,blackgram,Tamil Nadu,Rabi,Loamy,2.1476004506086745,5412.310641039267,116234.80771530054,69.09047809,High,0
48,61,21,30.28496619,61.69295127,6.628264883,65.62859526,blackgram,Tamil Nadu,Rabi,Loamy,5.8833783290281065,5852.24806830289,344309.89461149817,61.69295127,High,0
49,68,22,28.56840626,61.53278622,7.127064207,63.49726331,blackgram,Tamil Nadu,Rabi,Loamy,3.695039064462307,6985.2785346478995,258108.7706167401,61.53278622,High,0
48,62,15,25.36586097,66.6379724,7.538631462000001,65.81655892,blackgram,Tamil Nadu,Rabi,Sandy,3.5178026271870597,2495.3248368699196,87780.60266826126,66.6379724,High,0
32,66,17,34.9466155,65.26774011,7.162357641,70.1415139,blackgram,Tamil Nadu,Rabi,Loamy,5.854187550727477,2649.447045606985,155103.59910704105,65.26774011,High,0
21,63,22,25.09737391,67.72837887,6.859409487000001,74.61649888,blackgram,Tamil Nadu,Rabi,Loamy,2.6048156277543146,4782.426479594443,124573.39232633656,67.72837887,High,0
20,72,19,32.47648301,64.34848735,7.397190844,65.82045699999999,blackgram,Tamil Nadu,Rabi,Loamy,4.281853734878297,6279.002847763116,268857.71795005957,64.34848735,High,0
25,65,21,33.86351172,68.59232289,6.880245789,69.24464096,blackgram,Tamil Nadu,Rabi,Loamy,4.725277139130127,5404.743346818201,255389.10179585696,68.59232289,High,0
41,78,21,25.19857725,60.37332688,6.581313137,70.88787207,blackgram,Tamil Nadu,Rabi,Loamy,2.2419048158927466,5528.535212875544,123944.49718578313,60.37332688,High,0
53,67,17,31.77681682,69.01852894,7.296972161,61.46892873,blackgram,Tamil Nadu,Rabi,Loamy,2.0879487801400463,4373.589056191373,91318.29934708634,69.01852894,High,0
39,60,21,34.89814946,63.59948557,6.97297656,64.72797143,blackgram,Tamil Nadu,Rabi,Loamy,2.8300924064095567,4600.593448176708,130201.0458266246,63.59948557,High,0
25,76,17,31.74105409,68.63525428,7.241148507,62.3061735,blackgram,Tamil Nadu,Rabi,Loamy,2.095831700799924,6571.175129218173,137720.77147323484,68.63525428,High,0
21,78,19,27.16159076,66.76017239,6.92009048,69.85112265,blackgram,Tamil Nadu,Rabi,Loamy,5.808362151255511,6530.376908601096,379307.94069351576,66.76017239,High,0
57,60,17,26.23773129,67.88521396,7.504608385,73.58663968,blackgram,Tamil Nadu,Rabi,Sandy,4.51246333870947,3946.5066282145926,178084.66475792273,67.88521396,High,0
56,75,15,30.20157245,60.06534859,7.152272256,66.37171179,blackgram,Tamil Nadu,Rabi,Loamy,3.44280200081697,5102.640204041811,175673.79903924259,60.06534859,High,0
49,72,15,31.55846339,67.83563765,7.137004749,74.86960831,blackgram,Tamil Nadu,Rabi,Loamy,4.4174809136279345,4801.463621507247,212103.73905487126,67.83563765,High,0
24,80,19,29.67892453,69.0854554,6.8080417220000005,65.66436565,blackgram,Tamil Nadu,Rabi,Loamy,4.565103127853046,6643.056834343618,303262.39532967604,69.0854554,High,0
49,76,18,27.05365239,67.7017527,7.393631868,60.4693835,blackgram,Tamil Nadu,Rabi,Loamy,3.5978303568153773,1822.954552014581,65586.81226332835,67.7017527,High,0
28,68,19,34.63880966,61.38597868,7.69950698,72.43169115,blackgram,Tamil Nadu,Rabi,Sandy,3.222544432038368,2026.1748221899795,65294.38391584648,61.38597868,High,0
55,78,21,33.39438752,62.93692886,6.602888248999999,63.57445989,blackgram,Tamil Nadu,Rabi,Loamy,3.3186657309743337,2350.8307680601656,78016.21509281344,62.93692886,High,0
50,64,25,28.84079155,63.37230676,6.734447425,70.25496749,blackgram,Tamil Nadu,Rabi,Loamy,5.946931394505912,4635.667463760881,275679.9637472918,63.37230676,High,0
34,80,19,31.49338309,63.0563645,6.521217963,71.48327008,blackgram,Tamil Nadu,Rabi,Loamy,4.872299644754122,6845.678106974382,333541.95008712355,63.0563645,High,0
20,68,23,25.54960633,63.95425534,7.707332484,63.1830529,blackgram,Tamil Nadu,Rabi,Sandy,4.67941429844601,2907.3213036362426,136045.60878412126,63.95425534,High,0
55,67,16,34.37329112,69.69366426,6.596719015,70.27184748,blackgram,Tamil Nadu,Rabi,Loamy,2.6632868510991843,3359.349240825338,89469.1066134015,69.69366426,High,0
23,70,15,34.600824700000004,63.11296779,7.403623355,60.41790253,blackgram,Tamil Nadu,Rabi,Loamy,4.206222694153673,6020.486343345493,253235.06287222073,63.11296779,High,0
53,74,15,29.43463808,64.94329356,7.517097,72.17818157,blackgram,Tamil Nadu,Rabi,Sandy,5.049858102538481,4903.8336985560745,247636.64336154642,64.94329356,High,0
26,67,16,29.10713092,67.90577375,7.17620823,67.83345933,blackgram,Tamil Nadu,Rabi,Loamy,3.7198772458310483,4472.755876971663,166381.02812903989,67.90577375,High,0
33,80,22,28.57006111,65.71765781,6.593961761,70.0866434,blackgram,Tamil Nadu,Rabi,Loamy,3.4770259851344223,3024.7642293794925,105171.83824457592,65.71765781,High,0
37,79,19,27.54384835,69.3478631,7.143942758,69.40878198,blackgram,Tamil Nadu,Rabi,Loamy,5.295210608993755,1596.0531176422915,84514.37401057019,69.3478631,High,0
33,75,21,33.04687968,68.93875631,6.690655045,62.30278274,blackgram,Tamil Nadu,Rabi,Loamy,3.267031332365902,4545.479995584201,148502.25566216005,68.93875631,High,0
22,55,20,33.95309131,69.96100028,7.423530351,61.16350463,blackgram,Tamil Nadu,Rabi,Loamy,4.334221658776241,2728.1447125973564,118243.83901615345,69.96100028,High,0
20,68,17,30.11873003,60.11680815,6.578714842999999,71.72980375,blackgram,Tamil Nadu,Rabi,Loamy,4.073429968687538,5250.469844299936,213874.21213461552,60.11680815,High,0
43,68,20,29.57812712,66.17587668,7.497469256,69.43895491,blackgram,Tamil Nadu,Rabi,Loamy,2.2297362532073506,5483.085966647269,122258.35559285886,66.17587668,High,0
44,76,22,27.26458947,68.01232937,7.775306272000001,68.91754359,blackgram,Tamil Nadu,Rabi,Sandy,3.8305636422517213,1690.5509363001895,64757.62951966112,68.01232937,High,0
34,60,16,31.35730791,64.24992106,7.322555222999999,63.85668948,blackgram,Tamil Nadu,Rabi,Loamy,4.631470470273354,5422.324797081952,251133.37177916017,64.24992106,High,0
21,72,17,31.52104732,66.55723677,7.580527339,61.71111448,blackgram,Tamil Nadu,Rabi,Sandy,4.521629112856548,3740.6498623293123,169138.31318511057,66.55723677,High,0
25,68,19,29.39982732,64.25510719,7.1084501210000015,67.47677295,blackgram,Tamil Nadu,Rabi,Loamy,2.0908889704908904,2008.8982409544155,42003.83174850139,64.25510719,High,0
41,62,15,29.38400259,64.14928485,7.358974541,65.24194361,blackgram,Tamil Nadu,Rabi,Loamy,2.413066802863034,5268.821893483762,127140.19201363619,64.14928485,High,0
28,65,23,28.38686534,61.88871127,7.405176138,74.24459122,blackgram,Tamil Nadu,Rabi,Loamy,3.08917392455249,4385.134542639955,135464.43284777756,61.88871127,High,0
35,64,15,28.47442276,63.53604453,6.500144962,69.5274407,blackgram,Tamil Nadu,Rabi,Loamy,2.288167768955957,2951.489381748708,67535.02873733139,63.53604453,High,0
52,58,16,30.64095781,61.14508627,7.167435834,71.36947525,blackgram,Tamil Nadu,Rabi,Loamy,4.341514001033158,5199.384788055175,225732.0185410036,61.14508627,High,0
58,75,25,25.25596239,61.36669662,7.261791753,68.64685069,blackgram,Tamil Nadu,Rabi,Loamy,5.485101996280936,2357.3224766162766,129301.5422236586,61.36669662,High,0
34,66,19,32.97030511,60.18122078,7.586642101,73.44678678,blackgram,Tamil Nadu,Rabi,Sandy,5.518401991575743,5772.078260921599,318526.4817060081,60.18122078,High,0
52,70,16,33.66855394,66.60416867,7.534811832999999,67.32520551,blackgram,Tamil Nadu,Rabi,Sandy,2.3353200578953697,6467.953911335143,151047.42502683768,66.60416867,High,0
23,57,19,32.83963757,67.99803573,7.251000789,73.40452716,blackgram,Tamil Nadu,Rabi,Loamy,2.2289155841367574,6375.075599848821,142095.05354553025,67.99803573,High,0
42,58,25,27.45853567,62.90020977,6.513620917999999,69.46020927,blackgram,Tamil Nadu,Rabi,Loamy,2.9008816997175133,3712.555703609522,107696.84899782739,62.90020977,High,0
37,62,17,25.68576704,69.84354028,7.121254928,74.62068748,blackgram,Tamil Nadu,Rabi,Loamy,3.249030603126481,4063.6241145883996,132028.39107900462,69.84354028,High,0
44,75,22,30.0328403,64.14800537,7.574561547,71.21006868,blackgram,Tamil Nadu,Rabi,Sandy,4.585754536688929,6744.016842284734,309264.05830013764,64.14800537,High,0
21,80,20,28.20667264,68.27085245,7.350869792,64.32887142,blackgram,Tamil Nadu,Rabi,Loamy,4.264369984019995,2513.8077114534767,107198.06150320203,68.27085245,High,0
56,76,16,28.27265858,61.18956161,7.5131510760000015,63.29900785,blackgram,Tamil Nadu,Rabi,Sandy,5.0226772891476354,2344.5761771020575,117760.4951740709,61.18956161,High,0
29,76,15,28.541723600000005,64.2020154,7.0256077060000015,69.68862306,blackgram,Tamil Nadu,Rabi,Loamy,4.084840423649288,6107.613012217257,249486.24524311442,64.2020154,High,0
43,61,20,26.87187036,61.61367264,6.804253866,63.51822045,blackgram,Tamil Nadu,Rabi,Loamy,5.333299049456727,6708.127822185028,357764.51737693633,61.61367264,High,0
55,60,15,32.79766751,68.77994074,7.163043872,64.11411069,blackgram,Tamil Nadu,Rabi,Loamy,4.27809494396497,5567.443913815931,238180.53658504479,68.77994074,High,0
44,63,15,26.42333018,64.51136845,7.338929556,63.46546487,blackgram,Tamil Nadu,Rabi,Loamy,3.8578859028297194,5203.363865439736,200739.84103773517,64.51136845,High,0
29,67,21,29.79181107,63.38789228,6.621323612,63.02169909,blackgram,Tamil Nadu,Rabi,Loamy,4.820931334083058,6640.529053123145,320135.34587090265,63.38789228,High,0
47,63,16,27.44003279,67.10464369,6.661870999,72.50669768,blackgram,Tamil Nadu,Rabi,Loamy,5.654855422768398,5676.845597335627,321017.41110312275,67.10464369,High,0
40,68,17,34.1262979,65.14877461,7.733149554,70.40795007,blackgram,Tamil Nadu,Rabi,Sandy,4.727757378796238,4648.154519411817,219753.46826934302,65.14877461,High,0
58,61,15,30.94908189,64.23364112,7.402891666,62.78730907,blackgram,Tamil Nadu,Rabi,Loamy,3.3497412335162124,6954.436523290052,232955.62777935818,64.23364112,High,0
41,74,18,28.75751783,61.02701476,6.599147297999999,73.37686831,blackgram,Tamil Nadu,Rabi,Loamy,4.625819674298858,1600.8234192471969,74051.20467832053,61.02701476,High,0
58,79,17,27.24766491,66.10123083,7.04174124,62.31842057,blackgram,Tamil Nadu,Rabi,Loamy,3.998764408143193,1721.50553694014,68838.95069537668,66.10123083,High,0
27,62,24,28.63005477,66.770943,7.353876754,62.2737345,blackgram,Tamil Nadu,Rabi,Loamy,4.482189042979554,2718.278754385091,121838.39248668964,66.770943,High,0
27,60,17,26.41768321,63.64698302,7.026795358999999,64.42177127,blackgram,Tamil Nadu,Rabi,Loamy,5.606102192290508,5701.9687621282455,319658.19577739155,63.64698302,High,0
52,65,20,32.81705216,66.15665137,6.814301033,68.83924882,blackgram,Tamil Nadu,Rabi,Loamy,5.716876215605099,5189.132160381774,296656.2622731807,66.15665137,High,0
44,55,25,29.6321052,65.91359954,7.42160832,71.16331975,blackgram,Tamil Nadu,Rabi,Loamy,3.1042324352660398,3735.618929338634,115962.29446246785,65.91359954,High,0
21,62,24,33.49077065,62.73317204,6.8473828910000005,65.45328463,blackgram,Tamil Nadu,Rabi,Loamy,5.280481589458914,1542.0590661311976,81428.14508563995,62.73317204,High,0
60,59,22,31.86847286,66.74217464,7.191522601,74.22238583,blackgram,Tamil Nadu,Rabi,Loamy,5.364323487409244,4812.674415908449,258167.4240651126,66.74217464,High,0
33,77,21,30.32992227,65.62971858,7.01285529,71.64631281,blackgram,Tamil Nadu,Rabi,Loamy,2.843633324941509,2283.047575555953,64921.501682778246,65.62971858,High,0
59,58,17,28.546224,66.31394098,7.368318809,62.83469851,blackgram,Tamil Nadu,Rabi,Loamy,4.532438366288761,5546.134954144454,251375.14850779483,66.31394098,High,0
29,63,17,30.02629908,67.88811637,7.26154329,66.47264636,blackgram,Tamil Nadu,Rabi,Loamy,4.891708869858386,5895.5900448655675,288395.101155177,67.88811637,High,0
59,63,18,31.65531175,60.13263713,6.52669158,66.69096751,blackgram,Tamil Nadu,Rabi,Loamy,2.058951485208806,4662.541446127965,95999.46635352788,60.13263713,High,0
29,70,15,30.33499674,63.54718862,6.872594461,74.16699119,blackgram,Tamil Nadu,Rabi,Loamy,4.632644187983486,4952.104761351536,229413.39340960537,63.54718862,High,0
58,73,16,33.36984395,65.67718163,6.874142175,64.89517488,blackgram,Tamil Nadu,Rabi,Loamy,5.650602274277718,4233.512530975009,239218.95535710605,65.67718163,High,0
55,77,22,31.4345059,62.99303471,7.76061831,64.77651469,blackgram,Tamil Nadu,Rabi,Sandy,2.4100278538087254,6398.601263706108,154208.0727094743,62.99303471,High,0
42,79,23,27.71678273,63.29103387,6.781841984,68.56507978,blackgram,Tamil Nadu,Rabi,Loamy,2.398400870249224,5925.355210055591,142113.770923331,63.29103387,High,0
44,77,21,32.63918668,61.3009051,7.326980454,61.83876146,blackgram,Tamil Nadu,Rabi,Loamy,4.119870544371976,5978.9665901684475,246325.68340619138,61.3009051,High,0
38,62,25,32.7477393,67.77954584,7.453975408,63.37784443,blackgram,Tamil Nadu,Rabi,Loamy,5.744125437710817,4707.876066110077,270426.3066893283,67.77954584,High,0
32,76,15,28.05153602,63.49802189,7.604110177000001,43.35795377,lentil,Tamil Nadu,Rabi,Sandy,3.708275751407643,2856.2095459736825,105916.1260027324,63.49802189,High,0
13,61,22,19.44084326,63.27771461,7.728832424,46.83130119,lentil,Tamil Nadu,Rabi,Sandy,3.8336368973800585,3456.254327541833,132500.24116793874,63.27771461,High,0
38,60,20,29.84823072,60.63872613,7.491217102,46.80452595,lentil,Tamil Nadu,Rabi,Loamy,2.766950811374242,6706.804222722053,185573.97385788977,60.63872613,High,0
11,74,17,21.36383757,69.92375891,6.633864582,46.6352865,lentil,Tamil Nadu,Rabi,Loamy,3.093758973881693,2635.2517984932747,81528.3390002644,69.92375891,High,0
37,71,16,26.28663931,68.51966729,7.324863481,46.13833007,lentil,Tamil Nadu,Rabi,Loamy,3.9246518530320653,3241.052802175819,127200.03885834097,68.51966729,High,0
29,71,18,22.17499963,62.13873825,6.410441476,53.46622584,lentil,Tamil Nadu,Rabi,Loamy,2.258527659757081,2220.4841013750483,50150.247610063925,62.13873825,High,0
2,72,18,26.57597546,60.97876599,7.836719564,50.89110726,lentil,Tamil Nadu,Rabi,Sandy,2.387031810714355,5959.089009422804,142245.3502837053,60.97876599,High,0
6,59,21,26.58972517,66.14007674,6.139215944,50.90994463,lentil,Tamil Nadu,Rabi,Loamy,4.596414228807342,5476.729350292844,251733.1671301282,66.14007674,High,0
13,64,20,19.1345771,62.57526895,6.590571088,36.46946971,lentil,Tamil Nadu,Rabi,Loamy,2.0984143064495093,2613.6080335965653,54844.32489150402,62.57526895,High,0
8,58,17,28.75273118,69.15640149,7.286049977999999,35.15426171,lentil,Tamil Nadu,Rabi,Loamy,4.662537285559509,3439.703236195801,160377.44590022627,69.15640149,High,0
6,77,20,25.78746268,60.2816298,6.058306161,49.14337177,lentil,Tamil Nadu,Rabi,Loamy,5.692335238882032,2180.0178408298075,124093.92376747035,60.2816298,High,0
2,75,22,23.89271875,61.78779413,6.658605362,52.55730112,lentil,Tamil Nadu,Rabi,Loamy,5.306698882893965,2683.7900110724654,142420.65453680235,61.78779413,High,0
3,69,23,28.67408774,63.18832976,7.299360767,42.96018627,lentil,Tamil Nadu,Rabi,Loamy,2.5350295875954236,6601.305892849537,167345.057551416,63.18832976,High,0
27,80,24,28.42062847,61.77336343,7.815210661,49.02366803,lentil,Tamil Nadu,Rabi,Sandy,5.661215420927499,1672.032716128753,94657.3739684339,61.77336343,High,0
39,78,15,21.35499456,62.60136323,5.925391795,41.78219834,lentil,Tamil Nadu,Rabi,Loamy,5.654943763746673,6944.073539464025,392683.4535699038,62.60136323,High,0
40,79,17,21.12695586,63.18738532,6.403683619,38.71834464,lentil,Tamil Nadu,Rabi,Loamy,3.7558140839163974,6069.391530773032,227955.06192080257,63.18738532,High,0
37,62,22,24.02037872,61.62313345,7.397546271,49.78102578,lentil,Tamil Nadu,Rabi,Loamy,3.7426084532607757,1724.0989256227986,64526.272132937076,61.62313345,High,0
31,60,24,25.40474421,65.8567539,7.722335992,51.92057267,lentil,Tamil Nadu,Rabi,Sandy,3.9733933862362165,4118.7686951202695,163654.8829262765,65.8567539,High,0
22,67,22,29.03017561,64.49166566,7.475926645,54.93937710000001,lentil,Tamil Nadu,Rabi,Loamy,2.900851922435282,3024.7586606764726,87743.76975726115,64.49166566,High,0
3,78,18,20.21368219,68.65257685,6.887130053,50.89732989,lentil,Tamil Nadu,Rabi,Loamy,3.37595338401048,2512.857080349868,84832.8836394183,68.65257685,High,0
4,80,16,29.19585548,68.01965728,7.441976825,44.93261911,lentil,Tamil Nadu,Rabi,Loamy,5.888463473796078,1743.3713778709587,102657.7867985468,68.01965728,High,0
13,61,24,18.29783597,69.6897615,7.629910252999999,49.39111479,lentil,Tamil Nadu,Rabi,Sandy,4.81057369394613,4502.792368519593,216610.1451730174,69.6897615,High,0
12,66,20,27.41434987,63.41785982,7.336117221,44.43177543,lentil,Tamil Nadu,Rabi,Loamy,2.049968224071853,6882.42787812153,141087.58454615402,63.41785982,High,0
4,61,21,24.84063998,60.09116626,6.75020529,48.77790371,lentil,Tamil Nadu,Rabi,Loamy,3.288513764055459,6796.609754473952,223507.44726501187,60.09116626,High,0
9,60,21,29.94413861,67.31323084,7.52178027,40.37113729,lentil,Tamil Nadu,Rabi,Sandy,4.637725089056506,5456.257379163567,253046.2173969657,67.31323084,High,0
18,66,22,25.87990287,67.55109024,6.347379185,47.89645224,lentil,Tamil Nadu,Rabi,Loamy,3.713795519412387,6590.367623791249,244752.77752516398,67.55109024,High,0
32,56,18,20.0467711,65.84395319,7.135251532000001,46.05333124,lentil,Tamil Nadu,Rabi,Loamy,2.2090647116229443,4826.859618038851,106628.4525016743,65.84395319,High,0
6,72,15,22.99451999,66.70897237,7.670178119,54.49044154,lentil,Tamil Nadu,Rabi,Sandy,5.909976462834226,3073.696730487254,181654.7533107019,66.70897237,High,0
15,77,20,25.13163619,66.92642362,7.399749291,49.04015558,lentil,Tamil Nadu,Rabi,Loamy,2.9454040382245643,4121.147944918551,121384.45799083964,66.92642362,High,0
0,65,24,28.49584395,62.44616219,7.841496029,53.14531023,lentil,Tamil Nadu,Rabi,Sandy,2.363200582164648,3744.1900616318508,88482.7213338348,62.44616219,High,0
30,79,22,18.28766124,69.48515056,6.254216611,48.60449438,lentil,Tamil Nadu,Rabi,Loamy,3.101506693064989,4357.472898234085,135147.31358722312,69.48515056,High,0
3,63,16,24.38041875,61.18458224,6.868881707999999,53.13946695,lentil,Tamil Nadu,Rabi,Loamy,2.6833210509576104,1895.2801905710667,50856.45232822295,61.18458224,High,0
2,78,23,21.31852148,66.43934593,7.320514721,45.42616802,lentil,Tamil Nadu,Rabi,Loamy,5.088896180404117,6089.624482456849,309894.6676887006,66.43934593,High,0
10,78,18,18.54141834,62.70637578,6.296976913,44.07819743,lentil,Tamil Nadu,Rabi,Loamy,5.357650019391881,5320.564636051307,285057.2322551604,62.70637578,High,0
14,67,25,25.28710601,60.85993533,7.241151936,49.37369982,lentil,Tamil Nadu,Rabi,Loamy,2.8549614675076644,6131.15953459729,175042.24222417487,60.85993533,High,0
39,65,23,25.43459777,69.12613376,7.685959305,41.02682925,lentil,Tamil Nadu,Rabi,Sandy,4.1175670628727605,5908.8303079619345,243300.05056168372,69.12613376,High,0
19,72,15,28.83600962,69.76112921,6.890760124,44.08562546,lentil,Tamil Nadu,Rabi,Loamy,2.460694666581529,2930.6818175553053,72115.13117905801,69.76112921,High,0
18,57,21,27.37659643,63.93927841,6.155915975,49.47371773,lentil,Tamil Nadu,Rabi,Loamy,3.0517940889814046,6633.109347715089,202428.8389892421,63.93927841,High,0
31,58,15,28.31886863,60.19461399,6.167855382000001,45.36521251,lentil,Tamil Nadu,Rabi,Loamy,5.420532913641788,6899.9557286538,374014.37129839126,60.19461399,High,0
28,58,25,27.4818649,62.04814951,6.861640036,37.81123974,lentil,Tamil Nadu,Rabi,Loamy,3.335440935614369,3650.022608902109,121744.3482565005,62.04814951,High,0
5,65,19,18.28072173,68.10365387,6.978361689,48.80253285,lentil,Tamil Nadu,Rabi,Loamy,3.3901879712699663,3643.605014526884,123525.05892307975,68.10365387,High,0
16,65,19,27.61204997,69.29786244,7.043160241,42.72374404,lentil,Tamil Nadu,Rabi,Loamy,3.8877687971485657,5093.049798760563,198006.000899451,69.29786244,High,0
34,65,19,23.43974653,63.22011726,5.94239222,45.40277297,lentil,Tamil Nadu,Rabi,Loamy,4.33008510682871,5707.365946218244,247133.80282940966,63.22011726,High,0
14,69,19,20.95628486,63.68128841,7.239455147,52.39881209,lentil,Tamil Nadu,Rabi,Loamy,4.605830664398889,4638.248530877415,213629.87312618294,63.68128841,High,0
22,55,16,23.7937153,68.03209183,6.516317561,49.73922097,lentil,Tamil Nadu,Rabi,Loamy,3.310587812572678,4633.217495639291,153386.7337406194,68.03209183,High,0
24,61,17,22.6371424,65.44544859,6.233269045,38.30411077,lentil,Tamil Nadu,Rabi,Loamy,5.425939735484668,6033.7797155715825,327389.2511388123,65.44544859,High,0
2,79,15,21.53577883,65.47227704,7.505283615,35.75107592,lentil,Tamil Nadu,Rabi,Sandy,2.2048771884126612,4824.906886200153,106383.2712959788,65.47227704,High,0
26,63,17,29.87854588,65.73085206,6.950300686,44.95654782,lentil,Tamil Nadu,Rabi,Loamy,5.510892503626048,1895.7554968061227,104473.04756056736,65.73085206,High,0
27,61,15,25.2653291,67.10004577,6.958054839,48.33941188,lentil,Tamil Nadu,Rabi,Loamy,4.850554391724916,5062.890195165507,245578.2427098107,67.10004577,High,0
24,70,16,25.17885316,68.93307305,6.54803469,35.03484812,lentil,Tamil Nadu,Rabi,Loamy,2.545105858105084,5611.630139745788,142821.92742186057,68.93307305,High,0
13,74,25,24.12192608,61.09533545,6.461618577,44.23629285,lentil,Tamil Nadu,Rabi,Loamy,3.030647639156053,6183.668097664603,187405.19121511834,61.09533545,High,0
6,64,23,23.33565221,67.40460704,7.065264073,36.18678721,lentil,Tamil Nadu,Rabi,Loamy,5.721753509299549,6302.926216385262,360637.90197458497,67.40460704,High,0
12,58,23,21.74600081,63.39503184,6.765091462000001,50.43306085,lentil,Tamil Nadu,Rabi,Loamy,2.55234257068626,4220.924892306708,107732.46290303729,63.39503184,High,0
32,79,22,27.60195453,63.46170674,5.91645379,54.37814199,lentil,Tamil Nadu,Rabi,Loamy,5.710532705023444,5152.163707952228,294215.9935589605,63.46170674,High,0
6,68,18,24.388717,62.50453062,6.711341147000001,47.26052494,lentil,Tamil Nadu,Rabi,Loamy,4.251783426557536,6665.010264699485,283381.8018128512,62.50453062,High,0
10,79,20,24.98287462,66.895409,6.379881442,38.21370568,lentil,Tamil Nadu,Rabi,Loamy,4.572869480643764,6359.526868801845,290812.8632967796,66.895409,High,0
38,77,22,28.234829,69.3159965,6.313284267999999,35.36831423,lentil,Tamil Nadu,Rabi,Loamy,4.165839718099436,4991.622672049895,207942.99984991088,69.3159965,High,0
17,74,17,26.03026959,69.55863145,7.393210848,37.11395801,lentil,Tamil Nadu,Rabi,Loamy,2.724111582830735,3419.595183782055,93153.5884873289,69.55863145,High,0
26,68,24,28.04849594,64.07691942,7.504930973,37.15824966,lentil,Tamil Nadu,Rabi,Sandy,2.5178805132625044,4683.653197070136,117928.79115782524,64.07691942,High,0
23,75,17,24.87425505,64.00213929,7.198076286,48.28137482,lentil,Tamil Nadu,Rabi,Loamy,2.0104070399227063,6556.177969875083,131805.86345623023,64.00213929,High,0
32,78,22,23.97081395,62.35557553,7.007037515,53.40906048,lentil,Tamil Nadu,Rabi,Loamy,2.470405475069784,3786.9216568776137,93552.31994810794,62.35557553,High,0
19,79,19,20.06003985,67.76252583,6.677262562,42.89509057,lentil,Tamil Nadu,Rabi,Loamy,5.733869848937597,5908.941459058117,338811.0127123067,67.76252583,High,0
22,60,18,19.59221047,61.28633405,6.74398035,41.7704893,lentil,Tamil Nadu,Rabi,Loamy,3.5817402321795773,3237.860184891326,115971.74090397666,61.28633405,High,0
28,69,16,29.77013109,66.29327012,6.547361617999999,35.69674138,lentil,Tamil Nadu,Rabi,Loamy,4.469170030235966,5857.592705692731,261785.77769610757,66.29327012,High,0
1,67,21,27.52135365,60.53657684,6.551577598,48.06491307,lentil,Tamil Nadu,Rabi,Loamy,4.8784849708199305,6034.125685668681,294373.9146957317,60.53657684,High,0
12,67,23,25.62896213,63.14909763,6.585020302999999,45.49683991,lentil,Tamil Nadu,Rabi,Loamy,4.251455062702151,2627.3867829942965,111702.16840237819,63.14909763,High,0
36,67,20,20.39078312,60.47528931,6.924042372000001,53.31508572,lentil,Tamil Nadu,Rabi,Loamy,5.74935128610843,3586.088871951588,206176.84668053992,60.47528931,High,0
28,70,21,25.39038396,60.4989659,7.437373666,39.18374505,lentil,Tamil Nadu,Rabi,Loamy,5.908547963936377,4747.220921634665,280491.8251088067,60.4989659,High,0
12,71,19,24.91079638,60.71367427,7.142611056000002,42.19740397,lentil,Tamil Nadu,Rabi,Loamy,4.690887682643667,2705.1245527854653,126894.35444678298,60.71367427,High,0
22,68,16,27.70496805,63.20915034,7.74672376,37.46160727,lentil,Tamil Nadu,Rabi,Sandy,5.561212608984425,3151.91465015017,175284.67494857858,63.20915034,High,0
26,66,22,18.06486101,65.1034354,6.300479414,51.54922825,lentil,Tamil Nadu,Rabi,Loamy,5.3336896827738025,3499.1257666673755,186632.51000401753,65.1034354,High,0
16,65,16,18.13027797,62.45851612,6.078724107,50.6128521,lentil,Tamil Nadu,Rabi,Loamy,3.848795423623315,5089.670605067644,195891.00932534458,62.45851612,High,0
14,59,22,23.82723528,67.89815262,6.76660668,46.90725077,lentil,Tamil Nadu,Rabi,Loamy,2.0023913989733977,3430.3663612067503,68689.36097008068,67.89815262,High,0
33,59,19,23.19305333,62.74710773,7.641024177,49.55213308,lentil,Tamil Nadu,Rabi,Sandy,4.751060339688753,5399.4745867417605,256532.29564226102,62.74710773,High,0
21,63,17,25.08966129,68.17543102,6.559681838,41.45486619,lentil,Tamil Nadu,Rabi,Loamy,2.1082072211545837,6644.323149046243,140076.10042503854,68.17543102,High,0
0,69,21,25.86928193,61.88321072,7.072923306,36.68284038,lentil,Tamil Nadu,Rabi,Loamy,5.83983302543005,1652.4758734227876,96501.83179340762,61.88321072,High,0
10,75,17,18.43966037,68.05394959,7.732194787999999,39.00992137,lentil,Tamil Nadu,Rabi,Sandy,3.9277765756121634,3680.1753957690935,144549.06713646068,68.05394959,High,0
30,61,18,27.14911056,67.02664337,6.157782589,52.50812701,lentil,Tamil Nadu,Rabi,Loamy,5.258166919779603,3937.37874865588,207033.94686825556,67.02664337,High,0
0,74,17,23.33375853,64.50515776,7.240988401,47.01510708,lentil,Tamil Nadu,Rabi,Loamy,5.882028752277826,4773.863999739642,280800.05305932596,64.50515776,High,0
35,74,22,26.7230014,62.96841833,6.898905799,42.87274897,lentil,Tamil Nadu,Rabi,Loamy,2.466321583071905,4353.673647636813,107375.59282818061,62.96841833,High,0
7,63,24,19.55750776,64.45268309,6.818681086000002,53.04669416,lentil,Tamil Nadu,Rabi,Loamy,2.97131691864769,3066.636158654949,91119.47901548212,64.45268309,High,0
9,56,17,26.13708256,66.7729209,6.261937875,46.48280681,lentil,Tamil Nadu,Rabi,Loamy,4.80151731503469,6352.117236298654,304998.0089721829,66.7729209,High,0
14,74,15,27.99990346,65.57653373,6.493036868,49.94043064,lentil,Tamil Nadu,Rabi,Loamy,3.5027452538514856,4500.6124734567275,157644.98980825348,65.57653373,High,0
14,76,20,29.05941162,62.10652364,7.042474679,36.5011366,lentil,Tamil Nadu,Rabi,Loamy,2.1274472722988627,1576.957453832429,33548.93833687161,62.10652364,High,0
36,65,16,25.71269843,64.1123333,7.692013657,50.17067771,lentil,Tamil Nadu,Rabi,Sandy,5.351202383636016,5025.541480206153,268926.89547940844,64.1123333,High,0
28,67,21,21.79792649,63.73086065,6.250994222999999,46.62370222,lentil,Tamil Nadu,Rabi,Loamy,4.972764737816975,5529.354602621598,274961.79590802675,63.73086065,High,0
28,79,16,24.70626432,60.26854183,6.0521848810000005,53.12442925,lentil,Tamil Nadu,Rabi,Loamy,5.2293345843211565,6455.93072711074,337602.2182526183,60.26854183,High,0
40,61,22,20.94981756,65.8108757,7.002216044,44.23913012,lentil,Tamil Nadu,Rabi,Loamy,4.372400717832933,2061.194881083854,90123.6997764461,65.8108757,High,0
10,70,19,24.84918386,68.98088448,7.272427638,41.61080544,lentil,Tamil Nadu,Rabi,Loamy,3.0191622065230237,5882.204880177305,177593.3066525661,68.98088448,High,0
12,80,19,21.91041045,65.21662467,5.962001484,36.10211371,lentil,Tamil Nadu,Rabi,Loamy,5.732070954865598,3474.884695799981,199182.85636302052,65.21662467,High,0
37,77,20,25.93381964,68.70533022,7.080506001,51.02372773,lentil,Tamil Nadu,Rabi,Loamy,3.0885066196927076,4612.88442994188,142469.24097752917,68.70533022,High,0
0,67,22,29.82112112,69.4073209,6.5937983870000005,51.56461082,lentil,Tamil Nadu,Rabi,Loamy,3.0678683668093267,5907.171713725533,181224.252378494,69.4073209,High,0
7,73,25,27.52185591,63.13215259,7.28805662,45.20841071,lentil,Tamil Nadu,Rabi,Loamy,5.826446178327707,6162.897195295612,359077.88810956664,63.13215259,High,0
10,56,18,27.99627907,68.6428593,7.32710972,46.10585191,lentil,Tamil Nadu,Rabi,Loamy,2.1694497430073887,5755.89172629919,124871.17826398133,68.6428593,High,0
39,70,15,20.76774783,63.90164154,6.366355781,47.9271552,lentil,Tamil Nadu,Rabi,Loamy,3.66976935456323,6018.276753242577,220856.875963299,63.90164154,High,0
26,56,22,23.05276444,60.424786,7.011121216,52.60285259,lentil,Tamil Nadu,Rabi,Loamy,3.258023810328347,5793.354816433393,188748.8793362041,60.424786,High,0
9,77,17,21.65845777,63.58337146,6.280725549,38.07659414,lentil,Tamil Nadu,Rabi,Loamy,2.337455469863628,4934.028864199729,115330.7275708868,63.58337146,High,0
4,59,19,26.25070298,67.62779652,7.621494566,40.8106299,lentil,Tamil Nadu,Rabi,Sandy,4.235477894781557,3454.671562830239,146321.85038097933,67.62779652,High,0
34,73,15,20.97195263,63.83179889,7.630424082999999,53.10207889,lentil,Tamil Nadu,Rabi,Sandy,5.362732477095282,6133.230526790227,328908.74535530154,63.83179889,High,0
33,77,15,23.89736406,66.32102048,7.802212437,40.74536757,lentil,Tamil Nadu,Rabi,Sandy,3.3669214838626633,2242.9473832709573,75518.27731908529,66.32102048,High,0
2,24,38,24.55981624,91.63536236,5.922935513,111.9684622,pomegranate,Tamil Nadu,Kharif,Loamy,2.990622307802947,2884.4341451018768,86262.53099730195,91.63536236,High,1
6,18,37,19.65690085,89.93701023,5.937649577999999,108.0458926,pomegranate,Tamil Nadu,Kharif,Loamy,4.658322115721624,5866.063304454117,273260.12423361687,89.93701023,High,1
8,26,36,18.78359608,87.4024767,6.804781106,102.5184759,pomegranate,Tamil Nadu,Kharif,Loamy,4.6922979562143095,2372.78203069581,111338.00273175989,87.4024767,High,1
37,18,39,24.1469628,94.5110662,6.424670614,110.2316633,pomegranate,Tamil Nadu,Kharif,Loamy,5.7764701541382415,2068.5573196113955,119489.59618859427,94.5110662,High,1
0,27,38,22.44581266,89.90147027,6.7380162210000005,109.3905998,pomegranate,Tamil Nadu,Kharif,Loamy,4.109862890672977,4848.329553354717,199259.6971308564,89.90147027,High,1
31,25,38,24.96273236,92.40501423,6.4973666770000005,109.4169192,pomegranate,Tamil Nadu,Kharif,Loamy,5.551355849012514,2974.0767226522976,165101.58209707798,92.40501423,High,1
21,21,38,22.5526059,89.32594859999998,6.327673765,104.8955643,pomegranate,Tamil Nadu,Kharif,Loamy,2.5039644034963833,6479.435516728936,162242.7588863945,89.32594859999998,High,1
6,30,40,22.77035608,91.45498527,6.36137446,106.9659201,pomegranate,Tamil Nadu,Kharif,Loamy,4.614324064449418,2912.0103529196713,134369.59447403083,91.45498527,High,1
25,27,41,19.20090378,94.27659596,6.9235093710000015,108.0423555,pomegranate,Tamil Nadu,Kharif,Loamy,5.501407846593415,6725.530444681441,369998.8596087338,94.27659596,High,1
15,11,38,23.12808226,92.68328358,6.630646082999999,109.3930157,pomegranate,Tamil Nadu,Kharif,Loamy,5.798170377738811,3360.152947434891,194827.3928448874,92.68328358,High,1
14,5,36,24.92639065,85.19098079,5.832525853,104.7693804,pomegranate,Tamil Nadu,Kharif,Loamy,3.997100729764941,5517.76023129022,220550.43447158107,85.19098079,High,1
16,10,41,24.77464458,85.63608688,6.738993954,105.7595811,pomegranate,Tamil Nadu,Kharif,Loamy,5.154497824183361,2362.6426879903397,121782.36594568932,85.63608688,High,1
36,7,37,19.8671184,86.35590206,5.782435567,108.3168858,pomegranate,Tamil Nadu,Kharif,Loamy,2.573760309110615,3004.1919693876844,77320.70051758873,86.35590206,High,1
4,20,41,24.26601316,93.7974061,6.537042717,104.5375109,pomegranate,Tamil Nadu,Kharif,Loamy,5.542239444995232,3707.479413588937,205477.386475004,93.7974061,High,1
29,22,40,23.62600218,89.73266695,6.145104401,107.6836871,pomegranate,Tamil Nadu,Kharif,Loamy,5.008349212720448,2195.0259187275087,109934.56331959896,89.73266695,High,1
16,15,42,19.67832052,89.08935702,6.890784045,108.5468633,pomegranate,Tamil Nadu,Kharif,Loamy,4.861666750091246,5224.376265657074,253991.76380710865,89.08935702,High,1
18,27,41,22.36509395,92.30882391,7.175344328,104.8216333,pomegranate,Tamil Nadu,Kharif,Loamy,3.6939495141950154,4398.1872432071395,162466.8163038373,92.30882391,High,1
11,18,42,21.57936934,94.88267728,5.938528744,102.8593382,pomegranate,Tamil Nadu,Kharif,Loamy,2.964496000681142,6747.195361416849,200020.336647346,94.88267728,High,1
5,15,38,18.26233221,88.16779129,5.709380472,108.0756727,pomegranate,Tamil Nadu,Kharif,Loamy,2.2677199208947942,5341.263497039194,121124.89634983972,88.16779129,High,1
18,23,44,23.71028128,89.61794165,6.184400085,105.64999070000002,pomegranate,Tamil Nadu,Kharif,Loamy,2.074540603980045,6193.181620072965,128480.06738664283,89.61794165,High,1
9,8,40,22.48720144,89.9224883,6.553509673,111.6631582,pomegranate,Tamil Nadu,Kharif,Loamy,5.440235549146953,4811.2872993235815,261745.36202939387,89.9224883,High,1
40,27,45,21.66024980000001,94.79397419,5.885638185,112.4349689,pomegranate,Tamil Nadu,Kharif,Loamy,2.9610846152551713,5966.483748912331,176672.632360743,94.79397419,High,1
22,23,44,20.13037175,89.31505137,6.1438746910000015,107.3416913,pomegranate,Tamil Nadu,Kharif,Loamy,3.864649170980576,6619.502349034741,255820.54265501088,89.31505137,High,1
9,16,39,18.41164435,91.11927248,6.101198974,105.1834976,pomegranate,Tamil Nadu,Kharif,Loamy,3.341135656682203,4458.648468759956,148969.49379585395,91.11927248,High,1
12,29,40,19.68291173,89.75272999,6.594037135,111.2818551,pomegranate,Tamil Nadu,Kharif,Loamy,4.959180257002441,6518.4077145016845,323259.58844849153,89.75272999,High,1
0,17,42,23.20242586,91.19442671,6.8598408210000015,109.0946323,pomegranate,Tamil Nadu,Kharif,Loamy,2.9107233582265786,6114.729614920788,177982.8631938975,91.19442671,High,1
2,21,44,18.92157197,87.31290342,6.56893406,102.8013275,pomegranate,Tamil Nadu,Kharif,Loamy,2.209334500630485,3490.0918837543495,77107.80409148925,87.31290342,High,1
28,6,40,22.10621387,91.34039616,6.769855664,106.8704803,pomegranate,Tamil Nadu,Kharif,Loamy,2.8346918464644273,3224.5648497363227,91406.47687943345,91.34039616,High,1
8,23,44,18.47412402,89.68919664,7.130837931,108.4758509,pomegranate,Tamil Nadu,Kharif,Loamy,3.414988456751643,4580.011921548312,156406.87843872397,89.68919664,High,1
29,16,36,19.81069447,88.92944254,5.7403380020000006,102.860084,pomegranate,Tamil Nadu,Kharif,Loamy,2.8742326918323746,2856.395915500665,82099.46521148477,88.92944254,High,1
17,18,43,24.4880844,90.83687246,5.843005428,103.1969341,pomegranate,Tamil Nadu,Kharif,Loamy,2.1001162638216497,3027.212607191954,63574.98430409761,90.83687246,High,1
34,21,42,18.75927679,89.93457597,6.648687273999999,111.0196744,pomegranate,Tamil Nadu,Kharif,Loamy,4.118946547500937,2602.689425801268,107203.38624621331,89.93457597,High,1
21,23,42,19.54128063,90.29751796,6.902751061,104.3739878,pomegranate,Tamil Nadu,Kharif,Loamy,2.475480212714905,2345.631388301527,58065.64088063421,90.29751796,High,1
25,17,40,18.91251245,87.74938524,6.608023872,111.28005159999998,pomegranate,Tamil Nadu,Kharif,Loamy,5.373143532030306,6882.29551205548,369795.61616122106,87.74938524,High,1
8,25,36,19.91330523,94.95031368,6.828522375,104.0277061,pomegranate,Tamil Nadu,Kharif,Loamy,4.684840743947415,4490.74698911244,210384.34465353139,94.95031368,High,1
26,18,42,19.72620525,89.64934166,6.910374919,108.22872759999998,pomegranate,Tamil Nadu,Kharif,Loamy,5.673530024938504,4045.6979864257164,229533.8899781955,89.64934166,High,1
4,19,42,23.83185873,87.84034604,6.306605528,111.2232716,pomegranate,Tamil Nadu,Kharif,Loamy,2.359463230207879,4907.51207341789,115790.9428903074,87.84034604,High,1
36,24,41,24.94467632,94.25702672,7.009180374,103.8799347,pomegranate,Tamil Nadu,Kharif,Loamy,4.284504140951128,4734.7803294170135,202861.85927881143,94.25702672,High,1
5,24,40,24.692258,93.87030088,6.297907578999999,104.6735454,pomegranate,Tamil Nadu,Kharif,Loamy,5.413703434975257,5188.933738012269,280913.48401336017,93.87030088,High,1
19,17,39,24.72485577,85.56083187,6.728599215,111.2787584,pomegranate,Tamil Nadu,Kharif,Loamy,5.844278155322117,6147.291713335476,359264.82674639195,85.56083187,High,1
39,30,38,20.12644921,87.59629625,6.965156737999999,108.065579,pomegranate,Tamil Nadu,Kharif,Loamy,5.4002377726842745,1630.5335640389808,88052.68942152818,87.59629625,High,1
5,29,44,21.02432943,93.0569505,5.578095745,104.7847006,pomegranate,Tamil Nadu,Kharif,Loamy,2.530497269704193,6735.941046885405,170452.80428031922,93.0569505,High,1
4,24,43,22.40423537,88.1508343,7.199504273,109.8695196,pomegranate,Tamil Nadu,Kharif,Loamy,2.585243568717484,2192.502265258192,56681.52380657256,88.1508343,High,1
38,21,35,20.33691147,89.38003827,5.841367187,110.9653137,pomegranate,Tamil Nadu,Kharif,Loamy,5.233240633593329,6641.147994649114,347547.25539304595,89.38003827,High,1
37,11,36,24.24779615,85.56033312,6.710143266,106.9216033,pomegranate,Tamil Nadu,Kharif,Loamy,3.2857276603864802,4755.540619075867,156254.11352189022,85.56033312,High,1
9,25,41,24.81530144,91.90842992,5.972714857000001,109.2853418,pomegranate,Tamil Nadu,Kharif,Loamy,4.556661948063122,5907.407003461533,269180.56704394764,91.90842992,High,1
29,22,43,19.66329768,87.95158129,5.561851831,106.0380805,pomegranate,Tamil Nadu,Kharif,Loamy,5.892818154387822,6465.506933314551,381000.5663395632,87.95158129,High,1
5,21,38,22.43377991,90.3396556,6.107054807999999,112.459697,pomegranate,Tamil Nadu,Kharif,Loamy,2.43832256206211,5760.229899741614,140452.98527204743,90.3396556,High,1
22,26,38,22.92052307,85.12912161,6.988035315,110.2437841,pomegranate,Tamil Nadu,Kharif,Loamy,5.333297454620194,4808.527592686682,256453.0797054685,85.12912161,High,1
4,18,37,22.91843172,85.40695044,7.13147457,106.2817706,pomegranate,Tamil Nadu,Kharif,Loamy,4.220821466751863,5681.96032417819,239825.40109523677,85.40695044,High,1
21,6,41,24.88244467,89.39686219,7.086947687,107.1951707,pomegranate,Tamil Nadu,Kharif,Loamy,4.809933023979186,6649.736154882024,319847.8553211542,89.39686219,High,1
29,21,45,23.40981539,93.13277,6.749260456,105.2240743,pomegranate,Tamil Nadu,Kharif,Loamy,4.106031610780874,5308.957173191685,217987.45973406927,93.13277,High,1
23,5,44,21.20725375,94.26304717,7.16300467,107.5660804,pomegranate,Tamil Nadu,Kharif,Loamy,3.914967719610673,3177.0631005756068,124380.99481919699,94.26304717,High,1
13,7,43,18.20230419,91.12282162,7.013481515,109.66239740000002,pomegranate,Tamil Nadu,Kharif,Loamy,2.0828859494103074,6509.43221108601,135584.0489110992,91.12282162,High,1
5,13,37,22.34375696,89.7870345,5.648243648999999,103.3183074,pomegranate,Tamil Nadu,Kharif,Loamy,2.4272608372725997,2716.879521973503,65945.75263274185,89.7870345,High,1
27,24,41,24.32770134,90.88292835,6.610251186,110.4606459,pomegranate,Tamil Nadu,Kharif,Loamy,4.27226706612627,6157.191991400677,263051.68564677535,90.88292835,High,1
7,23,35,19.75088482,88.71691157,7.054313822999999,102.5538035,pomegranate,Tamil Nadu,Kharif,Loamy,2.354972540506357,2990.623006895951,70428.35060246519,88.71691157,High,1
12,20,39,19.86173586,86.19740917,6.026999326,111.0217929,pomegranate,Tamil Nadu,Kharif,Loamy,5.231565449358028,4923.342019695556,257567.8600561184,86.19740917,High,1
4,19,43,18.07132963,93.14554876,5.7794274020000005,106.3602023,pomegranate,Tamil Nadu,Kharif,Loamy,2.642477021391092,6882.492692647941,181868.28790214288,93.14554876,High,1
3,9,45,23.89162561,89.61850203,6.535244251,104.617522,pomegranate,Tamil Nadu,Kharif,Loamy,2.0823803406630033,2472.855817293201,51494.26339225505,89.61850203,High,1
1,27,36,23.98598756,93.34236582,5.684995235,104.991282,pomegranate,Tamil Nadu,Kharif,Loamy,2.9983917660586035,3224.718495106242,96689.69383583446,93.34236582,High,1
23,30,44,20.93892916,85.42912869,6.12476108,103.0295938,pomegranate,Tamil Nadu,Kharif,Loamy,4.52352323301031,6636.87745720022,300220.69372287585,85.42912869,High,1
24,21,42,20.82210727,87.22815682,6.999014379,109.4429934,pomegranate,Tamil Nadu,Kharif,Loamy,3.142626718020401,3425.6595451940393,107655.69213568402,87.22815682,High,1
13,30,37,20.86474944,91.61793636,6.277148771,106.8685636,pomegranate,Tamil Nadu,Kharif,Loamy,5.248950200910162,3090.51330793977,162219.50448625986,91.61793636,High,1
40,11,44,24.45840036,86.10874614,6.322396027000001,111.3779693,pomegranate,Tamil Nadu,Kharif,Loamy,4.362027513273432,3110.793994828423,135693.68993567352,86.10874614,High,1
21,9,40,24.51147697,90.64498715,5.956401828,105.6209954,pomegranate,Tamil Nadu,Kharif,Loamy,5.7297903902388825,4168.872665566711,238867.66537293693,90.64498715,High,1
3,27,44,24.56811204,92.03009222,6.591302797000001,110.9633894,pomegranate,Tamil Nadu,Kharif,Loamy,2.056292483279707,4525.274411815639,93052.87757794495,92.03009222,High,1
40,29,42,24.63228709,89.01574455,7.104094929,110.6956184,pomegranate,Tamil Nadu,Kharif,Loamy,2.0372556873490093,2166.7622890322236,44142.48796464256,89.01574455,High,1
14,25,40,20.07386547,90.97819712,6.407872061,103.7084055,pomegranate,Tamil Nadu,Kharif,Loamy,4.167640404737471,6604.711916362489,275260.6424428336,90.97819712,High,1
38,14,37,21.80523051,94.63612858,6.658402594,102.6488846,pomegranate,Tamil Nadu,Kharif,Loamy,3.9136782261953216,2610.0210756098804,102147.82653525283,94.63612858,High,1
34,9,36,22.8122645,86.34233767,6.276038961,110.4432293,pomegranate,Tamil Nadu,Kharif,Loamy,5.121254993512186,3078.797326620387,157673.06182966626,86.34233767,High,1
32,14,37,22.73031253,88.48567856,6.825256236,104.6843243,pomegranate,Tamil Nadu,Kharif,Loamy,4.254660897293043,1657.746082401099,70531.47434432687,88.48567856,High,1
18,21,35,23.2801227,94.94330457,6.368560522,111.1382096,pomegranate,Tamil Nadu,Kharif,Loamy,5.14230133884381,6052.429893965705,311234.1834699814,94.94330457,High,1
8,23,38,19.30106297,87.1775172,7.005410734,105.4766591,pomegranate,Tamil Nadu,Kharif,Loamy,2.125019897634723,5870.549189359993,124750.33837433379,87.1775172,High,1
15,6,41,19.0087067,88.83768149,6.8973684770000006,108.6793978,pomegranate,Tamil Nadu,Kharif,Loamy,4.435203954734234,5518.091337084553,244738.60520822127,88.83768149,High,1
0,5,36,24.35193812,90.88612388,6.152906502,105.529185,pomegranate,Tamil Nadu,Kharif,Loamy,2.899047334275293,1644.8814932645278,47685.89308247293,90.88612388,High,1
22,9,44,24.72235539,88.87651295,5.744361602000001,112.1926517,pomegranate,Tamil Nadu,Kharif,Loamy,5.431896133179347,3160.7438631982577,171688.32368476968,88.87651295,High,1
14,8,43,21.92513945,94.46485312,7.051654924,111.71620159999998,pomegranate,Tamil Nadu,Kharif,Loamy,2.324098287621648,4023.9014452390866,93519.42458438437,94.46485312,High,1
31,11,45,24.83954414,86.88738076,6.034612928,107.6435771,pomegranate,Tamil Nadu,Kharif,Loamy,4.730878350439678,3861.96944238333,182705.0762503089,86.88738076,High,1
39,17,45,18.09691127,90.42177379,6.9244907310000015,104.88188999999998,pomegranate,Tamil Nadu,Kharif,Loamy,4.5097553050119785,4926.453501572796,222170.99813612757,90.42177379,High,1
10,5,42,20.24104904,91.08706822,6.887005997,109.2537734,pomegranate,Tamil Nadu,Kharif,Loamy,5.771606788622492,6170.325076169171,356126.90097625577,91.08706822,High,1
8,28,38,23.22594,94.42971362,6.8444019,105.6917856,pomegranate,Tamil Nadu,Kharif,Loamy,5.5358196818292145,4954.790339180409,274288.2587897216,94.42971362,High,1
32,13,42,23.50128217,92.97527546,5.786058032000001,106.61905,pomegranate,Tamil Nadu,Kharif,Loamy,2.442552105874669,3576.572730173228,87359.65253898533,92.97527546,High,1
18,9,40,19.44623085,89.02127045,5.627186257000001,106.1606833,pomegranate,Tamil Nadu,Kharif,Loamy,3.9708014856973093,1694.3818733353237,67280.54059978493,89.02127045,High,1
20,27,41,20.51343484,92.51675903,5.700088663,110.5764023,pomegranate,Tamil Nadu,Kharif,Loamy,4.910493261885389,1821.424711547152,89440.93773083827,92.51675903,High,1
39,25,36,18.90223032,94.99897537,5.567805185,107.6103211,pomegranate,Tamil Nadu,Kharif,Loamy,2.694280098799426,4460.471145912557,120177.58639701275,94.99897537,High,1
20,7,45,18.90592319,89.24126808,6.077886012,112.4750941,pomegranate,Tamil Nadu,Kharif,Loamy,2.0029274511122637,6105.709451276976,122292.9306847825,89.24126808,High,1
11,10,45,22.63045168,88.45577158,6.397995609,109.0357597,pomegranate,Tamil Nadu,Kharif,Loamy,4.401938073698151,6383.6093109931335,281002.5287367469,88.45577158,High,1
40,18,43,19.38603815,86.79058496,5.767372539,109.91309840000002,pomegranate,Tamil Nadu,Kharif,Loamy,5.263760165423972,5418.771588792082,285231.1403461493,86.79058496,High,1
3,26,39,24.38318965,91.19431555,7.079973241,103.6012114,pomegranate,Tamil Nadu,Kharif,Loamy,2.646335531213514,3372.5869364982573,89249.96642161874,91.19431555,High,1
9,16,36,23.77989026,92.93386903,5.893332377999999,106.977723,pomegranate,Tamil Nadu,Kharif,Loamy,5.9820573954298,6947.900844318357,415627.41628467577,92.93386903,High,1
30,20,38,22.59890174,93.16343942,7.058222596,110.0932899,pomegranate,Tamil Nadu,Kharif,Loamy,3.447763403493012,6688.312395052771,230597.18706791638,93.16343942,High,1
40,9,41,24.37766782,85.4017118,5.78270695,106.128338,pomegranate,Tamil Nadu,Kharif,Loamy,2.137293509710658,3194.3414327689234,68272.45212056863,85.4017118,High,1
40,30,35,20.89273273,91.07776977,6.269663962999999,104.4407083,pomegranate,Tamil Nadu,Kharif,Loamy,2.5352204128803146,6999.231965577423,177445.9575361629,91.07776977,High,1
32,25,35,18.09903225,85.70786282,5.892913826,107.0050976,pomegranate,Tamil Nadu,Kharif,Loamy,5.9562389817904595,6988.806350015146,416270.0081814491,85.70786282,High,1
33,23,45,20.00218987,85.83618191,7.116538883,112.337046,pomegranate,Tamil Nadu,Kharif,Loamy,3.1351574125446953,3495.1484159034644,109578.40464063597,85.83618191,High,1
4,14,41,19.85139326,89.80732335,6.430163481,102.8186358,pomegranate,Tamil Nadu,Kharif,Loamy,3.6619616782514974,2713.023604299823,99349.88471137708,89.80732335,High,1
13,17,45,21.25433607,92.65058936,7.159520979,106.2784673,pomegranate,Tamil Nadu,Kharif,Loamy,3.4485574118908002,3790.7012878729834,130724.51022558378,92.65058936,High,1
39,24,39,23.65374106,93.32657504,6.431265737,109.8076178,pomegranate,Tamil Nadu,Kharif,Loamy,3.887624296665024,2709.2427795538742,105325.18055357925,93.32657504,High,1
8,28,37,23.88404783,86.20613842,6.082571701,108.3121789,pomegranate,Tamil Nadu,Kharif,Loamy,4.22841404135605,4588.046913833163,194001.61992852436,86.20613842,High,1
91,94,46,29.36792366,76.24900101,6.149934034,92.82840911,banana,Tamil Nadu,Rabi,Loamy,2.604228381767196,6995.706700302992,182184.17939447996,76.24900101,High,0
105,95,50,27.33368994,83.67675197,5.849076099,101.0494791,banana,Tamil Nadu,Kharif,Loamy,4.6199605013578235,2477.9527316008166,114480.43744227498,83.67675197,High,1
108,92,53,27.40053601,82.96221306,6.276800323,104.9378,banana,Tamil Nadu,Kharif,Loamy,5.077487165964999,2923.9528491083584,148463.3306523448,82.96221306,High,1
86,76,54,29.3159075,80.11585705,5.926824754,90.10978128,banana,Tamil Nadu,Rabi,Loamy,5.590313143332359,5846.311463727048,326827.1181568796,80.11585705,High,0
80,77,49,26.05433004,79.39654531,5.519088423,113.2297373,banana,Tamil Nadu,Kharif,Loamy,2.7742855960593955,2721.5350365564163,75503.15451089447,79.39654531,High,1
93,94,53,25.86632408,84.42379269,6.079178787999999,114.5357503,banana,Tamil Nadu,Kharif,Loamy,5.592621758024911,5410.890967722623,302610.66556386004,84.42379269,High,1
90,92,55,27.00932084,80.18546798,6.13465588,97.32531705,banana,Tamil Nadu,Rabi,Loamy,2.414766625465177,2776.128429987088,67037.02280737861,80.18546798,High,0
108,89,53,29.55054817,78.06762846,5.808497603999999,99.34482238,banana,Tamil Nadu,Rabi,Loamy,2.5760672211378672,3808.2287339662394,98102.53212165787,78.06762846,High,0
108,88,55,26.28845991,83.390039,5.891458107,113.8729798,banana,Tamil Nadu,Kharif,Loamy,3.405061861419824,5844.713653277115,199016.1155169363,83.390039,High,1
105,77,52,29.16226551,76.16151562,5.816622478999999,100.0075679,banana,Tamil Nadu,Kharif,Loamy,2.375931247266515,4574.891933911494,108696.28698647853,76.16151562,High,1
118,88,52,28.65003945,82.68752542,5.8431631610000005,98.75084366,banana,Tamil Nadu,Rabi,Loamy,5.402884972873657,5524.438894893431,298479.07888778474,82.68752542,High,0
101,87,54,29.07311132,76.50045221,6.376756632999999,100.1692639,banana,Tamil Nadu,Kharif,Loamy,5.906024189783161,3634.5777598379996,214659.04169251118,76.50045221,High,1
95,75,50,28.08166093,75.26429821,5.623615687000001,118.2761894,banana,Tamil Nadu,Kharif,Loamy,5.297112495458771,4328.172604782951,229268.17187298104,75.26429821,High,1
106,85,53,27.1994597,78.80860679999998,5.91505509,99.72430835,banana,Tamil Nadu,Rabi,Loamy,4.331429924178565,1821.2244168578366,78885.0593782269,78.80860679999998,High,0
86,95,49,28.05484146,78.04602887,6.458714879,108.3957179,banana,Tamil Nadu,Kharif,Loamy,4.141813894279746,2885.177876422822,119498.69816036576,78.04602887,High,1
83,79,55,25.14748006,83.34688193,5.565028635,98.66679427,banana,Tamil Nadu,Rabi,Loamy,4.991385864852123,5963.23765877913,297648.20158784016,83.34688193,High,0
85,95,47,25.94019018,78.3422098,6.211833161,119.84797,banana,Tamil Nadu,Kharif,Loamy,2.9993608813976906,3764.7071292353307,112917.15293347451,78.3422098,High,1
109,79,45,27.66752761,79.68542782,6.490074429,108.66464,banana,Tamil Nadu,Kharif,Loamy,3.435223371913422,3877.7452309929413,133209.21047832762,79.68542782,High,1
100,76,45,25.56703012,75.94067692,5.590236025,102.7867717,banana,Tamil Nadu,Kharif,Loamy,3.1625061065588964,6458.870216003865,204262.16499583598,75.94067692,High,1
117,86,48,28.6956201,82.54195839,6.225225238999999,116.1616839,banana,Tamil Nadu,Kharif,Loamy,2.127925515251162,1951.4602815825967,41525.62125178825,82.54195839,High,1
114,94,53,26.33544853,76.8532006,6.190757458999999,118.6858263,banana,Tamil Nadu,Kharif,Loamy,5.277353321746229,1540.14687084815,81278.99204847545,76.8532006,High,1
110,78,50,25.93730186,78.89864446,5.915568968,98.21747528,banana,Tamil Nadu,Rabi,Loamy,2.4731687393188944,6853.224902446521,169491.81592252516,78.89864446,High,0
94,70,48,25.13686519,84.88394407,6.195152442,91.46442491,banana,Tamil Nadu,Rabi,Loamy,5.679919337054155,6554.483063391228,372289.3509614979,84.88394407,High,0
80,71,47,27.50527651,80.79783998,6.156373499,105.0776992,banana,Tamil Nadu,Kharif,Loamy,4.180555366989694,3212.0356786328875,134280.929952711,80.79783998,High,1
114,79,51,26.21009246,82.34429458,6.313197204,112.0700033,banana,Tamil Nadu,Kharif,Loamy,2.0572915297166174,6050.867460809432,124483.9837456114,82.34429458,High,1
88,78,45,29.10403455,79.19588629,6.324270089,92.07835761,banana,Tamil Nadu,Rabi,Loamy,2.1635487522452355,2134.601285250491,46183.13947244776,79.19588629,High,0
112,73,48,29.244063800000006,77.32017166,5.7074889870000005,90.66727868,banana,Tamil Nadu,Rabi,Loamy,2.635339933156034,3494.92473018002,92103.14704817983,77.32017166,High,0
117,76,47,25.56202173,77.38229006,6.119216009,93.10247183,banana,Tamil Nadu,Rabi,Loamy,3.9554397650339923,3939.697493514914,155832.3612805364,77.38229006,High,0
111,87,48,26.3985515,81.36028902,5.571401169,98.16752001,banana,Tamil Nadu,Rabi,Loamy,3.204678950289108,5659.284896732574,181361.9118224795,81.36028902,High,0
89,83,47,28.09577643,77.79586769,5.63127166,109.5408614,banana,Tamil Nadu,Kharif,Loamy,2.0599383143584,4599.750478295739,94752.0224672977,77.79586769,High,1
93,91,47,27.84767901,83.31110751,6.101241579,117.2878912,banana,Tamil Nadu,Kharif,Loamy,3.8620233911493083,1565.678955350182,60466.88748592616,83.31110751,High,1
92,81,52,27.39341554,81.4654833,6.438137278999998,94.31102057,banana,Tamil Nadu,Rabi,Loamy,5.865744332294753,3094.6903379665237,181526.6231013447,81.4654833,High,0
105,74,45,25.14517635,81.38204104,6.098369122,119.218154,banana,Tamil Nadu,Kharif,Loamy,5.802073351155961,4943.827011660107,286844.46957078116,81.38204104,High,1
102,71,48,28.65456263,79.28693687,5.695267822000001,102.4633775,banana,Tamil Nadu,Kharif,Loamy,3.450951557935864,4405.459941678218,152030.28849158486,79.28693687,High,1
94,91,51,29.16093424,76.67484233,5.6180944460000015,109.575944,banana,Tamil Nadu,Kharif,Loamy,5.459511360815568,2269.684365089948,123913.6757667404,76.67484233,High,1
116,71,47,27.57278064,82.0638878,6.435785799,91.34276507,banana,Tamil Nadu,Rabi,Loamy,2.972880598937884,4838.056559488523,143829.64482267597,82.0638878,High,0
117,79,49,25.40909896,82.36208097,6.176644228,112.9794804,banana,Tamil Nadu,Kharif,Loamy,5.518506591012288,3893.027818518948,214836.99675491007,82.36208097,High,1
119,72,55,25.99069521,83.33983116,6.220643671,112.0777152,banana,Tamil Nadu,Kharif,Loamy,3.242117640352292,2093.8297714819732,67884.42438016513,83.33983116,High,1
99,73,53,26.29039046,81.06003778,5.8717022110000014,118.6730366,banana,Tamil Nadu,Kharif,Loamy,5.152534290606511,3871.9482399699536,199503.46077898715,81.06003778,High,1
91,84,52,29.14827211,78.71024836,6.390741836,117.536781,banana,Tamil Nadu,Kharif,Loamy,4.947668991286496,2627.132678172632,129981.82887790177,78.71024836,High,1
80,90,47,26.59743595,79.35898915,6.21084479,107.3944717,banana,Tamil Nadu,Kharif,Loamy,4.938893591739335,6172.030803983898,304830.03385813854,79.35898915,High,1
101,70,48,25.36059237,75.03193255,6.012696655,116.5531455,banana,Tamil Nadu,Kharif,Loamy,4.400826307111324,6651.383280493348,292715.82519475545,75.03193255,High,1
108,89,53,29.12036889,80.18080728,5.908770059,112.3982055,banana,Tamil Nadu,Kharif,Loamy,5.284577401147706,2303.7386896857197,121742.85417662782,80.18080728,High,1
100,80,52,27.53911354,77.25629897,6.049801781,110.3262123,banana,Tamil Nadu,Kharif,Loamy,3.570974684223375,1915.4071536414876,68398.70455634105,77.25629897,High,1
109,91,53,29.66727337,83.51014178,6.010095852999999,110.2511102,banana,Tamil Nadu,Kharif,Loamy,4.794195042610536,4078.95883476283,195553.24224632408,83.51014178,High,1
82,78,46,25.05802193,84.97323747,5.738678895,110.4408803,banana,Tamil Nadu,Kharif,Loamy,3.5799089850126826,4073.419336221865,145824.70481465053,84.97323747,High,1
106,70,55,25.86824781,78.52399914,5.74055541,116.3019555,banana,Tamil Nadu,Kharif,Loamy,4.171233272269726,5636.501641604501,235111.63186663622,78.52399914,High,1
90,86,52,25.85036988,81.95580471,5.793260262,119.08561709999998,banana,Tamil Nadu,Kharif,Loamy,4.3286514541074705,6680.678253546303,289183.27636637364,81.95580471,High,1
83,95,50,26.51682337,77.79913575,5.50947065,108.8547508,banana,Tamil Nadu,Kharif,Loamy,5.408059277856617,5360.967449622592,289924.29754218785,77.79913575,High,1
119,90,48,28.66725136,79.59242542,5.986442306,118.2583441,banana,Tamil Nadu,Kharif,Loamy,5.974360462552147,4627.826202334634,276483.0189079089,79.59242542,High,1
107,72,45,28.14938935,81.54448882,5.790768046,91.40508414,banana,Tamil Nadu,Rabi,Loamy,4.424860312879957,2522.956581589001,111637.30448992454,81.54448882,High,0
116,81,55,26.42313317,83.69950440000002,5.915546415,95.12322062,banana,Tamil Nadu,Rabi,Loamy,5.665254254314826,4022.7150816988237,227897.03730490673,83.69950440000002,High,0
101,75,50,26.59386409,81.40740301,6.242528277999999,109.9825551,banana,Tamil Nadu,Kharif,Loamy,5.454755381582513,5162.207750212423,281585.8050631817,81.40740301,High,1
93,81,50,27.71822477,76.57853189,6.0360792660000016,102.2099836,banana,Tamil Nadu,Kharif,Loamy,4.041990775146876,2597.484663930305,104990.09050191776,76.57853189,High,1
95,75,45,28.98333432,82.95958244,5.829898502000001,109.022564,banana,Tamil Nadu,Kharif,Loamy,5.257551003333219,2357.7662667881527,123960.76401577271,82.95958244,High,1
107,71,55,29.42017919,83.96754496,6.088064451,117.229079,banana,Tamil Nadu,Kharif,Loamy,3.479910662690472,2458.5469197197453,85555.23640657558,83.96754496,High,1
83,94,47,27.39872329,81.10523402,6.469370954,112.1355384,banana,Tamil Nadu,Kharif,Loamy,2.9024625018289276,5939.502049363014,172391.81977812215,81.10523402,High,1
102,73,54,26.4020227,84.41007614,5.720726906,111.0162259,banana,Tamil Nadu,Kharif,Loamy,5.565751396521014,3586.8067097532517,199632.74453860102,84.41007614,High,1
86,79,45,27.81251452,82.69285419,5.80766417,99.20961514,banana,Tamil Nadu,Rabi,Loamy,2.6052768471268997,2306.776796496947,60097.92179403056,82.69285419,High,0
117,86,53,25.19640218,83.55829874,5.703381727999999,115.8586081,banana,Tamil Nadu,Kharif,Loamy,2.6966449950318716,5118.392735397456,138024.8815251704,83.55829874,High,1
111,79,53,28.31193338,75.77363772,6.165001277999999,119.695765,banana,Tamil Nadu,Kharif,Loamy,3.4965490087403044,5870.417827178657,205262.03634512945,75.77363772,High,1
95,74,50,25.90113128,80.47152737,6.002481605,110.10323,banana,Tamil Nadu,Kharif,Loamy,3.2090556156081567,3057.2059567948154,98107.43943723109,80.47152737,High,1
91,75,55,27.48612983,76.11239849,6.212369363,109.2768851,banana,Tamil Nadu,Kharif,Loamy,2.1424278192047614,6914.321293235686,148134.34289547976,76.11239849,High,1
93,83,46,29.38254012,83.50423735,5.765308943,109.2486647,banana,Tamil Nadu,Kharif,Loamy,2.7672874857885628,5420.832102138563,150010.0083880895,83.50423735,High,1
92,85,51,29.22118628,81.08183635,5.740764682000001,108.8616474,banana,Tamil Nadu,Kharif,Loamy,4.289269110417326,3354.8752327275038,143899.6270504222,81.08183635,High,1
104,80,54,27.09062164,81.33506906,5.879119455,110.1331182,banana,Tamil Nadu,Kharif,Loamy,4.605042360591254,2627.770623324793,121009.95034327956,81.33506906,High,1
103,72,51,26.12643374,81.81365007,6.099478745,104.4812858,banana,Tamil Nadu,Kharif,Loamy,2.634528274762321,3689.6872468499855,97205.8537685623,81.81365007,High,1
92,75,45,29.01207743,77.95192527,5.674403358999999,90.43495443,banana,Tamil Nadu,Rabi,Loamy,3.790802477908613,4945.107895411471,187459.27263451248,77.95192527,High,0
93,85,49,27.96799119,79.28625709,5.694243847,119.4765557,banana,Tamil Nadu,Kharif,Loamy,2.218113908934119,6451.59695958045,143103.76950882468,79.28625709,High,1
120,87,52,28.0764455,76.05522115,5.905494703,118.99235729999998,banana,Tamil Nadu,Kharif,Loamy,5.0426150343316465,2592.62752184389,130736.22520071999,76.05522115,High,1
108,72,46,25.16278237,84.97849241,6.110844721,90.94554618,banana,Tamil Nadu,Rabi,Loamy,5.158312588570284,5143.16512775342,265300.5342358616,84.97849241,High,0
105,88,54,25.78749808,84.51194224,6.020445317,114.2005455,banana,Tamil Nadu,Kharif,Loamy,5.423484897107237,3770.957443393198,204517.30741877126,84.51194224,High,1
98,79,50,25.34119774,84.47321314,6.435917308,91.06493353,banana,Tamil Nadu,Rabi,Loamy,5.377223661821079,5524.201130320138,297048.65030616196,84.47321314,High,0
111,88,55,29.44795403,78.34971537,5.505393832999999,96.45042585,banana,Tamil Nadu,Rabi,Loamy,2.676491577044391,4404.124847458917,117876.03058475704,78.34971537,High,0
97,74,45,26.47522633,78.51833782,5.677719902000001,113.1161095,banana,Tamil Nadu,Kharif,Loamy,3.387832108136323,5263.515871891947,178319.08072480693,78.51833782,High,1
95,82,48,27.39489579,83.31172003,5.719014989,92.78133617,banana,Tamil Nadu,Rabi,Loamy,3.792171532664408,6400.084028180391,242702.1645832583,83.31172003,High,0
89,91,55,25.08347445,80.26173100000003,6.275572297999999,94.32961456,banana,Tamil Nadu,Rabi,Loamy,5.1529763984313615,2415.4947240630745,124469.87303632498,80.26173100000003,High,0
89,85,55,26.671983500000003,76.48541655,6.275384607,91.73358569,banana,Tamil Nadu,Rabi,Loamy,4.014471115050421,2806.6399942323687,112671.75187191126,76.48541655,High,0
118,88,51,25.44926208,79.49221962,6.201911642000001,100.6619171,banana,Tamil Nadu,Kharif,Loamy,2.6593459456496813,5606.162168963508,149087.24634687728,79.49221962,High,1
101,92,45,28.22776705,80.64303840000002,5.758054257,98.00403016,banana,Tamil Nadu,Rabi,Loamy,4.1347819334718565,2503.8672395076414,103529.45025728246,80.64303840000002,High,0
99,92,47,28.127950899999995,77.48247073,6.3239336470000005,103.5045395,banana,Tamil Nadu,Kharif,Loamy,5.5649878634235135,6550.427176269447,364530.47736179025,77.48247073,High,1
82,77,46,28.9470467,82.1888998,5.901100841,95.83016448,banana,Tamil Nadu,Rabi,Loamy,2.195420801773208,3004.2512648748398,65955.95720659696,82.1888998,High,0
90,86,55,27.96236771,84.15403614,5.644486582000001,97.55986676,banana,Tamil Nadu,Rabi,Loamy,4.824209125584015,3470.123772426762,167406.02769847214,84.15403614,High,0
95,88,52,28.00316034,78.90085998,6.235461772000001,94.68180316,banana,Tamil Nadu,Rabi,Loamy,2.1230469060183466,2061.4395866999216,43765.32936487008,78.90085998,High,0
104,73,46,29.1400919,80.1190228,6.28236237,90.45142867,banana,Tamil Nadu,Rabi,Loamy,5.320869626171742,5944.218937312784,316284.1399486246,80.1190228,High,0
102,73,52,27.9122104,83.36307683,6.356090905,90.24211529,banana,Tamil Nadu,Rabi,Loamy,2.6016886854303367,5623.367690939678,146302.5209553228,83.36307683,High,0
100,74,52,25.43480512,81.53977797,5.837258235,96.47800391,banana,Tamil Nadu,Rabi,Loamy,3.969434657503825,6962.614661794379,276376.43945370876,81.53977797,High,0
94,89,48,28.55980972,84.51602322,5.653437902,111.0843029,banana,Tamil Nadu,Kharif,Loamy,4.774952343758168,1950.6025765429624,93140.34344604539,84.51602322,High,1
99,70,46,26.59580783,82.99556744,5.727469947,100.5123341,banana,Tamil Nadu,Kharif,Loamy,4.831344643948643,6190.651494316741,299091.7093961985,82.99556744,High,1
112,87,48,27.19711623,77.39706290000002,6.200111067999999,99.46950465,banana,Tamil Nadu,Rabi,Loamy,2.1732740719281534,4487.388341360036,97523.24732950449,77.39706290000002,High,0
117,82,45,25.29391516,79.29122198,5.614471478,105.4220251,banana,Tamil Nadu,Kharif,Loamy,3.7266979021585445,2673.612411140971,99637.45763784103,79.29122198,High,1
96,86,51,29.90888522,76.98740841,6.257369799,91.99964712,banana,Tamil Nadu,Rabi,Loamy,4.674612803641366,1614.8331656126743,75487.19791717725,76.98740841,High,0
113,85,45,27.94972463,76.63713353,6.037430836,109.0921631,banana,Tamil Nadu,Kharif,Loamy,4.835544392207362,4024.5365336408854,194608.2506648084,76.63713353,High,1
105,93,46,25.01018457,78.76260938,5.760457558,108.3690513,banana,Tamil Nadu,Kharif,Loamy,2.841448857168038,5368.455667303502,152541.92220616812,78.76260938,High,1
85,89,51,29.21144871,84.70189923,6.1581644220000005,108.5501443,banana,Tamil Nadu,Kharif,Loamy,2.6063832618287384,4689.250402731819,122219.83760203884,84.70189923,High,1
108,94,47,27.35911627,84.54625006,6.387431382999999,90.81250457,banana,Tamil Nadu,Rabi,Loamy,5.012357618118996,2050.622041089848,102784.51009539425,84.54625006,High,0
92,81,52,28.0106804,76.52808057,5.891413895,103.7040783,banana,Tamil Nadu,Kharif,Loamy,3.563895989015295,1557.6689592824296,55513.701562002796,76.52808057,High,1
110,71,54,28.67208915,82.20793613,5.725418961,94.37987496,banana,Tamil Nadu,Rabi,Loamy,4.046521992433346,5074.731422541682,205350.12307007477,82.20793613,High,0
82,75,55,27.34585147,78.48738349999998,6.281069505,92.15524332,banana,Tamil Nadu,Rabi,Loamy,3.397183914028818,3351.6591577333074,113862.02575958968,78.48738349999998,High,0
117,81,53,29.50704598,78.20585613,5.507641777999999,98.12565829,banana,Tamil Nadu,Rabi,Loamy,3.4710186874750106,4736.190144134207,164394.04497724798,78.20585613,High,0
2,40,27,29.73770045,47.54885174,5.954626604,90.09586854,mango,Tamil Nadu,Rabi,Loamy,3.67239508771163,1733.0769974498112,63645.43452060708,47.54885174,Medium,0
39,24,31,33.55695561,53.72979826,4.757114897,98.67527561,mango,Tamil Nadu,Rabi,Clay,4.307454858322707,3616.938250464031,155797.98239214523,53.72979826,Medium,0
21,26,27,27.00315545,47.67525434,5.6995869720000005,95.85118326,mango,Tamil Nadu,Rabi,Loamy,5.0160926339013745,1571.6969270584125,78837.77378543129,47.67525434,Medium,0
25,22,25,33.56150184,45.53556603,5.977413802999999,95.70525913,mango,Tamil Nadu,Rabi,Loamy,2.0100479217626868,3909.9575408790975,78592.02029224375,45.53556603,Medium,0
0,21,32,35.89855625,54.25964196,6.430139436,92.19721736,mango,Tamil Nadu,Rabi,Loamy,3.972194292592022,4441.402140200527,176421.12232410526,54.25964196,Medium,0
20,19,35,34.17719782,50.62161586,6.113935087000001,98.00687989,mango,Tamil Nadu,Rabi,Loamy,2.136622192064692,4998.96867795411,106809.07414753047,50.62161586,Medium,0
19,21,34,30.01592643,53.19212381,5.074272692,97.72843182,mango,Tamil Nadu,Rabi,Clay,2.7558551364022956,1965.9022511615246,54177.418165283234,53.19212381,Medium,0
18,17,31,31.74592134,45.16127859,5.667507706,93.75441586,mango,Tamil Nadu,Rabi,Loamy,4.056832636410332,1941.625050805335,78768.47873778953,45.16127859,Medium,0
11,36,33,35.99009679,52.22780489,5.978634285,95.3713484,mango,Tamil Nadu,Rabi,Loamy,2.6490197241446727,4154.625063232809,110056.8373892952,52.22780489,Medium,0
30,28,30,31.86641378,52.19331595,5.064613314,98.46768642,mango,Tamil Nadu,Rabi,Clay,5.1857391538445645,6718.744681185973,348416.5735791101,52.19331595,Medium,0
18,19,27,27.75518664,52.34605806,4.772385986000001,94.11213345,mango,Tamil Nadu,Rabi,Clay,5.992939212354367,6226.6774548524645,373160.9948186822,52.34605806,Medium,0
23,23,27,34.72413192,51.4271781,5.161148592,97.31258083,mango,Tamil Nadu,Rabi,Clay,3.8293597494879923,4040.6267595843806,154730.13475856523,51.4271781,Medium,0
37,30,34,27.53907547,53.63549533,6.797779227,99.35408185,mango,Tamil Nadu,Rabi,Loamy,5.78175409322559,3702.5574301528504,214072.76577189067,53.63549533,Medium,0
11,27,30,27.69637763,48.56224879999999,6.39474303,89.85646496,mango,Tamil Nadu,Rabi,Loamy,4.3353906017912145,2710.4164550142923,117507.14026009224,48.56224879999999,Medium,0
12,19,31,27.25373364,52.66319725,5.566704378,91.87312479,mango,Tamil Nadu,Rabi,Loamy,3.6903637590482425,6868.698528701891,253479.96122149442,52.66319725,Medium,0
3,28,33,30.33723921,48.88704844,5.755049971,94.42850522,mango,Tamil Nadu,Rabi,Loamy,4.057814348249316,3804.9985023094237,154399.7751773834,48.88704844,Medium,0
37,38,32,31.85744939,45.53106268,5.417340525,91.55845821,mango,Tamil Nadu,Rabi,Clay,5.70489161261219,6162.9488361762415,351589.551244599,45.53106268,Medium,0
26,37,30,35.39986338,49.45962621,6.166173833999999,97.41054011,mango,Tamil Nadu,Rabi,Loamy,3.8141227519350727,3368.388673713459,128474.47877770908,49.45962621,Medium,0
14,18,30,29.80747243,52.13797867,5.191265116,95.74606104,mango,Tamil Nadu,Rabi,Clay,3.3923816037200485,1761.100205319183,59743.239388323964,52.13797867,Medium,0
40,16,35,34.16438906,54.16482251,4.954739564,98.33351125,mango,Tamil Nadu,Rabi,Clay,3.4831641932190593,3643.7840215567016,126918.98031710049,54.16482251,Medium,0
4,20,25,28.93270187,47.94053996,5.664587011,99.9834242,mango,Tamil Nadu,Rabi,Loamy,4.40569895149701,4527.593059149725,199472.11993501085,47.94053996,Medium,0
36,25,33,27.98392787,53.33018851,5.548584852,99.61465679,mango,Tamil Nadu,Rabi,Loamy,4.365705290823127,4011.0835244239574,175112.08564511145,53.33018851,Medium,0
30,17,31,31.20478173,54.49960506,6.804437106,94.62954663,mango,Tamil Nadu,Rabi,Loamy,3.5419931548868666,4355.4368546768,154269.2752580721,54.49960506,Medium,0
28,37,28,32.13409675,50.52559148,6.097869767000001,98.63333684,mango,Tamil Nadu,Rabi,Loamy,3.9444013785024037,1671.2703217581598,65921.60960993041,50.52559148,Medium,0
38,15,30,28.91862016,48.13974548,5.075504537,97.01331604,mango,Tamil Nadu,Rabi,Clay,2.888702709194086,6729.145088122483,194384.99646619492,48.13974548,Medium,0
12,37,30,31.09779147,47.41196659,4.546466109,90.28624348,mango,Tamil Nadu,Rabi,Clay,2.28382757079327,3962.552395882454,90497.86412429277,47.41196659,Medium,0
38,19,31,34.73823882,49.08864345,5.855119267999999,90.65022183,mango,Tamil Nadu,Rabi,Loamy,3.221027540192827,2312.8327010621156,74496.9782597964,49.08864345,Medium,0
8,33,29,29.98080499,49.48613279,6.442393461,91.82271568,mango,Tamil Nadu,Rabi,Loamy,4.2786144493119505,1683.397978744894,72026.10915800436,49.48613279,Medium,0
15,27,28,33.80398664,46.12866113,4.507523551,90.82549241,mango,Tamil Nadu,Rabi,Clay,4.234396268564632,6530.678516057076,276534.8073958729,46.12866113,Medium,0
34,16,25,30.07202564,50.96040505,6.10729559,92.09609766,mango,Tamil Nadu,Rabi,Loamy,2.967282382879823,3196.2619760697226,94842.11852660337,50.96040505,Medium,0
11,36,31,27.92063282,51.77965917,6.47544932,100.2585673,mango,Tamil Nadu,Kharif,Loamy,4.1677736247709145,4893.022040860955,203930.0820732304,51.77965917,Medium,1
33,29,34,31.40948821,49.21729127,6.832979508999999,92.99739415,mango,Tamil Nadu,Rabi,Loamy,4.505616130692301,4410.334749306961,198712.75388230232,49.21729127,Medium,0
12,31,26,35.7877738,51.94190321,5.395275719,100.2160615,mango,Tamil Nadu,Kharif,Clay,5.764217308767047,3838.6086506935703,221265.74425910797,51.94190321,Medium,1
12,34,28,33.36140093,45.02236377,6.13526938,98.81596545,mango,Tamil Nadu,Rabi,Loamy,5.701808423406801,6495.809988696612,370378.64110400376,45.02236377,Medium,0
5,16,31,35.96054636,48.69677802,4.555688532,98.00644238,mango,Tamil Nadu,Rabi,Clay,3.6870492026269335,1553.4940872970526,57278.09135854253,48.69677802,Medium,0
1,30,29,28.33333307,51.39586505,6.4341977560000005,91.67241761,mango,Tamil Nadu,Rabi,Loamy,5.83900229205622,3272.6798241743027,191091.84994519898,51.39586505,Medium,0
16,35,31,32.27652024,50.19368841,5.316875978000001,95.99487068,mango,Tamil Nadu,Rabi,Clay,3.4254618565293597,2370.923152159885,81215.06822486041,50.19368841,Medium,0
35,18,26,31.99490489,50.84881347,5.279388967,97.38741498,mango,Tamil Nadu,Rabi,Clay,2.549806012563953,5545.396342531325,141396.84936236526,50.84881347,Medium,0
4,40,26,27.58258929,48.56916221,6.720041791,95.8445641,mango,Tamil Nadu,Rabi,Loamy,5.470072989458766,3114.2578781263805,170352.17901348282,48.56916221,Medium,0
9,29,34,29.38471637,45.88744691,5.72742254,100.8124659,mango,Tamil Nadu,Kharif,Loamy,3.0490887473948627,6318.174861781732,192646.7587513177,45.88744691,Medium,1
2,38,33,32.38697531,53.2328243,4.691396195,90.21633216,mango,Tamil Nadu,Rabi,Clay,2.1512244212805403,2593.746117247705,55797.29990024843,53.2328243,Medium,0
26,32,32,30.91471455,49.92963856,6.810186079,90.14047759,mango,Tamil Nadu,Rabi,Loamy,5.584743453300584,6252.812994036527,349203.5643315832,49.92963856,Medium,0
34,38,31,35.37775595,45.58110023,6.454045329,97.41586402,mango,Tamil Nadu,Rabi,Loamy,2.2059724319570333,3955.9212929454584,87266.53315229504,45.58110023,Medium,0
5,32,33,32.32362177,52.58967710000001,5.842763773,93.36718816,mango,Tamil Nadu,Rabi,Loamy,2.7711651445513543,3965.140411009382,109880.58900241231,52.58967710000001,Medium,0
31,29,26,28.22373428,47.40519056,5.024124683999999,97.76832322,mango,Tamil Nadu,Rabi,Clay,4.216641265484732,3623.693515902931,152798.15612625753,47.40519056,Medium,0
34,34,35,27.27433181,47.16808054,6.422710539,95.257992,mango,Tamil Nadu,Rabi,Loamy,3.3284793901078213,2862.258235422226,95269.67545769259,47.16808054,Medium,0
36,19,32,27.10710832,50.70880979,4.94295037,92.37238878,mango,Tamil Nadu,Rabi,Clay,3.3187223269634036,2764.5919782318274,91749.1312310189,50.70880979,Medium,0
7,17,26,34.89226666,48.75613373,6.414526606,91.63074547,mango,Tamil Nadu,Rabi,Loamy,5.85426741169365,3242.1452370285583,189803.85205114074,48.75613373,Medium,0
38,15,27,33.7462686,48.50387598,6.777788126,92.26439205,mango,Tamil Nadu,Rabi,Loamy,5.805255430504008,4027.839312223779,233826.36040484623,48.50387598,Medium,0
5,19,25,27.351105600000004,54.43945147,6.441328044,96.27792547,mango,Tamil Nadu,Rabi,Loamy,3.1672398181172645,5094.249758277513,161347.1067785079,54.43945147,Medium,0
37,36,26,32.89300162,52.61323969,4.650536197,94.49161372,mango,Tamil Nadu,Rabi,Clay,4.323074813200002,3402.0582218653044,147073.5221198588,52.61323969,Medium,0
21,31,32,35.38598705,51.42664176,5.254532213,90.29643888,mango,Tamil Nadu,Rabi,Clay,5.797609485421374,4638.826630493374,268941.0527417366,51.42664176,Medium,0
37,36,27,27.552973600000005,47.90859131,5.910634533,90.40332704,mango,Tamil Nadu,Rabi,Loamy,4.3710026849063155,2091.1962457549007,91406.24404860678,47.90859131,Medium,0
23,23,30,32.82141065,47.45553843,4.755273631000001,90.89173106,mango,Tamil Nadu,Rabi,Clay,3.238275416469668,1955.9860626571988,63340.21581660106,47.45553843,Medium,0
36,26,26,30.17294105,51.0845903,6.814630246,95.23444287,mango,Tamil Nadu,Rabi,Loamy,5.353654005526904,3361.58753493118,179967.7657131362,51.0845903,Medium,0
24,33,35,29.26382931,54.82257868,5.342866119,100.7586226,mango,Tamil Nadu,Kharif,Clay,5.02172483688655,1877.064710637355,94261.02477850871,54.82257868,Medium,1
26,18,30,32.06097197,51.08494181,6.336234623999999,96.59816497,mango,Tamil Nadu,Rabi,Loamy,3.7272650790470476,2178.2444244772073,81188.9437698283,51.08494181,Medium,0
22,17,26,28.69818144,47.71875722,4.754435025,99.642454,mango,Tamil Nadu,Rabi,Clay,2.5101583283645845,4504.342521283101,113066.12893605506,47.71875722,Medium,0
11,34,32,29.14305008,49.40983294,6.831706773,97.55155537,mango,Tamil Nadu,Rabi,Loamy,2.427821205062669,1590.270277018412,38608.91900326185,49.40983294,Medium,0
29,35,28,28.347161100000005,53.53903102,6.9674177660000005,90.40260445,mango,Tamil Nadu,Rabi,Loamy,5.264151518762507,5208.332595168953,274174.51941078913,53.53903102,Medium,0
22,28,26,27.67256197,45.41692012,4.947683034,92.84991507,mango,Tamil Nadu,Rabi,Clay,4.938164888031444,6856.48901569854,338584.73312495806,45.41692012,Medium,0
23,24,32,28.1218093,46.16888595,5.630619901,93.30247448,mango,Tamil Nadu,Rabi,Loamy,3.8788811978429765,5769.671145500919,223798.68924020662,46.16888595,Medium,0
1,35,34,30.79375683,46.69536813,6.27339822,92.21318555,mango,Tamil Nadu,Rabi,Loamy,2.779375621276096,4660.956524937272,129545.48937238402,46.69536813,Medium,0
2,24,34,28.89409382,54.80750249,6.472774648,94.76322976,mango,Tamil Nadu,Rabi,Loamy,5.105015741975068,5669.929607296179,289450.7990113751,54.80750249,Medium,0
39,37,25,33.33024826,45.61143594,6.953246506,98.28583013,mango,Tamil Nadu,Rabi,Loamy,4.658488414296857,3808.3870169609086,177413.26795670958,45.61143594,Medium,0
15,36,27,27.78912455,53.96886679,5.6437102160000014,91.01152997,mango,Tamil Nadu,Rabi,Loamy,5.384453785667931,6467.136863312795,348219.99566097214,53.96886679,Medium,0
3,18,31,31.65333432,48.20662669,6.392313972999999,91.09745581,mango,Tamil Nadu,Rabi,Loamy,5.990913734217687,1870.888993807859,112083.34568200211,48.20662669,Medium,0
8,38,32,29.75150773,46.73723302,4.981816523,91.405983,mango,Tamil Nadu,Rabi,Clay,5.100970393689183,5007.281158681299,255419.9294331097,46.73723302,Medium,0
33,31,34,31.32995611,50.22287593,5.421265282999999,89.78216168,mango,Tamil Nadu,Rabi,Clay,2.0294408360053167,5655.586932550569,114776.79072496173,50.22287593,Medium,0
14,29,32,35.63627319,48.97047762,6.942520105,97.51952041,mango,Tamil Nadu,Rabi,Loamy,4.544696515830168,6699.586985493299,304475.8963047253,48.97047762,Medium,0
18,20,26,31.66524687,51.98594645,5.435840509,89.98024312,mango,Tamil Nadu,Rabi,Clay,4.366844715671877,6847.739700652501,299030.1592609089,51.98594645,Medium,0
9,21,32,32.26935342,53.56092806,5.870116071,95.94035356,mango,Tamil Nadu,Rabi,Loamy,4.522375029527845,5764.6407302141,260698.67292519409,53.56092806,Medium,0
20,30,27,27.81005614,51.59445462,4.74910393,95.89898581,mango,Tamil Nadu,Rabi,Clay,2.1974874477258597,3938.289384401397,86543.41487734072,51.59445462,Medium,0
9,38,25,34.58561471,50.34035336,5.497946899,100.3060719,mango,Tamil Nadu,Kharif,Clay,2.8123972233842784,4071.2063751538776,114498.49505307138,50.34035336,Medium,1
26,24,34,31.27180992,52.23810152,6.811291098,89.74409017,mango,Tamil Nadu,Rabi,Loamy,2.6849482777841893,4453.765626138973,119581.30347556257,52.23810152,Medium,0
31,36,29,33.93679864,52.72170281,6.460542749,97.4611918,mango,Tamil Nadu,Rabi,Loamy,3.7156780286811593,2315.8889980404433,86050.97866883299,52.72170281,Medium,0
14,18,35,31.09154239,47.02058367,4.791146778,91.46664318,mango,Tamil Nadu,Rabi,Clay,3.2543767312913503,4604.196360724773,149837.89502639015,47.02058367,Medium,0
40,16,35,31.89356292,49.02450149,6.4841522000000005,89.59371481,mango,Tamil Nadu,Rabi,Loamy,4.4862033259218315,6498.457272914725,291534.0063111095,49.02450149,Medium,0
28,27,34,32.45465292,50.69693751,6.526654345,95.04871605,mango,Tamil Nadu,Rabi,Loamy,4.893246457210338,3856.7488136331467,188720.22468660568,50.69693751,Medium,0
0,17,30,35.47478322,47.97230503,6.279133738,97.79072474,mango,Tamil Nadu,Rabi,Loamy,5.052384057673709,4176.325592266908,211004.00842024037,47.97230503,Medium,0
1,29,29,27.32961444,49.30347234,6.052026047000001,93.53197359,mango,Tamil Nadu,Rabi,Loamy,5.082586732857674,2885.1782720629967,146641.68807516617,49.30347234,Medium,0
2,36,31,30.90225239,49.95955487,5.73171945,91.77522598,mango,Tamil Nadu,Rabi,Loamy,5.525003190908057,3799.426625049582,209918.4422701997,49.95955487,Medium,0
12,27,26,29.09382275,45.5661059,5.32307197,96.23520043,mango,Tamil Nadu,Rabi,Clay,4.632535615942826,5168.445550235301,239430.0809052625,45.5661059,Medium,0
7,28,35,30.02086169,46.78393776,4.66910839,96.63721027,mango,Tamil Nadu,Rabi,Clay,2.8851085241096404,2915.9266745424484,84127.64904401093,46.78393776,Medium,0
0,36,26,34.13072188,51.25786185,5.101206389,96.38808001,mango,Tamil Nadu,Rabi,Clay,5.894003844621571,2325.3717677833747,137057.50139489668,51.25786185,Medium,0
26,35,31,33.44619894,53.05980465,5.339556562,98.05089394,mango,Tamil Nadu,Rabi,Clay,2.507743227080943,2766.5833170781907,69378.80575557961,53.05980465,Medium,0
27,21,30,35.3915464,52.48823147,5.061081874,91.22881052,mango,Tamil Nadu,Rabi,Clay,3.102837756532273,1682.7411078454065,52212.726438916725,52.48823147,Medium,0
22,38,31,31.53356352,53.06009323,5.8211060360000015,98.57025046,mango,Tamil Nadu,Rabi,Loamy,3.887533954686645,3252.1044248088347,126426.66375631027,53.06009323,Medium,0
22,18,31,30.764551500000003,47.93791463,5.956027059,90.38503469,mango,Tamil Nadu,Rabi,Loamy,4.654941069631194,4521.252311741144,210461.63072088826,47.93791463,Medium,0
28,23,28,30.01821337,50.09831810000001,5.676032581,96.08745082,mango,Tamil Nadu,Rabi,Loamy,2.8168122973601735,5812.977740238446,163740.67182984608,50.09831810000001,Medium,0
7,31,27,31.32863689,47.59319575,6.524114355,94.67344737,mango,Tamil Nadu,Rabi,Loamy,3.410435496493608,5313.651246493731,181218.64827029727,47.59319575,Medium,0
29,34,26,33.88004781,54.39416048,6.2739536760000005,89.29147581,mango,Tamil Nadu,Rabi,Loamy,3.429361255555662,4297.052432712995,147361.4512583715,54.39416048,Medium,0
8,37,33,28.07802689,54.9640534,6.128167757000001,97.45373619,mango,Tamil Nadu,Rabi,Loamy,2.172979184279466,1687.4519836990357,36667.98035049097,54.9640534,Medium,0
39,16,27,35.53845018,52.94641947,4.934964765,91.54560427,mango,Tamil Nadu,Rabi,Clay,3.799814076051728,4977.944592958351,189152.63934128731,52.94641947,Medium,0
40,24,25,28.70595247,50.44030129,5.445008416,95.8946444,mango,Tamil Nadu,Rabi,Clay,5.240782488765122,3676.7744696215454,192691.75255531265,50.44030129,Medium,0
19,38,26,31.48451729,48.77926304,4.525722333,93.17221967,mango,Tamil Nadu,Rabi,Clay,5.994421177346269,2274.241200666698,136327.59615669862,48.77926304,Medium,0
21,21,30,27.69819273,51.41593238,5.403908327999999,100.7720705,mango,Tamil Nadu,Kharif,Clay,4.398916558314711,3434.3082103683882,151072.35252945664,51.41593238,Medium,1
22,18,33,30.41235793,52.48100602,6.621623545,93.92375879,mango,Tamil Nadu,Rabi,Loamy,3.110391846169513,6476.058587018935,201430.79824379756,52.48100602,Medium,0
31,20,30,32.17752026,54.01352682,6.207495815,91.88766069,mango,Tamil Nadu,Rabi,Loamy,5.096319074392097,6020.56199572143,306827.0493735528,54.01352682,Medium,0
18,26,31,32.611261400000004,47.74916499,5.418475257000001,91.10190759,mango,Tamil Nadu,Rabi,Clay,5.283178352827221,4182.979505248411,220994.26772448324,47.74916499,Medium,0
24,130,195,29.99677232,81.54156612,6.112305667,67.12534492,grapes,Tamil Nadu,Rabi,Loamy,5.226373181300611,5298.522597388321,276920.5640350557,81.54156612,High,0
13,144,204,30.7280404,82.42614055,6.092241627000001,68.38135469,grapes,Tamil Nadu,Rabi,Loamy,4.822196358730156,4510.817107763387,217520.45831954296,82.42614055,High,0
22,123,205,32.44577836,83.88504863,5.896343436,68.73932528,grapes,Tamil Nadu,Rabi,Loamy,3.5289578234903307,3675.3876162189713,129702.87882615416,83.88504863,High,0
36,125,196,37.46566825,80.65968681,6.15526103,66.83872293,grapes,Tamil Nadu,Rabi,Loamy,3.3833566422765626,4629.90078202593,156646.05563948883,80.65968681,High,0
24,131,196,22.03296178,83.74372787,5.732453638,65.34440794,grapes,Tamil Nadu,Rabi,Loamy,5.644126480504521,2115.019125065428,119374.35450555284,83.74372787,High,0
2,123,198,39.64851881,82.21079946,6.253034534,70.39906054,grapes,Tamil Nadu,Rabi,Loamy,5.51946646590457,3999.674269090382,220760.68002785734,82.21079946,High,0
35,140,197,16.77557314,82.75241875,6.106190557000001,66.76285469,grapes,Tamil Nadu,Rabi,Loamy,4.063866541840891,6054.939548669301,246064.6624470636,82.75241875,High,0
11,122,195,12.14190714,83.56812483,5.647202395,69.63122027,grapes,Tamil Nadu,Rabi,Loamy,2.586996333561652,6359.904219222262,164530.48896931275,83.56812483,High,0
6,123,203,12.7567962,81.62497448,6.130310493,66.77844567,grapes,Tamil Nadu,Rabi,Loamy,4.866321167125333,3208.624022605331,156141.94998551157,81.62497448,High,0
17,134,204,39.04071989,80.18393287,6.499604931,73.88467027,grapes,Tamil Nadu,Rabi,Loamy,2.7615156458219303,5063.307560783352,139824.030487117,80.18393287,High,0
25,130,197,39.70772192,82.68593454,5.554831977,74.91506217,grapes,Tamil Nadu,Rabi,Loamy,2.6073915895337927,5221.164318893767,136136.1993265754,82.68593454,High,0
27,145,205,9.467960445,82.29335466,5.800242694,66.02765219,grapes,Tamil Nadu,Rabi,Loamy,5.694933716322117,5484.5550999195475,312341.7775755825,82.29335466,High,0
9,122,201,29.58748357,80.91934392,5.570290539,68.06417307,grapes,Tamil Nadu,Rabi,Loamy,3.3881365780774497,1893.1807551056538,64143.54965285752,80.91934392,High,0
16,139,203,17.82803682,80.96093443,6.27564088,65.84748763,grapes,Tamil Nadu,Rabi,Loamy,5.174265123242261,3233.0893178279885,167288.61297564476,80.96093443,High,0
32,141,204,8.825674745,82.89753705,5.536645599,67.235765,grapes,Tamil Nadu,Rabi,Loamy,2.0903638344853075,3600.467546363836,75262.87146157015,82.89753705,High,0
22,138,195,27.83487131,83.51444973,6.208196881,73.02882766,grapes,Tamil Nadu,Rabi,Loamy,2.8894859211913317,3486.998584163423,100756.33316154317,83.51444973,High,0
31,144,202,11.02105378,80.55557235,5.870600622,68.23963161,grapes,Tamil Nadu,Rabi,Loamy,4.428682191230633,6461.666071685818,286166.65457354183,80.55557235,High,0
3,136,205,17.5862944,80.84806564,6.334771461,71.40654520000002,grapes,Tamil Nadu,Rabi,Loamy,5.263538802977292,4351.6787293149155,229052.29849839976,80.84806564,High,0
28,122,197,19.89363946,82.73366439,5.856575335,69.66256816,grapes,Tamil Nadu,Rabi,Loamy,5.13823151505276,3106.439733044438,159616.06535941013,82.73366439,High,0
4,136,204,29.93707596,81.77713468,5.898944282,65.52279323,grapes,Tamil Nadu,Rabi,Loamy,2.0820608337146855,2725.748831396643,56751.74884394524,81.77713468,High,0
39,145,201,36.73126647,80.58931938,5.775600435,72.24230804,grapes,Tamil Nadu,Rabi,Loamy,4.784155368427975,2117.0649362835625,101283.67580231636,80.58931938,High,0
38,132,197,20.42094753,81.54185044,5.931101816,66.93065667,grapes,Tamil Nadu,Rabi,Loamy,5.392979462705317,6133.260580849613,330765.48351942044,81.54185044,High,0
36,133,198,25.51939719,83.98351748,6.2286454,69.17281221,grapes,Tamil Nadu,Rabi,Loamy,2.1933017585986585,5093.160246728681,111708.37325974792,83.98351748,High,0
25,121,201,30.50734778,82.71775569,5.594240602999999,70.08200379,grapes,Tamil Nadu,Rabi,Loamy,2.684195360931648,5174.368479599293,138890.15868691367,82.71775569,High,0
15,125,199,18.426993600000007,80.55625868,5.569230319,69.75734306,grapes,Tamil Nadu,Rabi,Loamy,5.92164953031644,4644.486679029929,275030.2236143854,80.55625868,High,0
24,140,205,12.087022,83.59398734,5.93202852,68.66813363,grapes,Tamil Nadu,Rabi,Loamy,4.941443460489934,3400.5974608129986,168038.60084493065,83.59398734,High,0
13,132,203,23.60115364,82.48336987,6.423216506,73.23901752,grapes,Tamil Nadu,Rabi,Loamy,5.883792525729275,6467.976753939868,380562.3328142209,82.48336987,High,0
5,126,197,12.80000387,81.20876367,6.417500829,67.10439401,grapes,Tamil Nadu,Rabi,Loamy,3.413279801742647,3954.484704547601,134977.62768332564,81.20876367,High,0
30,120,200,38.06099482,82.24729637,6.234904253,65.70148216,grapes,Tamil Nadu,Rabi,Loamy,2.0868151694584864,6283.464923054879,131124.29918191224,82.24729637,High,0
23,142,197,39.06555518,82.03812973,6.000573725,69.30772897,grapes,Tamil Nadu,Rabi,Loamy,3.9958939532742868,3558.4267316299097,142190.9586008954,82.03812973,High,0
26,135,203,33.78372897,81.16314317,5.6851027689999984,74.53557341,grapes,Tamil Nadu,Rabi,Loamy,4.06759385512169,4083.597899476719,166104.17722699346,81.16314317,High,0
7,126,203,16.76201707,82.00335557,5.662140095,73.28712806,grapes,Tamil Nadu,Rabi,Loamy,3.1145416948240734,4583.340906467923,142750.06354787108,82.00335557,High,0
32,139,198,35.89307536,82.66850729,6.358186848,66.53946559,grapes,Tamil Nadu,Rabi,Loamy,5.397804106434765,1880.9648838092796,101530.79973885321,82.66850729,High,0
9,141,202,21.01245395,81.17931863,6.119495295,66.38448261,grapes,Tamil Nadu,Rabi,Loamy,5.023222579705287,4872.038360891318,244733.33103619603,81.17931863,High,0
20,142,196,10.89875873,80.01639435,6.207600782999999,68.69420397,grapes,Tamil Nadu,Rabi,Loamy,5.150751683849808,4826.979291963091,248625.7171598705,80.01639435,High,0
32,129,201,16.36251869,83.00471609,6.48754639,71.55665483,grapes,Tamil Nadu,Rabi,Loamy,3.9352863366244843,2088.7561637605536,82198.53591787082,83.00471609,High,0
3,134,199,20.28370163,81.32235739,5.81717753,71.06611222,grapes,Tamil Nadu,Rabi,Loamy,2.067914518833037,6228.055640816129,128790.86683743668,81.32235739,High,0
38,138,204,25.11108456,83.25447587,6.325480034,73.01026829,grapes,Tamil Nadu,Rabi,Loamy,5.814604122291188,3091.328397702015,179748.50844633952,83.25447587,High,0
14,131,198,33.4641162,83.86742974,5.562790949,67.92204319,grapes,Tamil Nadu,Rabi,Loamy,5.834120895186858,5548.224084081408,323690.10060118313,83.86742974,High,0
20,122,204,11.7976469,80.86325389,6.487369687,65.06962486,grapes,Tamil Nadu,Rabi,Loamy,3.947637534141564,6052.224207320551,238919.8744585878,80.86325389,High,0
40,126,201,11.36300891,80.03100049,6.116982944,71.18289431,grapes,Tamil Nadu,Rabi,Loamy,4.116829803724464,4076.8829308706513,167838.3315610384,80.03100049,High,0
36,128,204,25.23542319,80.68700527,5.695792761,67.03840888,grapes,Tamil Nadu,Rabi,Loamy,4.687917672272691,2146.132585157089,100608.92872998194,80.68700527,High,0
11,132,197,15.99050693,81.23966573,5.7343170070000005,74.40198861,grapes,Tamil Nadu,Rabi,Loamy,5.67832498707215,3913.985421155411,222248.81215982884,81.23966573,High,0
0,137,195,22.4359017,80.18612085,6.329499832000001,65.3973168,grapes,Tamil Nadu,Rabi,Loamy,4.306142177056893,6717.081250890933,289247.0688117952,80.18612085,High,0
19,123,200,34.76086052,81.03544763,6.167013532,65.70430027,grapes,Tamil Nadu,Rabi,Loamy,5.473461262328335,4170.769268581274,228285.4402568909,81.03544763,High,0
31,136,197,31.11047251,83.34010951,5.653776057999999,71.43001582,grapes,Tamil Nadu,Rabi,Loamy,3.632177950423823,6011.198259235277,218337.41772820443,83.34010951,High,0
4,134,200,28.57828803,80.95628959,5.840256272,73.34232097,grapes,Tamil Nadu,Rabi,Loamy,3.0222524101712454,4696.504771368802,141940.22864650114,80.95628959,High,0
39,139,201,41.18664903,81.01783402,5.5399808120000005,68.68895899,grapes,Tamil Nadu,Rabi,Loamy,3.3824599459787676,6032.056142095711,204031.8829253395,81.01783402,High,0
8,127,196,27.02766138,83.17093908,5.833302165,70.95666003,grapes,Tamil Nadu,Rabi,Loamy,5.18248296752575,5827.375164295085,302002.7253434185,83.17093908,High,0
39,138,203,21.19339319,82.33098331,6.399433771,74.62834921,grapes,Tamil Nadu,Rabi,Loamy,5.8900890788370175,6627.697789624322,390377.30368498457,82.33098331,High,0
32,120,204,10.38004759,83.44518113,6.138958698,67.39173790000001,grapes,Tamil Nadu,Rabi,Loamy,2.9264981087973654,2920.3848475894274,85465.00733430941,83.44518113,High,0
12,142,203,31.3115978,82.56407013,5.972850837999999,65.01095312,grapes,Tamil Nadu,Rabi,Loamy,3.3262972322367994,4820.274516880076,160336.6578411977,82.56407013,High,0
8,133,195,20.46657776,80.97598029,6.456079585,71.29813872,grapes,Tamil Nadu,Rabi,Loamy,3.154896456430627,4392.1258848910875,138567.02390440123,80.97598029,High,0
8,139,199,29.36947679,81.53996362,6.3364266670000005,66.13442813,grapes,Tamil Nadu,Rabi,Loamy,2.616897828841979,5181.394400507555,135591.79757062206,81.53996362,High,0
21,134,202,10.72302459,80.02130636,6.425419926,65.29821120000001,grapes,Tamil Nadu,Rabi,Loamy,2.4581323474583807,6035.421671301265,148358.6524077696,80.02130636,High,0
40,140,195,14.97846952,80.49979873,6.2943956760000015,71.63437433,grapes,Tamil Nadu,Rabi,Loamy,2.530620251675382,4004.935393935339,101349.70614544293,80.49979873,High,0
39,127,202,15.3246651,81.67215994,6.477768039,71.60102999,grapes,Tamil Nadu,Rabi,Loamy,3.5120486261705577,6737.739999982196,236632.70510431885,81.67215994,High,0
19,120,195,18.73932187,81.12109244,5.931538447,73.55807954,grapes,Tamil Nadu,Rabi,Loamy,2.955570793690963,1859.8239845013848,54968.41449998247,81.12109244,High,0
21,139,201,19.3642553,83.36094029,5.980598579,67.15094741,grapes,Tamil Nadu,Rabi,Loamy,3.724102642624184,3658.736224188242,136255.0924116426,83.36094029,High,0
17,136,195,41.20733624,81.61051026,6.389783283,65.90227462,grapes,Tamil Nadu,Rabi,Loamy,4.186328623186401,2289.579520964848,95849.32283676551,81.61051026,High,0
33,139,203,33.34214482,82.51034633,5.693287415,70.68098614,grapes,Tamil Nadu,Rabi,Loamy,2.279947477615662,2827.273932980262,64460.36072026861,82.51034633,High,0
22,133,201,23.81995682,80.12211649,6.00299607,67.27398640000001,grapes,Tamil Nadu,Rabi,Loamy,4.934268627746031,3608.8734818747034,178071.51203118934,80.12211649,High,0
32,130,196,40.66012294,81.24995984,6.372959542,74.03030056,grapes,Tamil Nadu,Rabi,Loamy,3.3406183734901984,4926.9870485037845,164591.83460179984,81.24995984,High,0
37,135,205,11.82768186,80.2827185,5.510924848999999,74.10225057,grapes,Tamil Nadu,Rabi,Loamy,2.4016187649153466,3102.796080064946,74517.33289589755,80.2827185,High,0
15,140,195,13.28504331,83.54193816,5.69945282,65.80006004,grapes,Tamil Nadu,Rabi,Loamy,4.942356901633705,5147.766688199747,254421.00219424098,83.54193816,High,0
39,132,196,35.83089092,83.32560104,5.778594403,73.67984885,grapes,Tamil Nadu,Rabi,Loamy,5.917568917953405,2544.111005132453,150549.52207795,83.32560104,High,0
40,121,199,26.18159716,81.03886263,6.315586313,66.05911698,grapes,Tamil Nadu,Rabi,Loamy,2.7197840170163543,2348.9510499841076,63886.39522500559,81.03886263,High,0
40,132,202,24.57558351,80.70695797,5.9718130060000005,69.706113,grapes,Tamil Nadu,Rabi,Loamy,2.1560150408004293,4633.215261913287,99892.81791951146,80.70695797,High,0
29,142,203,29.67229086,83.71498986,5.891195653,66.48490371,grapes,Tamil Nadu,Rabi,Loamy,2.4039284789665647,2260.670257722444,54344.89614091667,83.71498986,High,0
32,121,199,39.37102553,81.25353895,6.129812716,74.08101744,grapes,Tamil Nadu,Rabi,Loamy,5.042438146329502,2887.236642697937,145587.121846204,81.25353895,High,0
6,140,205,17.66558428,82.92903419,6.313085601,69.8671263,grapes,Tamil Nadu,Rabi,Loamy,4.4864656800836045,6100.688356254734,273705.2893522252,82.92903419,High,0
8,120,196,24.06679352,82.66396666,6.053662544,69.81855775,grapes,Tamil Nadu,Rabi,Loamy,4.486452488662441,6963.644575521514,312420.605360092,82.66396666,High,0
34,133,202,15.31413469,80.09711412,5.804799142,74.82144653,grapes,Tamil Nadu,Rabi,Loamy,3.021289584838113,5279.201617026396,159499.96861782373,80.09711412,High,0
35,135,199,21.77466746,80.54942557,6.400719746,69.39630398,grapes,Tamil Nadu,Rabi,Loamy,2.5986059972609756,1812.5725276871913,47101.618409184215,80.54942557,High,0
16,145,199,26.91624843,80.76838926,5.953966361,69.30927185,grapes,Tamil Nadu,Rabi,Loamy,3.844549389522074,6696.580434605177,257453.342217468,80.76838926,High,0
8,136,201,41.65602996,82.22118237,5.6092559920000005,74.19664838,grapes,Tamil Nadu,Rabi,Loamy,5.60482031776924,5636.338772318453,315906.66068921005,82.22118237,High,0
25,129,195,17.98667801,81.17712085,5.777271492000001,72.37127689,grapes,Tamil Nadu,Rabi,Loamy,4.211894607436218,2441.6636616282663,102840.30009585066,81.17712085,High,0
16,130,201,29.12033769,82.79092939,5.682395429,68.8503047,grapes,Tamil Nadu,Rabi,Loamy,2.6250006594546957,3038.8555603200994,79769.9784982783,82.79092939,High,0
39,129,203,34.38922481,83.18392806,5.863996687,71.03001556,grapes,Tamil Nadu,Rabi,Loamy,4.630911925680913,4633.297676450384,214563.93465103745,83.18392806,High,0
38,135,203,41.36106301,82.79782954,6.444373116,69.92107482,grapes,Tamil Nadu,Rabi,Loamy,3.1702148692050267,2624.4578666430207,83200.95352433808,82.79782954,High,0
33,120,205,35.12158265,82.26890793,5.550832177999999,69.71518491,grapes,Tamil Nadu,Rabi,Loamy,4.894839851914008,6852.376834323028,335412.872089767,82.26890793,High,0
35,125,204,19.6491772,80.15215777,6.107741787999999,73.69529586,grapes,Tamil Nadu,Rabi,Loamy,5.360349051347673,1515.860144931336,81255.39489858433,80.15215777,High,0
1,132,200,16.27852801,82.94270065,5.620745638,66.57462809,grapes,Tamil Nadu,Rabi,Loamy,5.422813229051275,1725.0126918724818,93544.21645767447,82.94270065,High,0
39,140,203,21.11903604,80.63399198,6.349875906,69.27779761,grapes,Tamil Nadu,Rabi,Loamy,2.302225709910414,1984.308818076221,45683.26777377022,80.63399198,High,0
28,145,202,19.2077707,82.90428409999998,6.484323189,66.83113717,grapes,Tamil Nadu,Rabi,Loamy,5.241982761969308,5457.962883011449,286105.47348214325,82.90428409999998,High,0
6,128,200,25.96308415,82.57813624,5.838748311,70.31782647,grapes,Tamil Nadu,Rabi,Loamy,3.7239558798087677,2586.5624698522433,96322.44518098951,82.57813624,High,0
6,139,199,25.67385024,81.6212135,6.29099842,74.10919422,grapes,Tamil Nadu,Rabi,Loamy,4.396299138044936,3775.2609741738206,165971.76566655052,81.6212135,High,0
29,122,196,41.94865736,81.15595212,5.638328481,73.06862952,grapes,Tamil Nadu,Rabi,Loamy,5.458479409236723,2750.588565515645,150140.31048149124,81.15595212,High,0
37,144,197,11.18994268,80.8084305,6.415555956,66.34234944,grapes,Tamil Nadu,Rabi,Loamy,5.041750112810348,5136.728643040283,258981.02215524495,80.8084305,High,0
38,120,197,17.5438296,82.94703302,6.323722572,73.77063744,grapes,Tamil Nadu,Rabi,Loamy,4.681634623790222,3531.804823925141,165346.19748157272,82.94703302,High,0
38,141,198,13.05809741,80.28297993,5.757009965,70.75633584,grapes,Tamil Nadu,Rabi,Loamy,4.946140438123057,2019.0413265250818,99864.61951367326,80.28297993,High,0
14,121,203,9.724457611,83.74765639,6.1586894060000015,74.46411148,grapes,Tamil Nadu,Rabi,Loamy,2.4527006006807612,4010.7869616321873,98372.59589997832,83.74765639,High,0
6,125,204,27.92004934,82.93262435,5.7335398070000005,69.92092839,grapes,Tamil Nadu,Rabi,Loamy,2.574706606691018,4132.250713585649,106393.33212772643,82.93262435,High,0
32,138,197,9.535585543,80.73112694,5.908724337000001,69.44115171,grapes,Tamil Nadu,Rabi,Loamy,3.306596879936546,6986.186903379575,231005.03817368462,80.73112694,High,0
11,124,204,13.42988625,80.06633966,6.361141107000001,71.40043037,grapes,Tamil Nadu,Rabi,Loamy,4.246532090868637,3999.6503582152404,169846.4359841526,80.06633966,High,0
23,138,200,9.851242629,80.22631717,5.96537863,68.42802444,grapes,Tamil Nadu,Rabi,Loamy,3.7846156221634963,1715.4575741945046,64923.47534455217,80.22631717,High,0
40,143,201,24.97256132,82.72828653,6.476757723,66.70016285,grapes,Tamil Nadu,Rabi,Loamy,3.7284175342628476,4245.2987783843,158282.4640351267,82.72828653,High,0
6,142,202,27.23708304,82.94573346,6.224542938,70.42508897,grapes,Tamil Nadu,Rabi,Loamy,3.8305972057794446,3661.1842875985567,140245.22301918638,82.94573346,High,0
37,124,195,18.70679077,83.4795292,6.209928251,66.5964488,grapes,Tamil Nadu,Rabi,Loamy,4.028597557467279,2293.424177246016,92392.83038689704,83.4795292,High,0
35,134,204,9.949929082,82.55138983,5.841138354,66.00817551,grapes,Tamil Nadu,Rabi,Loamy,2.5471284212442007,4876.805609572772,124218.50173025957,82.55138983,High,0
119,25,51,26.47330219,80.92254421,6.283818329,53.65742581,watermelon,Tamil Nadu,Rabi,Loamy,4.859643131987012,3056.010849303444,148511.22135095275,80.92254421,High,0
119,19,55,25.18780042,83.44621709,6.818261382999999,46.87420883,watermelon,Tamil Nadu,Rabi,Loamy,5.849599143335347,3043.4317779487965,178028.55921088852,83.44621709,High,0
105,30,50,25.29954705,81.77527562,6.37620108,57.04147057,watermelon,Tamil Nadu,Rabi,Loamy,4.22582878305891,5370.403838509054,226944.07117421617,81.77527562,High,0
114,8,50,24.74631269,88.30866319,6.581587932000001,57.95826144,watermelon,Tamil Nadu,Rabi,Loamy,4.345217473756197,5440.814711382722,236415.23155369982,88.30866319,High,0
93,22,52,26.58740671,81.32563243,6.932739726,41.87540028,watermelon,Tamil Nadu,Rabi,Loamy,2.0810980325524215,2416.420513695015,50288.079768700074,81.32563243,High,0
80,26,55,24.53442564,88.989272,6.140099215,49.11618732,watermelon,Tamil Nadu,Rabi,Loamy,4.852366035888787,1953.0726256842192,94770.2327449424,88.989272,High,0
85,27,45,26.0713757,88.7285657,6.467095849,57.79652846,watermelon,Tamil Nadu,Rabi,Loamy,5.850539353516648,2490.694437415399,145719.058236838,88.7285657,High,0
85,22,53,25.96534238,89.77076659,6.849471704,59.46338556,watermelon,Tamil Nadu,Rabi,Loamy,2.7961060651481637,3837.1403335683854,107290.5135951521,89.77076659,High,0
82,22,45,26.22338015,85.34866045,6.512196212,54.60159289,watermelon,Tamil Nadu,Rabi,Loamy,5.814037352965297,6644.622763647776,386320.84944211674,85.34866045,High,0
118,13,54,24.41311871,89.81574032,6.039584629,44.07843475,watermelon,Tamil Nadu,Rabi,Loamy,2.3041541455992425,6798.419682228192,156646.06894329574,89.81574032,High,0
83,25,53,26.49195283,80.04678201,6.057697106,57.72799157,watermelon,Tamil Nadu,Rabi,Loamy,5.935700831356989,3291.572736494273,195377.91028481058,80.04678201,High,0
86,15,47,24.04355803,84.18406764,6.423898762,53.78929956,watermelon,Tamil Nadu,Rabi,Loamy,3.4763780278540355,1726.0236701622362,60003.107625079785,84.18406764,High,0
101,10,47,25.5421695,83.31883376,6.936997681,57.57343233,watermelon,Tamil Nadu,Rabi,Loamy,5.841543613448039,2825.850944011361,165073.3153454568,83.31883376,High,0
119,9,50,26.74550678,83.9195902,6.251286661,40.794305,watermelon,Tamil Nadu,Rabi,Loamy,3.0045775703972466,2563.1804644792787,77012.74532454838,83.9195902,High,0
104,17,46,25.7131428,80.22972777,6.190015912000001,43.08961827,watermelon,Tamil Nadu,Rabi,Loamy,3.266873989948844,4141.313640035587,135291.4981485263,80.22972777,High,0
95,12,51,25.76484262,84.17269959999999,6.681606702000001,44.22066914,watermelon,Tamil Nadu,Rabi,Loamy,2.458192871796114,5275.989639962563,129694.00124626118,84.17269959999999,High,0
102,14,52,26.79489868,89.64815231,6.51075991,57.74091817,watermelon,Tamil Nadu,Rabi,Loamy,5.428457330562562,6034.99625812788,327607.1967735192,89.64815231,High,0
109,21,55,24.9004602,89.73524177,6.770278088,57.44942094,watermelon,Tamil Nadu,Rabi,Loamy,3.2683426700701017,5727.559139572751,187196.25931215618,89.73524177,High,0
81,18,50,26.80750629,88.22874955,6.429788072999999,58.79889057,watermelon,Tamil Nadu,Rabi,Loamy,4.543252358108992,3734.1014502918824,169649.652194568,88.22874955,High,0
103,17,51,25.11189154,80.02621335,6.209888345,44.20656987,watermelon,Tamil Nadu,Rabi,Loamy,3.143068391761409,6882.6941209421275,216327.78341695276,80.02621335,High,0
105,14,50,26.2148837,87.68839820000002,6.419052193,59.65590798,watermelon,Tamil Nadu,Rabi,Loamy,2.732577681032751,4590.191979628613,125430.56155188687,87.68839820000002,High,0
97,8,52,24.9103226,86.97190046,6.237861736,49.48575692,watermelon,Tamil Nadu,Rabi,Loamy,4.959534894521584,3346.498165350693,165970.74425509223,86.97190046,High,0
120,19,49,25.79448878,84.26830701,6.762471628999998,56.45229202,watermelon,Tamil Nadu,Rabi,Loamy,4.713261576501618,3260.906806230395,153695.06754358328,84.26830701,High,0
95,16,55,25.26931156,87.55055105,6.612847999,40.12650421,watermelon,Tamil Nadu,Rabi,Loamy,3.8587021079477246,4986.118768213671,192399.47001383803,87.55055105,High,0
83,29,52,25.76402693,87.5931128,6.704688865,46.05122728,watermelon,Tamil Nadu,Rabi,Loamy,3.329618780671717,3259.225581175056,108519.78705526158,87.5931128,High,0
83,9,45,25.85483596,89.13163965,6.049609892,46.85176955,watermelon,Tamil Nadu,Rabi,Loamy,3.245374729332259,3921.8060348250488,127277.30198763963,89.13163965,High,0
91,21,50,24.33528185,81.44030363,6.762030215,48.32113628,watermelon,Tamil Nadu,Rabi,Loamy,4.637754915246014,4343.644225514545,201447.57356960047,81.44030363,High,0
116,5,54,25.37601283,80.99313508,6.65398725,57.23028471,watermelon,Tamil Nadu,Rabi,Loamy,2.5717665511695023,4600.800514685069,118321.8487227049,80.99313508,High,0
112,28,54,24.86094646,85.05318563,6.738030547,55.29563514,watermelon,Tamil Nadu,Rabi,Loamy,3.320003287325862,6364.061249450842,211287.0426891993,85.05318563,High,0
88,29,51,24.71885473,88.94568335,6.095689937,48.45978627,watermelon,Tamil Nadu,Rabi,Loamy,5.673347100738326,4028.12346076902,228529.42557569948,88.94568335,High,0
118,15,45,24.21495706,84.20576992,6.538006356,48.01138482,watermelon,Tamil Nadu,Rabi,Loamy,5.79141383898059,1742.8267222680886,100934.30798288589,84.20576992,High,0
92,21,48,25.81692236,82.043255,6.377427122,54.82963379,watermelon,Tamil Nadu,Rabi,Loamy,3.2684991442329294,4019.2429707308643,131368.92210298046,82.043255,High,0
106,14,45,24.47018505,84.16390229,6.417011754,57.26773002,watermelon,Tamil Nadu,Rabi,Loamy,2.7937845506124614,2057.1722004916924,57472.95911683132,84.16390229,High,0
99,5,47,24.13078816,84.84494575,6.649086972,51.19470197,watermelon,Tamil Nadu,Rabi,Loamy,5.856716887353928,6302.721673311898,369132.56460377394,84.84494575,High,0
98,8,51,26.1793464,86.52258079,6.25933595,49.43050977,watermelon,Tamil Nadu,Rabi,Loamy,5.570938319007192,6726.556829073983,374732.3319406776,86.52258079,High,0
108,22,46,26.17668721,86.72952049999998,6.121168559,53.33484977,watermelon,Tamil Nadu,Rabi,Loamy,2.1201720204988654,4821.6488274276635,102227.24936583295,86.72952049999998,High,0
119,7,55,26.03867719,84.6378378,6.031424482,44.3993381,watermelon,Tamil Nadu,Rabi,Loamy,2.0013497558117614,3826.69427127933,76585.53645391154,84.6378378,High,0
117,27,48,26.53259325,82.39053979,6.835268183999999,54.30660782,watermelon,Tamil Nadu,Rabi,Loamy,2.810022038475734,3592.5297674231583,100950.87820339178,82.39053979,High,0
109,10,53,26.81938687,87.8274604,6.5517503060000015,46.06193778,watermelon,Tamil Nadu,Rabi,Loamy,2.0629496925698745,3470.1151609170956,71586.73004395983,87.8274604,High,0
80,16,46,25.50405534,81.40297428,6.940236218,48.47833278,watermelon,Tamil Nadu,Rabi,Loamy,4.915324393563701,2100.1452622608845,103228.95237618161,81.40297428,High,0
100,18,52,26.20234499,80.38266489,6.87606733,56.47941847,watermelon,Tamil Nadu,Rabi,Loamy,3.5701102198284267,5304.824795114754,189388.09215438424,80.38266489,High,0
91,7,53,25.13735887,89.28272716,6.457216535,43.52897517,watermelon,Tamil Nadu,Rabi,Loamy,2.0079025737930887,5494.060377632808,110315.37972823544,89.28272716,High,0
86,6,53,25.92030221,83.47202566,6.921847887999999,42.10681516,watermelon,Tamil Nadu,Rabi,Loamy,5.5535026287880545,5388.536452958799,299252.51356826944,83.47202566,High,0
107,5,52,26.6634609,89.98405233,6.8814257460000015,57.40847165,watermelon,Tamil Nadu,Rabi,Loamy,4.88289169589036,3522.6296901667693,172006.1926181215,89.98405233,High,0
103,16,49,24.06731461,81.64075303,6.915717008,51.75212401,watermelon,Tamil Nadu,Rabi,Loamy,2.963685914450088,5635.470459806781,167017.64423028918,81.64075303,High,0
101,20,48,24.6774157,82.75411437,6.206247493999999,57.05709413,watermelon,Tamil Nadu,Rabi,Loamy,3.9059674656556793,4748.757722459308,185484.9316620722,82.75411437,High,0
85,25,47,26.11440416,87.64081095,6.29542477,58.48160844,watermelon,Tamil Nadu,Rabi,Loamy,4.166808685046718,4952.4367759789875,206358.5657029401,87.64081095,High,0
84,7,51,26.81530456,87.65694462,6.399669044,55.74073582,watermelon,Tamil Nadu,Rabi,Loamy,5.506496132251214,6106.037539811703,336228.72096353857,87.65694462,High,0
102,28,54,25.15623099,80.27525115,6.862157042000001,55.49541453,watermelon,Tamil Nadu,Rabi,Loamy,4.216916964164449,3361.5070479599976,141751.96095700873,80.27525115,High,0
98,25,52,25.2801372,83.15393658,6.224066378,49.29456609,watermelon,Tamil Nadu,Rabi,Loamy,4.537889821304642,6346.4430416081095,287994.5928000311,83.15393658,High,0
97,25,50,26.22005978,80.90127035,6.093814669,49.08553937,watermelon,Tamil Nadu,Rabi,Loamy,3.851267337535883,4513.088441370712,173811.10105661748,80.90127035,High,0
90,16,45,24.92093261,80.61750795,6.291540277999999,50.55710813,watermelon,Tamil Nadu,Rabi,Loamy,4.854165008616507,1793.2615865985767,87047.87644962932,80.61750795,High,0
95,12,46,26.21667586,81.01009354,6.32281728,54.65423596,watermelon,Tamil Nadu,Rabi,Loamy,5.620596582528825,5790.1845138830795,325442.9129094256,81.01009354,High,0
82,23,49,26.81383586,87.21986949,6.873283991,51.70497792,watermelon,Tamil Nadu,Rabi,Loamy,4.302174785892333,3916.1544493217475,168479.809295321,87.21986949,High,0
82,25,51,24.31334971,87.47409052,6.074209622000001,48.11248366,watermelon,Tamil Nadu,Rabi,Loamy,2.2068991800994735,5362.074012456025,118335.56741721896,87.47409052,High,0
110,28,46,24.29105004,88.04541346,6.49889585,51.26046418,watermelon,Tamil Nadu,Rabi,Loamy,3.0291546830125893,5373.280930570829,162764.99093980872,88.04541346,High,0
118,21,51,24.42998931,86.33904774,6.678805092,48.58241822,watermelon,Tamil Nadu,Rabi,Loamy,3.3371316839178733,4763.3476989477895,158959.18527675964,86.33904774,High,0
120,20,45,25.66576039,88.6984228,6.114128685,54.22722466,watermelon,Tamil Nadu,Rabi,Loamy,4.257404782378515,2689.5602243380545,114505.46561591866,88.6984228,High,0
91,7,52,25.07803672,83.46230461,6.405054243,56.39962921,watermelon,Tamil Nadu,Rabi,Loamy,4.138997206213617,6457.914998464622,267292.92136610084,83.46230461,High,0
81,6,55,24.88910524,85.87059083,6.110142735,51.70699144,watermelon,Tamil Nadu,Rabi,Loamy,4.076165636658708,4348.980477611662,177271.64777340228,85.87059083,High,0
101,13,54,25.42900869,82.91481799,6.828982708,56.34144589,watermelon,Tamil Nadu,Rabi,Loamy,2.706777652607262,4070.3679663808634,110175.81049288188,82.91481799,High,0
101,17,55,24.37118217,87.1269128,6.451499763999999,44.63907691,watermelon,Tamil Nadu,Rabi,Loamy,4.3541436158392415,4521.210426884963,196859.99516086976,87.1269128,High,0
111,6,53,26.493064500000006,88.59143088,6.313512998999999,46.06382209,watermelon,Tamil Nadu,Rabi,Loamy,4.740264311695606,2081.4699567281014,98667.17751744816,88.59143088,High,0
107,10,49,25.83202912,89.00481725,6.755192025,45.24690619,watermelon,Tamil Nadu,Rabi,Loamy,3.349190944182032,1939.036468664995,64942.03381291507,89.00481725,High,0
115,11,46,24.41592661,89.39655519,6.623167177000001,40.32161859,watermelon,Tamil Nadu,Rabi,Loamy,2.992166692648837,4162.351726886023,124544.50200277728,89.39655519,High,0
84,25,52,24.37190239,81.2514818,6.12532356,44.20899581,watermelon,Tamil Nadu,Rabi,Loamy,2.3976207795383337,5550.515238220134,133080.30672300758,81.2514818,High,0
120,7,47,24.24782473,83.03687902,6.653867608,54.76576239999999,watermelon,Tamil Nadu,Rabi,Loamy,2.6162019656188766,5870.66554447932,153588.46736957808,83.03687902,High,0
91,12,46,24.64458469,85.49938185,6.343942518,48.31219031,watermelon,Tamil Nadu,Rabi,Loamy,3.9133183727167595,2026.2135983158823,79292.18901338079,85.49938185,High,0
89,22,52,24.89681131,86.10782926,6.217300786,53.14626213,watermelon,Tamil Nadu,Rabi,Loamy,2.3992854273164816,1582.5556683429827,37970.02752972413,86.10782926,High,0
113,19,46,25.41864024,81.12122989,6.286387658,49.52320689,watermelon,Tamil Nadu,Rabi,Loamy,3.2501434401205747,6193.088475626696,201284.25883144434,81.12122989,High,0
97,22,50,26.26028739,86.14585891,6.769893799999998,58.97878791,watermelon,Tamil Nadu,Rabi,Loamy,4.727828353515308,6765.62917574802,319867.33446471894,86.14585891,High,0
117,30,50,24.90123934,87.20772913,6.744966312000001,46.59207341,watermelon,Tamil Nadu,Rabi,Loamy,5.014135542598627,2752.1512501277352,137996.59401872722,87.20772913,High,0
90,14,52,24.84740848,89.20454622,6.391858432,59.67927244,watermelon,Tamil Nadu,Rabi,Loamy,2.927177666766955,3030.6998048320384,88713.96783379313,89.20454622,High,0
104,23,47,26.98212846,86.70068316,6.770434148,42.91292205,watermelon,Tamil Nadu,Rabi,Loamy,4.732748923380839,3925.9685944091943,185806.23638417103,86.70068316,High,0
81,16,45,26.90435747,86.25426228,6.727468157000001,59.75980023,watermelon,Tamil Nadu,Rabi,Loamy,3.4821829118189367,6863.634589174123,239004.31079391518,86.25426228,High,0
88,5,47,25.86475496,86.67468041,6.662244646,41.16554802,watermelon,Tamil Nadu,Rabi,Loamy,2.807267443668559,4529.255549966327,127148.31649475603,86.67468041,High,0
92,7,45,26.70607759,81.14149505,6.944640222,51.51033554,watermelon,Tamil Nadu,Rabi,Loamy,2.2280455304395916,3351.459119630496,74672.03511943735,81.14149505,High,0
81,18,50,26.44019475,80.91934337,6.507110986,47.81847573,watermelon,Tamil Nadu,Rabi,Loamy,4.6535184567048615,6786.2351060023575,315798.70317320444,80.91934337,High,0
111,5,55,26.283443,84.42478917,6.520663422,50.78669728,watermelon,Tamil Nadu,Rabi,Loamy,4.716037889684852,4048.84725251135,190945.17052389937,84.42478917,High,0
108,23,51,26.84366082,83.85039964,6.106500787000001,40.228644,watermelon,Tamil Nadu,Rabi,Loamy,5.802200270277195,4522.81885307791,262423.00771743443,83.85039964,High,0
113,30,50,26.03967219,83.9862443,6.277484042999999,43.87712348,watermelon,Tamil Nadu,Rabi,Loamy,5.800487743286741,2584.9086145681104,149937.30736318632,83.9862443,High,0
83,10,53,24.92994759,85.00802358,6.195142279,48.75859458,watermelon,Tamil Nadu,Rabi,Loamy,5.003681977982394,4438.647085256189,222095.78427120476,85.00802358,High,0
101,11,51,25.50736962,84.24340241,6.792035575,44.2068997,watermelon,Tamil Nadu,Rabi,Loamy,3.7708133283059753,3664.325914516999,138174.88997717682,84.24340241,High,0
114,21,55,25.4438391,87.93923120000002,6.472756256,57.51549686,watermelon,Tamil Nadu,Rabi,Loamy,3.882950508479839,5945.982148673492,230879.54407603777,87.93923120000002,High,0
99,6,45,26.12588914,86.5507939,6.000975617000001,40.71210074,watermelon,Tamil Nadu,Rabi,Loamy,4.751996327457887,3319.6158027272213,157748.0210313092,86.5507939,High,0
92,20,55,25.10474753,87.52676159999999,6.5877912620000005,59.26519444,watermelon,Tamil Nadu,Rabi,Loamy,5.58905327423171,2922.1840345318824,163322.42246108045,87.52676159999999,High,0
92,7,48,26.27520631,86.63249555,6.956508826,54.38748495,watermelon,Tamil Nadu,Rabi,Loamy,4.382631624681782,2431.19898460229,106550.49555812232,86.63249555,High,0
91,24,55,26.27061608,83.09194521,6.259086582999999,46.76837499,watermelon,Tamil Nadu,Rabi,Loamy,2.6641912724714194,2430.2409872824605,64746.268283202575,83.09194521,High,0
110,21,54,26.73690828,87.82430156,6.747537642,47.46447019,watermelon,Tamil Nadu,Rabi,Loamy,2.1963449028016577,3768.4082898794472,82767.24339152235,87.82430156,High,0
112,25,51,25.04746944,85.5667282,6.932537231,56.72496677,watermelon,Tamil Nadu,Rabi,Loamy,5.315758203659943,4645.441392566558,246940.43192157146,85.5667282,High,0
89,25,54,24.69368934,85.56967628,6.353107392999999,48.99390828,watermelon,Tamil Nadu,Rabi,Loamy,5.633497803735766,4496.973465467168,253336.9014116731,85.56967628,High,0
100,10,53,24.54356968,84.60808277,6.211748957,42.00660251,watermelon,Tamil Nadu,Rabi,Loamy,5.689805141705992,2153.059373929883,122504.8829618453,84.60808277,High,0
83,22,54,25.89762315,81.96664832,6.277245253999999,54.49960057,watermelon,Tamil Nadu,Rabi,Loamy,3.078021959648464,5570.873366769083,171472.7055733601,81.96664832,High,0
95,14,50,26.6333118,84.31756844,6.560443519,56.31866159,watermelon,Tamil Nadu,Rabi,Loamy,3.178454434335874,2069.6850635105648,65783.99667793879,84.31756844,High,0
119,30,49,25.35794749,80.45846265,6.903020221,47.72078245,watermelon,Tamil Nadu,Rabi,Loamy,5.057118170085434,4789.151610346415,242193.0562797677,80.45846265,High,0
97,12,47,25.28784623,89.63667876,6.765094963999998,58.28697664,watermelon,Tamil Nadu,Rabi,Loamy,2.4452692552770086,4457.809536195266,109005.44604738947,89.63667876,High,0
110,7,45,26.63838589,84.69546874,6.189213927000001,48.32428609,watermelon,Tamil Nadu,Rabi,Loamy,3.5994883508722504,3632.0456361943725,130735.05957318035,84.69546874,High,0
96,18,50,25.3310446,84.30533791,6.904241707000001,41.53218699,watermelon,Tamil Nadu,Rabi,Loamy,4.542251116702641,1756.2785487969056,79774.58199513638,84.30533791,High,0
83,23,55,26.89750174,83.89241484,6.463271076,43.97193745,watermelon,Tamil Nadu,Rabi,Loamy,4.055357428947159,6972.757509016692,282770.23964437924,83.89241484,High,0
120,24,47,26.98603693,89.4138489,6.260838965,58.54876687,watermelon,Tamil Nadu,Rabi,Loamy,4.101461141360188,2687.30634864632,110218.82563903417,89.4138489,High,0
115,17,55,27.57826922,94.11878202,6.776533055,28.08253201,muskmelon,Tamil Nadu,Rabi,Loamy,4.491409752324567,4007.478302528389,179992.2713020511,94.11878202,High,0
114,27,48,27.82054812,93.03555162,6.528404377999999,26.32405487,muskmelon,Tamil Nadu,Rabi,Loamy,5.420840895641545,4367.647154184961,236763.2031113825,93.03555162,High,0
101,25,52,29.09910406,94.22237826,6.750145572,22.52497327,muskmelon,Tamil Nadu,Rabi,Loamy,5.538045194795871,1643.9038844310714,91040.14007879763,94.22237826,High,0
118,18,52,28.04943594,90.83130708,6.562832807,20.76223014,muskmelon,Tamil Nadu,Rabi,Loamy,3.4651241584549175,4492.3417625521,155665.21969455224,90.83130708,High,0
95,26,45,29.91690582,94.55695552,6.117530021,28.16057247,muskmelon,Tamil Nadu,Rabi,Loamy,3.3191999821118383,2626.347763536055,87173.7344974834,94.55695552,High,0
81,25,49,29.86895762,93.25103208,6.076459669,26.26243014,muskmelon,Tamil Nadu,Rabi,Loamy,3.235810921152497,1757.388753667062,56865.77721826454,93.25103208,High,0
117,24,53,29.17220859,92.21405224,6.293486295,21.30290472,muskmelon,Tamil Nadu,Rabi,Loamy,5.745708846035603,1756.5328987335236,100925.26614605766,92.21405224,High,0
114,30,51,29.24908541,90.06998135,6.069171847000001,25.93496537,muskmelon,Tamil Nadu,Rabi,Loamy,2.8421111086155926,6472.111585165938,183944.60232399782,90.06998135,High,0
113,6,52,27.76317235,90.35567642,6.740983646,25.21609113,muskmelon,Tamil Nadu,Rabi,Loamy,4.2221924920697536,6915.057424731938,291967.03540934395,90.35567642,High,0
108,26,52,28.82629037,94.26765349,6.201797639,26.23838511,muskmelon,Tamil Nadu,Rabi,Loamy,3.6426903079409407,1877.8127082415167,68402.90152439702,94.26765349,High,0
81,30,48,28.52379742,92.09688432,6.041027474,29.86681385,muskmelon,Tamil Nadu,Rabi,Loamy,3.6223123918066853,1828.8600402478755,66247.02386669953,92.09688432,High,0
115,9,52,29.06785065,90.97685539,6.019372459,29.1194739,muskmelon,Tamil Nadu,Rabi,Loamy,3.965925410245013,4456.091743738007,176725.2747687357,90.97685539,High,0
83,7,45,29.08417927,90.73891887,6.704104127000001,25.33014238,muskmelon,Tamil Nadu,Rabi,Loamy,4.848827907542644,4826.732363249748,234039.94585164636,90.73891887,High,0
84,21,55,28.47090661,94.79453182,6.494251024,21.08484101,muskmelon,Tamil Nadu,Rabi,Loamy,2.1499142337401356,3481.3968603389903,74847.04663341015,94.79453182,High,0
109,26,45,28.27973674,90.38971208,6.224535448999998,21.58992507,muskmelon,Tamil Nadu,Rabi,Loamy,5.987406932735876,3639.536457604045,217913.8581820343,90.38971208,High,0
95,27,55,28.47212559,91.21322065,6.160414414,20.88620369,muskmelon,Tamil Nadu,Rabi,Loamy,4.776102317364948,5306.885438982854,253462.2784311631,91.21322065,High,0
119,5,55,29.68846716,94.30111601,6.168757984,26.83924845,muskmelon,Tamil Nadu,Rabi,Loamy,2.24389854332891,1941.143396527907,43557.28839861504,94.30111601,High,0
110,14,51,27.02415146,91.66737633,6.085444691,21.26034986,muskmelon,Tamil Nadu,Rabi,Loamy,5.971755747856417,2449.2762481224445,146264.79512813408,91.66737633,High,0
82,18,48,29.09588297,94.16748386,6.1590508160000015,26.70581328,muskmelon,Tamil Nadu,Rabi,Loamy,4.87011799995928,5053.2568919046225,246099.57347682992,94.16748386,High,0
87,14,48,29.69238699,92.58862544,6.606033244,29.1102594,muskmelon,Tamil Nadu,Rabi,Loamy,2.958509283493665,4436.547612201257,131255.6729735907,92.58862544,High,0
85,9,53,28.20619412,92.86798698,6.447662945,28.78654515,muskmelon,Tamil Nadu,Rabi,Loamy,4.998189146391706,4732.035724612839,236516.09599097702,92.86798698,High,0
100,6,53,29.05248036,93.92217834,6.105909623,23.66620626,muskmelon,Tamil Nadu,Rabi,Loamy,4.2306075856720495,6947.605449635401,293925.92317484,93.92217834,High,0
107,12,46,29.57240298,93.61870344,6.559763394,27.56918621,muskmelon,Tamil Nadu,Rabi,Loamy,3.4858428115045337,2682.559517808532,93509.8081158594,93.61870344,High,0
91,13,47,29.10968327,92.43510994,6.14410903,27.95602304,muskmelon,Tamil Nadu,Rabi,Loamy,2.982374876511349,1756.836586215229,52395.45296864264,92.43510994,High,0
102,25,50,28.20480805,92.91440379,6.099662369,20.36001144,muskmelon,Tamil Nadu,Rabi,Loamy,4.865254949376212,1625.4452364316999,79082.05481489314,92.91440379,High,0
117,25,53,29.11858526,92.12543021,6.413927319,24.52020164,muskmelon,Tamil Nadu,Rabi,Loamy,4.219206842412186,5585.159577012126,235649.43503293511,92.12543021,High,0
85,21,52,29.62800691,90.10051615,6.0751441160000015,23.69586761,muskmelon,Tamil Nadu,Rabi,Loamy,4.375873759245078,4715.274538804308,206334.4612199021,90.10051615,High,0
104,25,55,29.81196601,90.36881284,6.123802502,22.68766503,muskmelon,Tamil Nadu,Rabi,Loamy,3.2651986054060744,4193.1041859515835,136913.17940291483,90.36881284,High,0
102,24,54,27.72338349,90.93897939,6.698468621,22.81863447,muskmelon,Tamil Nadu,Rabi,Loamy,2.1960922273470587,5757.32882635594,126436.25085841442,90.93897939,High,0
116,25,50,29.26092798,92.92367701,6.088885814,28.70627683,muskmelon,Tamil Nadu,Rabi,Loamy,5.7568691193820065,3198.701957573847,184145.0852166365,92.92367701,High,0
100,17,48,29.72791119,94.29753295,6.367800632000001,26.52364146,muskmelon,Tamil Nadu,Rabi,Loamy,2.3130856858180793,5371.387258659806,124244.78980991611,94.29753295,High,0
110,25,54,28.91105641,90.78413842,6.425930938,23.44398467,muskmelon,Tamil Nadu,Rabi,Loamy,3.4372096376473635,6590.852020959401,226541.40086749254,90.78413842,High,0
104,25,51,28.96361426,93.88482153,6.469983276000002,23.56130173,muskmelon,Tamil Nadu,Rabi,Loamy,2.5553462217830774,1696.302881427604,43346.41159055776,93.88482153,High,0
107,11,54,28.59052369,91.33617236,6.094016337999999,29.44008034,muskmelon,Tamil Nadu,Rabi,Loamy,3.884203730971159,1839.8061963850344,71461.82092262608,91.33617236,High,0
98,26,52,27.33897716,90.69759008,6.150090898999999,28.69113835,muskmelon,Tamil Nadu,Rabi,Loamy,4.93979202977071,6436.278248474134,317938.7599319911,90.69759008,High,0
88,17,52,29.90415889,90.75284363,6.646962425,25.37828397,muskmelon,Tamil Nadu,Rabi,Loamy,5.363981730216825,4467.275775001215,239623.85640946726,90.75284363,High,0
87,25,46,27.42711692,90.02696201,6.379690748,21.7508774,muskmelon,Tamil Nadu,Rabi,Loamy,3.7011189767047687,4782.069510536325,176990.08213367278,90.02696201,High,0
120,8,46,29.55657523,90.70937262,6.732834334,28.36535596,muskmelon,Tamil Nadu,Rabi,Loamy,4.510120466829286,4294.807204716313,193700.97875076922,90.70937262,High,0
95,13,46,29.84070774,93.76312893,6.126019932,23.28207838,muskmelon,Tamil Nadu,Rabi,Loamy,3.566159075747772,6455.379739006572,230209.1104365657,93.76312893,High,0
108,22,47,28.53545677,91.72742702,6.161123579,25.1290048,muskmelon,Tamil Nadu,Rabi,Loamy,3.1108005695527248,3881.0855438994963,120732.83120445399,91.72742702,High,0
82,13,52,27.11535046,94.86907886,6.442810053,26.51924782,muskmelon,Tamil Nadu,Rabi,Loamy,3.4466151845255615,4624.984854813407,159405.43028800638,94.86907886,High,0
120,23,55,27.84492803,91.60666594,6.732049075,26.47844429,muskmelon,Tamil Nadu,Rabi,Loamy,4.457311180540214,3837.9902024578396,171071.16640219127,91.60666594,High,0
110,22,47,29.03157242,91.82172592,6.243673725,24.93861254,muskmelon,Tamil Nadu,Rabi,Loamy,4.641252365530208,3533.480318359191,163997.73886139027,91.82172592,High,0
95,23,45,27.82424457,90.56698742,6.266208727,21.19014526,muskmelon,Tamil Nadu,Rabi,Loamy,5.695138506197781,6314.747227558559,359633.6009257443,90.56698742,High,0
106,10,49,27.72653142,92.00687531,6.350623739,20.21126747,muskmelon,Tamil Nadu,Rabi,Loamy,2.364179781866915,6211.0812472821635,146841.1270835723,92.00687531,High,0
99,12,52,28.69708334,94.30759855,6.002927293,22.21807088,muskmelon,Tamil Nadu,Rabi,Loamy,5.685070415425936,5280.527059721178,300201.6816507698,94.30759855,High,0
106,20,51,29.73019662,90.97015715,6.342573112,20.49035619,muskmelon,Tamil Nadu,Rabi,Loamy,3.282148041790537,1722.4606199720454,56533.70750902563,90.97015715,High,0
83,11,53,29.54097171,92.91778307,6.163921247999999,21.9653077,muskmelon,Tamil Nadu,Rabi,Loamy,3.8318753378721278,4324.608895633175,165713.62173119182,92.91778307,High,0
117,19,55,28.80311922,91.78336933,6.121745389,25.16359891,muskmelon,Tamil Nadu,Rabi,Loamy,2.9429961436197467,5283.79336232833,155501.8348901589,91.78336933,High,0
98,26,49,27.29035669,90.53330091,6.130160472999999,23.49535234,muskmelon,Tamil Nadu,Rabi,Loamy,5.5002422102279445,1545.4739174246688,85004.808754255,90.53330091,High,0
113,20,48,27.46583649,94.87679041,6.440584681,27.27899847,muskmelon,Tamil Nadu,Rabi,Loamy,5.556853607233746,4968.6033441175605,276098.0141567332,94.87679041,High,0
101,17,47,29.49401389,94.72981338,6.185053234,26.30820876,muskmelon,Tamil Nadu,Rabi,Loamy,2.3650907756674213,4815.344087150241,113887.25882183693,94.72981338,High,0
98,7,45,27.79161808,92.51054946,6.157724816,26.85422624,muskmelon,Tamil Nadu,Rabi,Loamy,4.74491382693241,5593.424730935218,265403.1834572021,92.51054946,High,0
93,22,48,29.12533739,91.52291141,6.776987974,21.90440445,muskmelon,Tamil Nadu,Rabi,Loamy,2.103649887625427,5598.541413812292,117773.71016032527,91.52291141,High,0
95,21,47,27.93114233,93.56161439,6.431970877,20.66127836,muskmelon,Tamil Nadu,Rabi,Loamy,4.087766139514522,3328.721116180205,136070.33466608427,93.56161439,High,0
109,12,48,29.45771748,92.12534736,6.708743843,20.76212031,muskmelon,Tamil Nadu,Rabi,Loamy,5.754074792644037,5139.653496493618,295739.50627098716,92.12534736,High,0
118,12,47,27.96872279,92.17444796,6.010739645,28.94766949,muskmelon,Tamil Nadu,Rabi,Loamy,4.287184019240972,2953.2094151944075,126609.52210293441,92.17444796,High,0
100,14,49,29.48882958,91.07574233,6.365956657999999,26.01909355,muskmelon,Tamil Nadu,Rabi,Loamy,5.698689973763307,4752.11370604326,270808.2273081192,91.07574233,High,0
89,9,47,29.47156259,90.77069618,6.6683827660000015,28.75226067,muskmelon,Tamil Nadu,Rabi,Loamy,2.1805996763916653,5009.643973362692,109240.28027152142,90.77069618,High,0
95,16,46,27.076726500000003,90.14362622,6.74669542,24.4514648,muskmelon,Tamil Nadu,Rabi,Loamy,5.815236254371664,4772.264990915708,277518.48390641686,90.14362622,High,0
95,7,45,27.30008597,90.80015308,6.031665834,25.09484511,muskmelon,Tamil Nadu,Rabi,Loamy,2.9637269824641357,6275.067268287194,185975.8617980027,90.80015308,High,0
87,6,45,29.82729394,90.79007335,6.40077205,22.84203589,muskmelon,Tamil Nadu,Rabi,Loamy,5.5990864477415,3458.1270844713795,193623.52493231528,90.79007335,High,0
93,20,50,29.93061247,93.22980899,6.448792688999999,24.34814338,muskmelon,Tamil Nadu,Rabi,Loamy,5.754772912583549,4582.895837991309,263735.24829664273,93.22980899,High,0
84,29,49,29.94349168,93.90741192,6.251420275,20.39020503,muskmelon,Tamil Nadu,Rabi,Loamy,2.7443608354575346,4779.558644060355,131168.33553531757,93.90741192,High,0
111,5,47,28.03306461,91.47355778,6.2744528110000015,21.17924769,muskmelon,Tamil Nadu,Rabi,Loamy,4.725185655237661,5054.478004158094,238833.46959962108,91.47355778,High,0
111,5,52,29.8843055,94.0371147,6.135996372,21.0000988,muskmelon,Tamil Nadu,Rabi,Loamy,2.2470861727340457,6633.336176764846,149056.78001904805,94.0371147,High,0
111,15,54,27.7058373,92.91185695,6.194090172,22.06207161,muskmelon,Tamil Nadu,Rabi,Loamy,2.9601876038514368,4091.2230534949817,121107.87767547068,92.91185695,High,0
89,11,47,29.78714005,94.65343534,6.327822962000001,27.8659442,muskmelon,Tamil Nadu,Rabi,Loamy,2.8240792206782332,3341.457496130602,94365.40681601952,94.65343534,High,0
110,15,48,28.57819995,92.86597437,6.2125672110000005,27.598717800000006,muskmelon,Tamil Nadu,Rabi,Loamy,4.550439188351506,5512.175226808827,250828.18165131233,92.86597437,High,0
95,30,52,29.48069921,90.33698678,6.640470862999999,26.0365768,muskmelon,Tamil Nadu,Rabi,Loamy,2.5851377038126118,4257.706703572718,110067.58131181539,90.33698678,High,0
115,12,52,27.51492243,94.96218673,6.685553129,21.01796432,muskmelon,Tamil Nadu,Rabi,Loamy,4.902270420032073,4162.259814434623,204045.2316879104,94.96218673,High,0
120,25,50,28.05457761,94.81637388,6.327210469,21.84869328,muskmelon,Tamil Nadu,Rabi,Loamy,5.970578925524778,3377.403698338271,201650.5534428793,94.81637388,High,0
102,11,45,29.03167341,93.12603235,6.35544263,24.15591199,muskmelon,Tamil Nadu,Rabi,Loamy,2.2904555007775653,4730.892420173746,108358.98567373847,93.12603235,High,0
94,5,55,28.5854649,91.89216849,6.085682343999999,26.88372572,muskmelon,Tamil Nadu,Rabi,Loamy,3.3090985428155744,4755.3515148039205,157359.26768213487,91.89216849,High,0
84,18,46,27.08808014,93.42402083,6.781050372999999,25.32159689,muskmelon,Tamil Nadu,Rabi,Loamy,2.91462421511499,6866.533069646575,200133.63558679773,93.42402083,High,0
107,22,54,27.99611732,90.84660317,6.630301421,21.61893763,muskmelon,Tamil Nadu,Rabi,Loamy,4.450301363374383,6207.414539026692,276248.6538606045,90.84660317,High,0
80,18,52,27.87317436,91.14849627,6.484799661,24.05207925,muskmelon,Tamil Nadu,Rabi,Loamy,4.116480824876103,6926.734084078675,285137.680361256,91.14849627,High,0
86,18,45,28.96586565,90.71832938,6.566759102000001,22.25838137,muskmelon,Tamil Nadu,Rabi,Loamy,4.106466396937227,3958.369105955814,162549.09720282006,90.71832938,High,0
113,28,48,28.87726019,92.48839665,6.170520517999999,24.44267592,muskmelon,Tamil Nadu,Rabi,Loamy,5.4166914648740425,4125.773174311929,223480.40339301713,92.48839665,High,0
115,18,53,29.17052093,94.19790371,6.0124803510000016,22.06994464,muskmelon,Tamil Nadu,Rabi,Loamy,5.672605713323003,1588.9049389251763,90132.31234474093,94.19790371,High,0
82,20,54,29.34033587,90.01506395,6.541150335,21.44532907,muskmelon,Tamil Nadu,Rabi,Loamy,3.7546187987453865,2758.9444068200246,103587.84534539904,90.01506395,High,0
98,22,47,29.07265321,91.91533173,6.341400922,28.83568362,muskmelon,Tamil Nadu,Rabi,Loamy,4.4967652601888695,3122.0975328180702,140393.39724497678,91.91533173,High,0
117,25,54,28.68275966,92.50969311,6.150686363999999,29.11187663,muskmelon,Tamil Nadu,Rabi,Loamy,2.5891778433226436,2839.3360430782413,73515.4597248557,92.50969311,High,0
83,15,49,28.92705913,91.39356832,6.438008152999999,23.20076686,muskmelon,Tamil Nadu,Rabi,Loamy,2.9960563616696088,4473.931857260233,134041.52002620848,91.39356832,High,0
120,16,51,27.99901833,91.64193051,6.547041902999999,23.28618248,muskmelon,Tamil Nadu,Rabi,Loamy,2.9193874933991966,4513.326860129822,131761.49989085668,91.64193051,High,0
111,5,50,27.59350075,91.79742953,6.399891457000001,24.84266123,muskmelon,Tamil Nadu,Rabi,Loamy,4.815539970710832,3575.707113295408,172189.60527629082,91.79742953,High,0
85,21,47,29.87331077,90.60932469,6.186770318,24.69720481,muskmelon,Tamil Nadu,Rabi,Loamy,2.5989593358492846,3787.394746137576,98432.84934020785,90.60932469,High,0
90,23,54,28.55852465,90.45773041,6.159020864,27.26588346,muskmelon,Tamil Nadu,Rabi,Loamy,4.289021179811021,5296.44910856647,227165.82404432792,90.45773041,High,0
99,29,55,29.19378695,91.46241065,6.660954816,26.48240255,muskmelon,Tamil Nadu,Rabi,Loamy,4.065536208493487,5759.032743383869,234135.56144126703,91.46241065,High,0
102,11,47,27.98780984,92.78226196,6.504906978999999,27.14509034,muskmelon,Tamil Nadu,Rabi,Loamy,2.5604789053530745,3510.2397456064928,89878.94821357368,92.78226196,High,0
80,18,51,28.05380704,91.81758779,6.706053225,20.76582087,muskmelon,Tamil Nadu,Rabi,Loamy,3.9891740589468023,6861.700185263284,273725.1637932276,91.81758779,High,0
87,21,52,27.350629600000005,94.29119509999998,6.067665497999999,27.21244021,muskmelon,Tamil Nadu,Rabi,Loamy,4.403622106225638,5591.83260175093,246243.17659383622,94.29119509999998,High,0
114,8,52,29.34081108,94.5513539,6.419083092,28.22908103,muskmelon,Tamil Nadu,Rabi,Loamy,5.046283746549693,4581.658335149192,231203.4798890729,94.5513539,High,0
99,6,46,28.61475136,94.22253035,6.39637861,28.98574189,muskmelon,Tamil Nadu,Rabi,Loamy,3.5980937242209787,2087.474393572902,75109.28514986651,94.22253035,High,0
89,25,50,27.04863538,91.34685096,6.375923383,25.08146686,muskmelon,Tamil Nadu,Rabi,Loamy,4.868524531981038,2184.625148514033,106359.01128723286,91.34685096,High,0
96,13,55,29.5275305,94.57459443,6.700337732,21.13545688,muskmelon,Tamil Nadu,Rabi,Loamy,2.033244323623412,5173.576731758687,105191.45522678512,94.57459443,High,0
82,26,47,28.50416396,93.46806467,6.565312652999999,24.20007242,muskmelon,Tamil Nadu,Rabi,Loamy,2.881999260845853,5944.338202884047,171315.7830692959,93.46806467,High,0
106,21,52,28.89578588,94.78993038,6.286515359,23.0362503,muskmelon,Tamil Nadu,Rabi,Loamy,5.133344258864087,3894.036580941348,199894.30326582005,94.78993038,High,0
90,15,52,27.04927452,91.3821731,6.448061578,23.65747461,muskmelon,Tamil Nadu,Rabi,Loamy,2.0923670674191777,4175.937736167145,87375.94594749129,91.3821731,High,0
106,16,54,28.96017885,91.69532178,6.585872508,24.7458198,muskmelon,Tamil Nadu,Rabi,Loamy,4.911255170251113,1553.8356718672285,76312.83477178539,91.69532178,High,0
24,128,196,22.75088787,90.69489172,5.521466996,110.4317855,apple,Tamil Nadu,Kharif,Loamy,2.4309380669732095,6466.714686440435,157201.82899522776,90.69489172,High,1
7,144,197,23.8494014,94.34814995,6.133220586,114.0512495,apple,Tamil Nadu,Kharif,Loamy,4.670206897879303,2855.548795778105,133360.03683273843,94.34814995,High,1
14,128,205,22.60800988,94.58900601,6.226289556,116.0396587,apple,Tamil Nadu,Kharif,Loamy,3.8277356383294094,1846.8254177689005,70691.59469366621,94.58900601,High,1
8,120,201,21.18667419,91.13435689,6.321152192,122.233323,apple,Tamil Nadu,Kharif,Loamy,3.4135198182063617,5277.573250630467,180151.00883062868,91.13435689,High,1
20,129,201,23.41044706,91.69913296,5.587905967,116.07779309999998,apple,Tamil Nadu,Kharif,Loamy,4.754285086938867,6571.199792773948,312413.57178080955,91.69913296,High,1
32,137,204,22.86006627,93.12859895,5.824151692999999,117.7296726,apple,Tamil Nadu,Kharif,Loamy,5.9951568314261525,5601.053169688961,335791.9217344188,93.12859895,High,1
27,139,205,22.48403042,93.40819246,5.7721799460000005,105.5473627,apple,Tamil Nadu,Kharif,Loamy,2.914298010916898,1725.9904286220053,50300.50472994714,93.40819246,High,1
0,123,205,22.02775403,92.96129462,5.790993052,121.1349176,apple,Tamil Nadu,Kharif,Loamy,2.394758725311801,3581.3712892718327,85765.20143564894,92.96129462,High,1
22,144,196,21.91191314,91.68748063,6.4992268210000015,117.0761277,apple,Tamil Nadu,Kharif,Loamy,5.8625069016191045,5794.679372643487,339713.4781479231,91.68748063,High,1
1,124,199,23.71059131,93.27392415,5.658473817000001,112.66765890000002,apple,Tamil Nadu,Kharif,Loamy,2.7868956498165125,1559.0509809430391,43449.123966323226,93.27392415,High,1
30,122,197,21.37784654,92.72043743,5.573241391,106.1417017,apple,Tamil Nadu,Kharif,Loamy,3.866740708779211,4019.434232153858,155421.09971730033,92.72043743,High,1
29,121,196,22.84852833,94.32130209,6.079497202000001,123.5977843,apple,Tamil Nadu,Kharif,Loamy,3.141784159421465,5735.116881937816,180184.99372102856,94.32130209,High,1
13,126,204,23.1094265,92.79630809,6.3831802710000005,108.183792,apple,Tamil Nadu,Kharif,Loamy,5.355156002805797,3117.7487583092216,166960.3097829995,92.79630809,High,1
9,139,199,23.25230817,94.54128292,5.867420996,105.3558408,apple,Tamil Nadu,Kharif,Loamy,3.6872476244951935,4102.778960892414,151279.61977379414,94.54128292,High,1
0,133,200,23.67287749,90.4935574,5.708418722,104.2298028,apple,Tamil Nadu,Kharif,Loamy,4.2505198670891,3776.0454241063103,160501.56094194757,90.4935574,High,1
30,143,199,23.76881552,90.59810302,5.7983508000000015,102.2648546,apple,Tamil Nadu,Kharif,Loamy,4.924455457704838,3223.3694516262294,158733.39288259833,90.59810302,High,1
36,140,198,23.34386401,91.47684705,6.28188384,104.4267991,apple,Tamil Nadu,Kharif,Loamy,4.557170011160533,2677.0315415256805,121996.87859971685,91.47684705,High,1
37,137,199,22.63946441,90.18451645,5.697945522,108.3405879,apple,Tamil Nadu,Kharif,Loamy,4.9877456255585795,6976.4899883496455,347969.57421144174,90.18451645,High,1
33,121,203,22.45696744,94.76285385,5.6059340870000005,114.8407725,apple,Tamil Nadu,Kharif,Loamy,5.964456842223628,5553.511931836624,331236.82240213506,94.76285385,High,1
7,144,195,22.96388477,93.58065995,5.85648105,104.64729859999998,apple,Tamil Nadu,Kharif,Loamy,3.934592978097599,3848.4348283051686,151420.24652115756,93.58065995,High,1
35,128,205,21.07273439,93.56585985,6.041053829,107.8737015,apple,Tamil Nadu,Kharif,Loamy,4.705273669778494,5783.818058716353,272144.46822467423,93.56585985,High,1
29,128,198,22.44075021,92.70785115,5.685062404,121.4977331,apple,Tamil Nadu,Kharif,Loamy,5.480675291383159,4977.063419936598,272776.68509293476,92.70785115,High,1
2,143,196,22.71271308,90.45261746,5.669489065,109.8852597,apple,Tamil Nadu,Kharif,Loamy,4.908213932734201,4978.923589035516,244376.22129723092,90.45261746,High,1
34,140,198,21.70416965,93.44006288,5.751707342,115.1781396,apple,Tamil Nadu,Kharif,Loamy,4.5857759872866435,4316.264856536387,197934.2373387379,93.44006288,High,1
29,144,204,22.43324518,92.48667725,5.800448951,119.1025189,apple,Tamil Nadu,Kharif,Loamy,3.63128073860623,4184.029579885625,151933.86023197384,92.48667725,High,1
32,141,203,21.25941052,92.84416234,5.821347769,109.06584709999998,apple,Tamil Nadu,Kharif,Loamy,3.1095000173146516,1504.6675453042005,46787.63758176206,92.84416234,High,1
13,144,197,22.9215706,94.89613443,6.28022267,105.6941544,apple,Tamil Nadu,Kharif,Loamy,5.587748352930465,3000.2378251706687,167645.73965997083,94.89613443,High,1
25,143,198,22.81212536,91.51861705,6.027314401,107.855225,apple,Tamil Nadu,Kharif,Loamy,5.021942216829324,2029.1888561120732,101904.69182428825,91.51861705,High,1
9,137,200,21.12152071,90.6878768,5.636687393,102.8017203,apple,Tamil Nadu,Kharif,Loamy,5.186587517326652,4180.74503887454,216838.0003175202,90.6878768,High,1
6,144,198,21.11478672,90.31528693,5.559363609,104.5086618,apple,Tamil Nadu,Kharif,Loamy,4.953529060632988,3594.3469128462143,178047.01886780187,90.31528693,High,1
37,126,196,23.59997268,90.97597665,5.596449493,107.17281909999998,apple,Tamil Nadu,Kharif,Loamy,5.250903916227578,4030.182758014934,211621.0242717348,90.97597665,High,1
2,120,203,23.12652652,94.71203306,5.893492998999999,108.62118329999998,apple,Tamil Nadu,Kharif,Loamy,2.71002016094886,5678.8483717050985,153897.93578292424,94.71203306,High,1
11,143,197,22.98458907,93.3204487,5.875718516,122.1952483,apple,Tamil Nadu,Kharif,Loamy,4.257460460722076,3700.808054230038,157560.43963606184,93.3204487,High,1
10,141,201,22.12659387,90.97818277,6.386021424,104.5412275,apple,Tamil Nadu,Kharif,Loamy,3.863059081113681,6264.235969053459,241991.1364649092,90.97818277,High,1
24,142,202,22.53779727,91.48135786,5.710819862,101.8474768,apple,Tamil Nadu,Kharif,Loamy,2.824125614970338,3329.2677843353113,94022.70428836897,91.48135786,High,1
23,138,195,22.49095104,91.70292746,5.7959857160000015,124.3915101,apple,Tamil Nadu,Kharif,Loamy,2.2566534263633704,2060.174509163934,46490.99865011267,91.70292746,High,1
18,125,204,22.35548159,94.47811755,6.046673619,116.7366261,apple,Tamil Nadu,Kharif,Loamy,4.983563076738336,6715.435536987596,334667.9658634786,94.47811755,High,1
13,121,196,22.20700989,93.50574163,6.443382913,120.1593771,apple,Tamil Nadu,Kharif,Loamy,4.028650356085345,3253.0155527014176,131052.62264741732,93.50574163,High,1
26,122,202,22.44516988,94.73763514,5.617227184,107.1843273,apple,Tamil Nadu,Kharif,Loamy,3.574053502333958,6420.708295830605,229479.5497217807,94.73763514,High,1
28,123,202,22.76643029,92.12438519,6.442289294,120.4359949,apple,Tamil Nadu,Kharif,Loamy,3.2873910431333955,6415.855222282629,210914.24991772536,92.12438519,High,1
26,121,201,22.19109412,90.02575116,6.162034371,112.3126628,apple,Tamil Nadu,Kharif,Loamy,3.6109875399581632,4760.356187418375,171895.868785305,90.02575116,High,1
21,137,196,23.6119202,91.70293849,5.812781806,123.5900822,apple,Tamil Nadu,Kharif,Loamy,2.9383989406831845,3833.8801115866104,112654.69258592426,91.70293849,High,1
21,135,198,23.86087054,94.92048112,5.7650151260000015,105.0241329,apple,Tamil Nadu,Kharif,Loamy,3.344261075646646,3983.9544340214197,133233.837408477,94.92048112,High,1
5,144,205,21.42177231,92.62665309,6.184922574,102.8045658,apple,Tamil Nadu,Kharif,Loamy,3.263174987905569,2043.3098426051238,66676.77570930305,92.62665309,High,1
2,123,205,22.36629253,90.78572467,5.739652177000001,124.9831618,apple,Tamil Nadu,Kharif,Loamy,2.22305511237791,4459.135536516349,99129.04051238685,90.78572467,High,1
15,133,199,23.99686172,91.61001707,5.8247786360000005,117.6102915,apple,Tamil Nadu,Kharif,Loamy,4.598751013251311,3687.2706834279866,169568.39791546308,91.61001707,High,1
31,130,198,21.80129837,92.73446667,5.554823557000001,120.05866709999998,apple,Tamil Nadu,Kharif,Loamy,5.910776940044936,6102.999095313364,360734.6631769334,92.73446667,High,1
25,143,200,23.80436344,92.80441624,6.024248787,100.6192543,apple,Tamil Nadu,Kharif,Loamy,5.913372106033163,2040.8247921515617,120681.56399209972,92.80441624,High,1
16,143,204,23.71475278,91.53331177,5.631333387000001,121.8961665,apple,Tamil Nadu,Kharif,Loamy,3.499463392481346,5815.788431204124,203521.38713415348,91.53331177,High,1
19,122,202,23.34467359,90.37981478,5.811975094,112.8954016,apple,Tamil Nadu,Kharif,Loamy,3.826082221913741,5777.404062117634,221048.2297088051,90.37981478,High,1
10,125,196,22.31253665,90.03577124,5.730557448,113.0688155,apple,Tamil Nadu,Kharif,Loamy,4.54390910987159,6239.323902719298,283509.20721005776,90.03577124,High,1
20,139,202,23.50201428,92.21083961,5.66999105,107.9868949,apple,Tamil Nadu,Kharif,Loamy,4.89933789612596,2509.6908351070174,122958.23415999819,92.21083961,High,1
28,123,198,23.46260321,91.45665004,5.682751473,111.7763395,apple,Tamil Nadu,Kharif,Loamy,5.548356230235727,6369.711161644137,353414.26608510304,91.45665004,High,1
28,136,200,23.06204373,92.39544055,6.245858905,114.7399101,apple,Tamil Nadu,Kharif,Loamy,3.9502425044461744,6475.226271398591,255787.14043185234,92.39544055,High,1
2,131,199,22.47420512,91.22759742,6.017370134,124.2179699,apple,Tamil Nadu,Kharif,Loamy,3.6171260620604353,5372.66950968308,194336.22906312128,91.22759742,High,1
2,140,197,22.69780133,92.82223419,5.53456749,105.0508234,apple,Tamil Nadu,Kharif,Loamy,4.761324228902324,2739.128389743815,130418.78368161435,92.82223419,High,1
27,138,201,23.66682067,93.90191078,5.952367662,105.4004751,apple,Tamil Nadu,Kharif,Loamy,4.409298601801762,1942.8575425387535,85666.39045816133,93.90191078,High,1
30,127,204,22.50050273,92.45878335,6.126436584,100.9343903,apple,Tamil Nadu,Kharif,Loamy,4.269149892794606,3030.2044316319107,129363.96924447111,92.45878335,High,1
32,145,203,23.83053666,90.84422164,6.406818518,109.5966791,apple,Tamil Nadu,Kharif,Loamy,3.451988143892922,6453.986423064719,222790.84613265298,90.84422164,High,1
29,139,205,23.64142354,93.74461474,6.155939452999999,116.6912176,apple,Tamil Nadu,Kharif,Loamy,4.758222500514506,5215.202663906263,248150.94660141974,93.74461474,High,1
26,126,195,21.41363812,92.99124545,5.878568981,118.3979065,apple,Tamil Nadu,Kharif,Loamy,3.259193260206272,2970.992015749016,96830.3715385584,92.99124545,High,1
40,136,202,22.85267372,94.57645809999998,5.935336307999999,117.53140259999998,apple,Tamil Nadu,Kharif,Loamy,4.20811736682712,4726.744473604992,198906.95507931284,94.57645809999998,High,1
6,124,200,22.98208095,93.84505029,5.971332179,109.5852253,apple,Tamil Nadu,Kharif,Loamy,5.1041684217153165,2206.4824409463986,112622.57998147937,93.84505029,High,1
35,138,200,21.19909519,90.80819418,5.67130617,103.6838922,apple,Tamil Nadu,Kharif,Loamy,4.651367133001468,6747.507187243497,313851.3316043559,90.80819418,High,1
17,136,196,23.87192332,90.49939035,5.882155987999999,103.0548094,apple,Tamil Nadu,Kharif,Loamy,4.9034377516196415,5390.715467748825,264330.37732799526,90.49939035,High,1
33,134,205,21.0365275,94.33919546,6.08551916,114.7412734,apple,Tamil Nadu,Kharif,Loamy,2.2967632542423218,2368.338956836556,54395.13889652794,94.33919546,High,1
16,143,197,22.61711614,93.51978375,5.90402645,116.9256766,apple,Tamil Nadu,Kharif,Loamy,4.702467920264922,2106.4330255771583,99054.33728963167,93.51978375,High,1
27,120,200,21.45278675,90.74531921,6.1102188260000005,116.7036582,apple,Tamil Nadu,Kharif,Loamy,4.547903800328678,4234.907322647758,192599.51106709483,90.74531921,High,1
29,145,205,22.81227579,92.12992101,6.212302608,109.3383552,apple,Tamil Nadu,Kharif,Loamy,3.4187408324531448,4565.205005147416,156072.5275961694,92.12992101,High,1
3,141,197,21.98141856,91.12719303,6.142803397000001,115.4789148,apple,Tamil Nadu,Kharif,Loamy,5.433943089142419,4357.581284612776,236788.48706897936,91.12719303,High,1
15,123,204,22.52709326,92.54780429,6.365972687999999,115.3830068,apple,Tamil Nadu,Kharif,Loamy,2.6721321837045235,6951.979403514493,185766.07904582054,92.54780429,High,1
5,136,195,22.35628673,91.92360477,6.264202804,107.7697413,apple,Tamil Nadu,Kharif,Loamy,2.278669395830433,4777.419441337588,108861.59472021287,91.92360477,High,1
10,136,204,21.19852186,92.15595143,6.276198595,105.8554351,apple,Tamil Nadu,Kharif,Loamy,4.652117125791644,1790.4216238493461,83292.51098697228,92.15595143,High,1
7,141,195,23.8812458,93.45067555,5.514253142,104.9116663,apple,Tamil Nadu,Kharif,Loamy,2.2522102378401425,3920.462670840363,88297.06164336775,93.45067555,High,1
2,129,201,22.78234161,94.36803516,5.682343744,122.1449949,apple,Tamil Nadu,Kharif,Loamy,5.698467359279249,3138.7473914937345,178860.49559449934,94.36803516,High,1
29,138,197,22.19055385,92.43764169,5.830892252000001,121.6622761,apple,Tamil Nadu,Kharif,Loamy,5.806900583355409,1648.9732842966237,95754.23926519549,92.43764169,High,1
30,137,200,22.91430043,90.70475565,5.603413172000001,118.6044645,apple,Tamil Nadu,Kharif,Loamy,5.8675912601714995,3515.6611335152797,206284.6254073888,90.70475565,High,1
29,132,204,23.08950736,90.22507299,6.0967531,108.2166601,apple,Tamil Nadu,Kharif,Loamy,3.1856049465779837,4021.547157192252,128110.60516848267,90.22507299,High,1
14,139,197,21.72484506,92.83975602,6.056529526,121.6961761,apple,Tamil Nadu,Kharif,Loamy,5.882086025011761,6270.3726134077815,368828.71120942384,92.83975602,High,1
18,125,203,22.44307715,91.59234006,6.160267496,102.5565807,apple,Tamil Nadu,Kharif,Loamy,5.261289907220754,5112.575779472851,268987.4334844179,91.59234006,High,1
33,143,204,21.1316077,91.95769858,5.814434775,122.5391946,apple,Tamil Nadu,Kharif,Loamy,4.255703059322966,4215.531959738491,179400.52257732835,91.95769858,High,1
40,144,196,22.71750705,92.25479855,5.987262638,107.0289866,apple,Tamil Nadu,Kharif,Loamy,3.8967146105105077,5372.215451332369,209339.90440017142,92.25479855,High,1
9,143,197,23.75033085,92.88160462,5.570020684,117.6602827,apple,Tamil Nadu,Kharif,Loamy,3.3101709013830316,2830.40591794897,93691.27308697009,92.88160462,High,1
38,135,203,23.76121837,93.661643,5.9655513110000005,100.825956,apple,Tamil Nadu,Kharif,Loamy,4.382758556225455,6642.6127551981235,291129.67888536915,93.661643,High,1
28,130,196,22.13450646,94.67695747,6.062356467000001,112.9203223,apple,Tamil Nadu,Kharif,Loamy,2.3323138422011342,2572.566021980235,60000.31343040809,94.67695747,High,1
35,142,203,21.17089176,90.23730166,5.895319002000001,123.6495149,apple,Tamil Nadu,Kharif,Loamy,2.1997279375058976,1960.178379531464,43118.591439504,90.23730166,High,1
12,129,205,22.36238282,91.15761594,6.119432215,118.68327250000002,apple,Tamil Nadu,Kharif,Loamy,5.729406921830688,2504.468671601623,143491.2014258245,91.15761594,High,1
1,135,203,22.77856513,92.70124029,5.624203283,113.7759219,apple,Tamil Nadu,Kharif,Loamy,3.41600178519445,3204.6017489341257,109469.25295196229,92.70124029,High,1
0,145,205,21.22503442,90.09877774,5.52078314,113.9760462,apple,Tamil Nadu,Kharif,Loamy,3.009263170783132,2483.7804180966996,74743.48936490728,90.09877774,High,1
31,121,201,23.15791104,90.34396882,5.731535257999999,110.712841,apple,Tamil Nadu,Kharif,Loamy,4.3533893993759065,4493.914924138271,195637.6159244073,90.34396882,High,1
35,131,203,22.42776057,93.91722423,5.893490899,102.7230739,apple,Tamil Nadu,Kharif,Loamy,5.227524390076804,4171.304193129785,218055.94408015592,93.91722423,High,1
29,140,195,23.64082979,90.95257927,5.560521058,116.7431319,apple,Tamil Nadu,Kharif,Loamy,3.9248844050559204,1906.5381234120728,74829.41748224624,90.95257927,High,1
33,138,198,22.29423493,90.69033986,6.222390797999999,122.7418744,apple,Tamil Nadu,Kharif,Loamy,4.73489670369589,1508.2363769404626,71413.43449569629,90.69033986,High,1
14,140,197,23.35225078,90.90054697,6.071255131,113.0381382,apple,Tamil Nadu,Kharif,Loamy,4.558900325576936,5323.884208273694,242710.57450432848,90.90054697,High,1
35,145,195,22.03911546,94.58075845,6.231950009,110.9804014,apple,Tamil Nadu,Kharif,Loamy,2.4600388845483585,3252.1319830836865,80003.71136069234,94.58075845,High,1
40,120,197,23.80593812,92.48879468,5.889480679,119.6335548,apple,Tamil Nadu,Kharif,Loamy,3.9572098331261145,6514.404371597293,257788.65036244557,92.48879468,High,1
25,132,198,22.31944084,90.85174383,5.732757516,100.1173443,apple,Tamil Nadu,Kharif,Loamy,2.3806196257578303,5519.995917573635,131410.10615478898,90.85174383,High,1
31,137,196,22.14464104,93.82567435,6.400321212000001,120.6310784,apple,Tamil Nadu,Kharif,Loamy,5.108150121244253,4001.390669018423,204397.0423109208,93.82567435,High,1
36,144,196,23.65167552,94.50528753,6.496934492,115.3611268,apple,Tamil Nadu,Kharif,Loamy,4.705334168677576,4988.004309660494,234702.27111756525,94.50528753,High,1
10,140,197,22.16939473,90.27185592,6.229498836,124.4683112,apple,Tamil Nadu,Kharif,Loamy,3.8715138274521985,1531.230013709708,59281.78171086954,90.27185592,High,1
22,30,12,15.78144173,92.51077745,6.354006743999999,119.035002,orange,Tamil Nadu,Kharif,Loamy,3.577418314534778,6173.621366639078,220856.2614401786,92.51077745,High,1
37,6,13,26.03097313,91.50819306,7.511755067999999,101.2847738,orange,Tamil Nadu,Kharif,Sandy,2.602745700643939,3361.855158045873,87500.54058791546,91.50819306,High,1
27,13,6,13.36050601,91.35608208,7.335158382,111.2266885,orange,Tamil Nadu,Kharif,Loamy,2.6763421330031436,2899.981794706835,77613.43462115974,91.35608208,High,1
7,16,9,18.87957654,92.04304496,7.813916602999999,114.6659511,orange,Tamil Nadu,Kharif,Sandy,2.1648930987290402,1673.3787179096084,36226.86037962561,92.04304496,High,1
20,7,9,29.47741671,91.57802915,7.1291369410000005,111.1727497,orange,Tamil Nadu,Kharif,Loamy,3.2963082511122113,3800.0600915196014,125261.69434398288,91.57802915,High,1
26,27,10,28.06903173,92.91487288,6.079998496,114.1339416,orange,Tamil Nadu,Kharif,Loamy,3.933335110585367,2890.341864323529,113686.83136538503,92.91487288,High,1
5,23,15,25.66901098,92.04670813,7.408939392000001,112.5424199,orange,Tamil Nadu,Kharif,Loamy,5.849888520162361,3675.7260748240515,215025.87768374674,92.04670813,High,1
0,18,14,29.77149434,92.00719952,7.207991261,114.41617859999998,orange,Tamil Nadu,Kharif,Loamy,5.818411089052729,2624.97432999381,152731.7975011474,92.00719952,High,1
39,24,14,30.55472573,90.90343769,7.189259647,106.0711985,orange,Tamil Nadu,Kharif,Loamy,5.768468157886697,4933.2377565862325,284572.2491415209,90.90343769,High,1
13,23,6,23.96147583,90.26408017,7.365338111,102.6958703,orange,Tamil Nadu,Kharif,Loamy,2.6546277641742657,1814.639899199645,48171.934583937684,90.26408017,High,1
21,17,15,23.98289638,91.5473145,7.455991072000001,118.4901697,orange,Tamil Nadu,Kharif,Loamy,5.788128806232326,4053.892764933147,234644.5349008636,91.5473145,High,1
33,12,8,25.26052689,90.31153735,6.822282114,117.36952959999998,orange,Tamil Nadu,Kharif,Loamy,5.968350645986545,1629.5995548509788,97260.21555894226,90.31153735,High,1
6,9,12,31.08368929,90.14362642,7.028746406000002,109.6894658,orange,Tamil Nadu,Kharif,Loamy,2.3696453906226753,2043.3096295681771,48419.19245321157,90.14362642,High,1
19,7,10,14.78003032,91.22062116,6.118430299,100.1961762,orange,Tamil Nadu,Kharif,Loamy,5.261279740351352,5515.685767153,290195.6578086638,91.22062116,High,1
24,18,6,26.56608303,94.45239715,6.285312759,116.3796525,orange,Tamil Nadu,Kharif,Loamy,4.069822482161996,5919.936961802326,240930.92540124885,94.45239715,High,1
9,11,8,24.85903405,94.39000473,6.559236744,111.78037340000002,orange,Tamil Nadu,Kharif,Loamy,3.9878516470079846,1575.7086714765258,62836.924207524266,94.39000473,High,1
31,8,7,34.51465139,93.63812684,7.163245982,103.5684926,orange,Tamil Nadu,Kharif,Loamy,2.1286674967096073,2646.553673191288,56336.32782419715,93.63812684,High,1
22,17,5,24.12188673,90.72351622,6.945562889,102.835632,orange,Tamil Nadu,Kharif,Loamy,5.647654548798146,4356.330420546692,246030.49315668264,90.72351622,High,1
13,5,8,23.85340379,90.10522549,7.474710503,103.923226,orange,Tamil Nadu,Kharif,Loamy,2.007306423397965,1809.0560606956187,36313.29850921334,90.10522549,High,1
16,8,9,24.60297538,91.28408653,7.601189842999999,111.2948115,orange,Tamil Nadu,Kharif,Sandy,5.499131213447464,6990.301967368362,384405.87740178575,91.28408653,High,1
4,13,6,15.63211033,94.25966183,7.5611432239999985,101.4705704,orange,Tamil Nadu,Kharif,Sandy,2.99894824894418,4889.040397623528,146619.79139470437,94.25966183,High,1
0,25,14,19.33516809,91.97978938,6.361671475,116.450422,orange,Tamil Nadu,Kharif,Loamy,3.221194513567534,1707.0277734606998,54986.684983790095,91.97978938,High,1
8,7,10,28.2620488,91.98317355,6.929216014,105.2132259,orange,Tamil Nadu,Kharif,Loamy,4.690544570212097,1968.8800087033994,92351.19434222877,91.98317355,High,1
4,23,5,22.67594476,93.36348717,7.477935216,110.3332655,orange,Tamil Nadu,Kharif,Loamy,2.7681551454662996,3786.835902659498,104825.4928898341,93.36348717,High,1
33,14,8,21.03200078,92.9641969,7.684420446,110.6823944,orange,Tamil Nadu,Kharif,Sandy,4.754027645064415,4523.482981416902,215047.63145634352,92.9641969,High,1
30,7,15,33.23453301,91.06053924,7.825531916,115.7659902,orange,Tamil Nadu,Kharif,Sandy,2.5141903010980515,3267.742474073386,82157.26434801458,91.06053924,High,1
21,29,12,22.30318989,92.15987039,6.438668989,117.3688104,orange,Tamil Nadu,Kharif,Loamy,3.832175266040828,1746.4860612062184,66928.40686239538,92.15987039,High,1
11,14,5,11.50322938,94.8933184,6.946354724,115.56837759999998,orange,Tamil Nadu,Kharif,Loamy,5.114375490540855,2833.6864728287237,144925.3664451239,94.8933184,High,1
9,8,15,14.34320488,94.35734702,7.994465371,110.22231229999998,orange,Tamil Nadu,Kharif,Sandy,5.609403514761678,5927.769936720651,332512.5351773942,94.35734702,High,1
5,18,14,33.105698100000005,93.48447453,7.434118807000001,119.1709113,orange,Tamil Nadu,Kharif,Loamy,3.099705568996039,2983.5981608822,92482.75834932894,93.48447453,High,1
29,25,14,30.49183837,90.4582865,7.781988584,113.3302105,orange,Tamil Nadu,Kharif,Sandy,3.165608462206342,5187.171820207929,164205.55008968496,90.4582865,High,1
33,12,15,30.25578031,92.03272799,6.052318465,116.7173125,orange,Tamil Nadu,Kharif,Loamy,2.037547615017434,2815.3264505161533,57363.616947446855,92.03272799,High,1
8,16,6,12.22816189,90.26457428,7.106650373,108.4161706,orange,Tamil Nadu,Kharif,Loamy,3.167928838364338,5484.725563476673,173752.20283051848,90.26457428,High,1
15,14,8,10.01081312,90.22399223,6.22094286,119.3941064,orange,Tamil Nadu,Kharif,Loamy,4.836447965709452,3820.749337395367,184788.5536033156,90.22399223,High,1
16,7,8,22.79196751,90.60901895,6.420457311,116.5084074,orange,Tamil Nadu,Kharif,Loamy,3.5488113738325575,2473.1977893498542,87769.12444582299,90.60901895,High,1
0,12,7,20.18432263,90.65458473,6.969249676,116.8130969,orange,Tamil Nadu,Kharif,Loamy,4.464361592009014,6829.243986429419,304882.1455547402,90.65458473,High,1
5,25,6,30.72119881,94.01331956,6.0113021810000005,106.8118019,orange,Tamil Nadu,Kharif,Loamy,4.046244970268274,5767.010516542801,233347.37296045554,94.01331956,High,1
6,8,11,24.35590861,92.39651663,6.600948787999999,119.6946577,orange,Tamil Nadu,Kharif,Loamy,3.1766020131472588,4167.112905272734,132372.5924390129,92.39651663,High,1
10,5,5,21.21306973,91.35349216,7.817846496,112.9834361,orange,Tamil Nadu,Kharif,Sandy,2.8740750265171253,4355.548042689743,125181.71856290137,91.35349216,High,1
1,17,6,10.78689755,91.38411917,6.8198271,117.5293447,orange,Tamil Nadu,Kharif,Loamy,5.579014248893182,5011.645971334246,279600.4428448187,91.38411917,High,1
1,30,10,11.89925671,91.34663797,7.291405641,103.5771468,orange,Tamil Nadu,Kharif,Loamy,2.214096417483015,6926.015618549952,153348.66368462855,91.34663797,High,1
0,23,15,22.56664172,93.37488907,7.598729065,109.8585753,orange,Tamil Nadu,Kharif,Sandy,5.559372609389039,3039.867359920964,168997.55336920382,93.37488907,High,1
24,27,9,18.86883219,93.24688124,6.157135092000001,119.3936976,orange,Tamil Nadu,Kharif,Loamy,3.3171835092732618,4194.800744006682,139149.23852706177,93.24688124,High,1
36,11,13,17.34083741,93.04897191,7.1917274,112.7194284,orange,Tamil Nadu,Kharif,Loamy,5.121544932875729,1941.2337276876299,99421.15761566043,93.04897191,High,1
40,21,8,34.90665289,92.87820148,7.418761774,102.1906333,orange,Tamil Nadu,Kharif,Loamy,2.673148743827335,4832.312071962533,129174.88944948313,92.87820148,High,1
40,22,6,24.53610067,91.90997228,6.488221135,115.9787989,orange,Tamil Nadu,Kharif,Loamy,2.4139718709441764,6472.779935844915,156251.08691941475,91.90997228,High,1
32,18,13,13.8377282,91.74780462,6.044167236,107.9873218,orange,Tamil Nadu,Kharif,Loamy,4.9406602283493655,5155.741788013438,254727.68399676838,91.74780462,High,1
9,10,10,22.3551049,93.52211892,6.010391864,101.5164589,orange,Tamil Nadu,Kharif,Loamy,4.2849842798481514,4941.348807567478,211736.0196167305,93.52211892,High,1
13,16,8,34.74004942,93.12316972,6.949838549,100.1967854,orange,Tamil Nadu,Kharif,Loamy,5.6681050496255505,5355.253420960756,303541.3895737216,93.12316972,High,1
15,9,11,11.54785707,94.14861001,7.907956251,108.82891709999998,orange,Tamil Nadu,Kharif,Sandy,3.1920667276706673,5051.297070889127,161240.77311565483,94.14861001,High,1
29,11,5,23.13338811,91.94670335,7.639788459,104.4224145,orange,Tamil Nadu,Kharif,Sandy,5.715145786666104,6484.94825657506,370624.2470531265,91.94670335,High,1
1,15,9,29.98364695,94.55239717,7.53350946,115.3560318,orange,Tamil Nadu,Kharif,Sandy,3.3129051511200696,2293.8050123988064,75991.58441241042,94.55239717,High,1
18,5,11,20.87947369,90.93756231,6.251586885,102.4550786,orange,Tamil Nadu,Kharif,Loamy,2.0195171476523437,1828.950619892006,36935.9713908129,90.93756231,High,1
14,22,9,17.24944623,91.13772765,6.543191814,112.50905159999998,orange,Tamil Nadu,Kharif,Loamy,5.884007591018877,1634.3503029029494,96165.29588664955,91.13772765,High,1
33,15,7,15.83388699,91.68293851,7.651225301,109.7571416,orange,Tamil Nadu,Kharif,Sandy,4.830885596992118,1813.7406033770549,87619.73357534008,91.68293851,High,1
4,6,7,23.01014302,91.11764246,6.708889665,112.6738296,orange,Tamil Nadu,Kharif,Loamy,2.61731203166976,4343.304365590441,113677.82773263654,91.11764246,High,1
17,16,14,16.39624284,92.18151927,6.625538653,102.944161,orange,Tamil Nadu,Kharif,Loamy,3.7423488353691035,4249.06087677098,159014.680235963,92.18151927,High,1
12,20,10,24.45132792,93.10527686,6.528354932,109.4711098,orange,Tamil Nadu,Kharif,Loamy,2.8206165656574385,4377.215599045763,123464.46830122628,93.10527686,High,1
34,29,8,31.87859192,91.15248149,6.450640306,105.3437825,orange,Tamil Nadu,Kharif,Loamy,4.38553788408808,6838.800668392312,299918.1941296137,91.15248149,High,1
39,28,10,31.34920143,91.48247612,7.181907673,109.1549823,orange,Tamil Nadu,Kharif,Loamy,3.591191607671641,3744.5736167998807,134474.81346960375,91.48247612,High,1
31,25,12,18.05142392,90.03969587,7.016482298,111.7793889,orange,Tamil Nadu,Kharif,Loamy,5.5125593501505605,3568.767554719251,196730.42952281563,90.03969587,High,1
12,6,8,30.84835031,92.86773675,6.388617138,107.4142681,orange,Tamil Nadu,Kharif,Loamy,3.9012436281907252,2387.242364276132,93132.14062579222,92.86773675,High,1
12,29,13,22.45616931,91.52781832,7.57125447,118.0069295,orange,Tamil Nadu,Kharif,Sandy,4.331101795335526,6208.296677389733,268887.6488541825,91.52781832,High,1
26,11,11,13.70319166,90.95589386,7.609348255,106.2944879,orange,Tamil Nadu,Kharif,Sandy,5.333874677063211,1520.419001079051,81097.24408381293,90.95589386,High,1
19,24,15,20.48954522,93.72485075,7.137136973,111.83919509999998,orange,Tamil Nadu,Kharif,Loamy,3.0590161753119394,3177.8380652345413,97210.5804407446,93.72485075,High,1
39,21,9,13.20844373,94.02769434,6.354022554,106.2696156,orange,Tamil Nadu,Kharif,Loamy,4.6649754606719664,5593.616921954239,260940.85677315982,94.02769434,High,1
16,29,13,32.31944397,93.67804556,6.196907944,117.6236473,orange,Tamil Nadu,Kharif,Loamy,3.004113920814573,3151.347486595233,94670.06853804755,93.67804556,High,1
36,29,13,20.68185224,90.91510525,7.829507245,109.7513927,orange,Tamil Nadu,Kharif,Sandy,5.6369708182435705,5482.568063476805,309050.7618285291,90.91510525,High,1
37,23,12,31.52675982,90.50621806,6.395258356,113.1169398,orange,Tamil Nadu,Kharif,Loamy,3.4287844987909253,3612.4808628047804,123864.18384563898,90.50621806,High,1
39,9,15,25.35467646,91.81183218,7.992041984,116.7555937,orange,Tamil Nadu,Kharif,Sandy,4.122455388589187,4727.88387029001,194904.90337700956,91.81183218,High,1
31,5,14,17.66545409,91.69865887,6.583411671,110.6857506,orange,Tamil Nadu,Kharif,Loamy,4.8010876116595895,2937.790803607946,141045.9103284958,91.69865887,High,1
18,12,8,12.59093977,91.81668769,6.206053072,119.39167179999998,orange,Tamil Nadu,Kharif,Loamy,5.695096403714643,2707.391428701065,154188.55189043283,91.81668769,High,1
20,20,10,11.86631922,93.68394562,6.976997772000001,106.060149,orange,Tamil Nadu,Kharif,Loamy,2.244994816761679,2932.056646230869,65824.51973239932,93.68394562,High,1
5,8,5,11.03367937,92.22706805,6.562594972,112.7715925,orange,Tamil Nadu,Kharif,Loamy,2.0294818818109137,6045.7907801736455,122698.22849581882,92.22706805,High,1
20,8,12,25.2990432,94.96419851,7.260416405,117.9733424,orange,Tamil Nadu,Kharif,Loamy,3.636373607312078,2804.6379102584315,101987.1127493066,94.96419851,High,1
25,21,11,32.23797837,90.15406807,6.460044777999999,104.7052254,orange,Tamil Nadu,Kharif,Loamy,5.808781462390009,4863.767320998986,282525.61451597227,90.15406807,High,1
14,19,14,17.68408797,94.35815354,6.699164936,108.0638166,orange,Tamil Nadu,Kharif,Loamy,4.352251223169207,2196.3846478709916,95592.17770246592,94.35815354,High,1
37,18,12,10.2708877,90.19147747,7.401121811,106.69552040000002,orange,Tamil Nadu,Kharif,Loamy,5.96260163477713,4501.30516757053,268394.89550786786,90.19147747,High,1
26,15,6,17.22034507,94.78797376,6.912033409,108.0054343,orange,Tamil Nadu,Kharif,Loamy,5.656276945626789,6453.618635607501,365034.54304454126,94.78797376,High,1
13,22,5,19.667056,90.50096668,7.764040111,100.1737964,orange,Tamil Nadu,Kharif,Sandy,2.781783573737426,4412.583773213001,122748.53058064239,90.50096668,High,1
32,25,9,10.35609594,93.75652041,7.796034006,101.1456947,orange,Tamil Nadu,Kharif,Sandy,2.5500435703695103,5003.028607230964,127579.40932244046,93.75652041,High,1
19,7,9,27.255435,91.71369387,6.969883482999999,101.139435,orange,Tamil Nadu,Kharif,Loamy,4.388048772734736,5770.510832864989,253212.82978205715,91.71369387,High,1
28,7,9,34.591784600000004,92.13229786,6.730757538,115.5650287,orange,Tamil Nadu,Kharif,Loamy,2.5682744536295963,5365.076460305673,137789.8881477256,92.13229786,High,1
24,30,11,32.39523995,94.51768464,6.601395755,113.25373,orange,Tamil Nadu,Kharif,Loamy,5.2640807637738884,2888.799962462623,152068.76312790226,94.51768464,High,1
7,17,10,10.16431299,91.22320999,6.465913274,106.362551,orange,Tamil Nadu,Kharif,Loamy,3.161829723758637,6033.121983322855,190757.04413931863,91.22320999,High,1
18,23,8,21.49118657,93.43949693,6.41354791,101.4819888,orange,Tamil Nadu,Kharif,Loamy,4.5949238519013065,2058.5738189847702,94589.89941752683,93.43949693,High,1
7,20,12,16.53460397,94.76759975,6.475275337,110.0447896,orange,Tamil Nadu,Kharif,Loamy,2.2865527088431223,2222.6752185554305,50822.640418663985,94.76759975,High,1
20,23,11,31.852069399999998,90.12220323,6.407715561,109.9455062,orange,Tamil Nadu,Kharif,Loamy,5.304065115437963,3320.15687855819,176103.2827734189,90.12220323,High,1
18,14,11,28.04799508,90.00621688,6.550814117000001,117.1311498,orange,Tamil Nadu,Kharif,Loamy,5.111885253320243,2303.971568694822,117776.38286080168,90.00621688,High,1
34,11,10,31.75048899,94.59551226,7.36220835,115.1989301,orange,Tamil Nadu,Kharif,Loamy,5.695490232802959,3194.59240187044,181947.69822639634,94.59551226,High,1
20,29,10,29.07412717,93.27189064,7.36549204,100.7896871,orange,Tamil Nadu,Kharif,Loamy,3.9798888853205403,3670.156880558843,146068.16576318847,93.27189064,High,1
37,24,13,19.14381903,90.71037456,7.8546243,108.0230792,orange,Tamil Nadu,Kharif,Sandy,5.694094650325642,2487.035038156821,141614.12905941182,90.71037456,High,1
12,8,10,16.14820285,91.4448027,7.995848977,107.4287664,orange,Tamil Nadu,Kharif,Sandy,3.0711392379819076,3337.005251885571,102484.07766417477,91.4448027,High,1
34,10,14,34.05296914,92.05811721,6.725600855,116.8020848,orange,Tamil Nadu,Kharif,Loamy,5.621133733157286,6113.54616007597,343650.60549617227,92.05811721,High,1
6,13,9,34.51423957,90.56151463,7.786725333,118.32719679999998,orange,Tamil Nadu,Kharif,Sandy,4.847265182646428,6393.393568780163,309904.74044903676,90.56151463,High,1
27,30,5,32.71748548,90.54608254,7.656978112000001,113.328978,orange,Tamil Nadu,Kharif,Sandy,5.399365691349369,2611.3006948912453,140993.67381792556,90.54608254,High,1
13,8,12,25.16296632,92.54736032,7.105904818,114.3117197,orange,Tamil Nadu,Kharif,Loamy,2.726443988215155,1856.5052149480657,50616.57482385238,92.54736032,High,1
6,7,7,27.68167318,94.47316879,7.199106204,113.9995146,orange,Tamil Nadu,Kharif,Loamy,2.13646909804064,2284.9281442905976,48816.783715202066,94.47316879,High,1
40,17,15,21.35093384,90.9492967,7.871063004,107.0862095,orange,Tamil Nadu,Kharif,Sandy,5.155167529028528,4364.844877433181,225015.0658139004,90.9492967,High,1
31,26,9,11.69894639,93.25638873,7.566165721,103.2005992,orange,Tamil Nadu,Kharif,Sandy,2.0754272693644884,4565.282911886503,94749.12647692965,93.25638873,High,1
61,68,50,35.21462816,91.49725058,6.7932454170000005,243.0745066,papaya,Tamil Nadu,Monsoon,Loamy,3.747193411163468,4044.824331879381,151567.39085732092,91.49725058,High,2
58,46,45,42.39413392,90.79028064,6.576261427,88.46607497,papaya,Tamil Nadu,Rabi,Loamy,3.0255625853122727,1700.7782243473837,51458.10961499286,90.79028064,High,0
45,47,55,38.4191628,91.14220381,6.751452932,119.2653877,papaya,Tamil Nadu,Kharif,Loamy,2.7717345858011746,5212.32323904424,144471.76594034123,91.14220381,High,1
39,65,53,35.33294932,92.11508608,6.560743092999999,235.6133585,papaya,Tamil Nadu,Monsoon,Loamy,5.87121824286311,3099.080733562383,181953.79338997052,92.11508608,High,2
31,68,45,42.92325255,90.07600528,6.938313356,196.2408242,papaya,Tamil Nadu,Kharif,Loamy,2.833213091636771,2187.6707600881887,61981.374376728214,90.07600528,High,1
70,68,45,33.83508569,92.85470152,6.991626158,203.4044028,papaya,Tamil Nadu,Monsoon,Loamy,3.960847134052248,2116.459654171276,83829.73155561512,92.85470152,High,2
68,62,50,33.20258348,92.76437927,6.977700268,197.5282582,papaya,Tamil Nadu,Kharif,Loamy,3.229204195670223,3973.9890080666437,128328.21978396153,92.76437927,High,1
34,65,47,23.48546973,93.71043692,6.833768535,191.7760562,papaya,Tamil Nadu,Kharif,Loamy,3.1419368828010135,6305.956477092735,198129.1723671561,93.71043692,High,1
38,68,54,29.33710543,90.81781439,6.739170045,202.0572747,papaya,Tamil Nadu,Monsoon,Loamy,2.768462010394643,4085.9479332591886,113117.9162967857,90.81781439,High,2
69,64,47,40.21199348,94.50766912,6.993473247000001,186.6762324,papaya,Tamil Nadu,Kharif,Loamy,5.000423896095882,6927.894076652952,346424.07090516534,94.50766912,High,1
58,51,47,42.13473976,91.70445386,6.757470637000001,197.402901,papaya,Tamil Nadu,Kharif,Loamy,2.6350468664157565,3336.615416853365,87921.37998613963,91.70445386,High,1
59,47,53,32.86316618,91.4618874,6.8506632320000005,47.271547,papaya,Tamil Nadu,Rabi,Loamy,5.76537830864145,4609.475283044201,265753.68811081944,91.4618874,High,0
44,64,54,29.80744318,91.38048469,6.74274935,232.7046126,papaya,Tamil Nadu,Monsoon,Loamy,3.2847199207997626,3593.966304470848,118051.727149785,91.38048469,High,2
56,57,48,31.56213762,93.0484859,6.506120752,63.62250788,papaya,Tamil Nadu,Rabi,Loamy,3.1281610110862625,2954.2547974837007,92413.84674303056,93.0484859,High,0
69,60,54,36.32268069,93.06134398,6.98992719,141.1736926,papaya,Tamil Nadu,Kharif,Loamy,2.6787753616605863,5720.799348173583,153247.36342891335,93.06134398,High,1
56,58,49,37.13165026,94.60761797,6.69215564,172.47880619999995,papaya,Tamil Nadu,Kharif,Loamy,3.3011254622246415,4301.05587557223,141983.2506530239,94.60761797,High,1
49,55,53,38.4418717,93.63739039,6.544029776,77.71566883,papaya,Tamil Nadu,Rabi,Loamy,2.080681316482157,5646.063418454722,117476.58666452118,93.63739039,High,0
38,51,52,32.66160599,90.78931681,6.927803911,78.85085502,papaya,Tamil Nadu,Rabi,Loamy,4.989560802478289,3453.7842736152343,172328.66631846523,90.78931681,High,0
54,65,47,27.92765919,91.55594211,6.721835879,149.91075569999995,papaya,Tamil Nadu,Kharif,Loamy,2.1301134432935225,5578.4463873589075,118827.23642405393,91.55594211,High,1
57,57,51,39.01793345,91.48815629,6.99223441,105.8841531,papaya,Tamil Nadu,Kharif,Loamy,2.1514633510860226,4683.939285181807,100773.23710780719,91.48815629,High,1
39,52,53,32.51247398,94.65904123,6.704204398,51.07048113,papaya,Tamil Nadu,Rabi,Loamy,2.086789584391593,2469.523685601338,51533.76305521211,94.65904123,High,0
58,67,45,38.72382798,91.72514851,6.702424548,62.62377075,papaya,Tamil Nadu,Rabi,Loamy,2.372397031558827,3502.791319509005,83100.1172857319,91.72514851,High,0
61,64,52,43.30204933,92.83405443,6.641098708,110.562229,papaya,Tamil Nadu,Kharif,Loamy,3.7702174487759232,2869.20828068791,108175.39124021925,92.83405443,High,1
34,62,55,27.58548913,90.72526502,6.585346229,238.5008779,papaya,Tamil Nadu,Monsoon,Loamy,4.233245492328621,5354.015040088312,226648.60034313487,90.72526502,High,2
31,48,45,40.78881819,92.90951393,6.563134737,132.7923586,papaya,Tamil Nadu,Kharif,Loamy,3.5817422643376897,2575.5408547828933,92249.23533104309,92.90951393,High,1
47,46,52,23.19451074,91.40301608,6.502289472999999,206.3999208,papaya,Tamil Nadu,Monsoon,Loamy,5.683570435719085,6610.889001744832,375734.5328413738,91.40301608,High,2
32,68,52,32.68067385,92.61715632,6.800321319,248.8592986,papaya,Tamil Nadu,Monsoon,Loamy,2.99770033720532,1947.8333636209,58390.207309461446,92.61715632,High,2
36,59,46,34.28879307,93.61082872,6.721130542999999,127.2509777,papaya,Tamil Nadu,Kharif,Loamy,3.9691242301384366,4016.5959570324253,159423.68335733484,93.61082872,High,1
61,51,51,39.30050027,94.16193416,6.574677594,120.9512466,papaya,Tamil Nadu,Kharif,Loamy,4.656580427807732,2194.524313437351,102189.78966300568,94.16193416,High,1
70,54,46,39.73149053,91.12220596,6.919342407,122.7628653,papaya,Tamil Nadu,Kharif,Loamy,3.444786308576082,6848.831900371956,235927.62360140422,91.12220596,High,1
44,56,49,39.23342464,91.25589286,6.519779582999999,64.4478499,papaya,Tamil Nadu,Rabi,Loamy,4.153638894567761,2658.3596141903654,110418.6588924925,91.25589286,High,0
34,68,51,27.34734861,94.17756725,6.687088097999999,40.35153141,papaya,Tamil Nadu,Rabi,Loamy,3.5736039574394005,6281.719387763822,224483.77263636602,94.17756725,High,0
50,59,47,40.76998685,92.09278584,6.747975732,209.8678411,papaya,Tamil Nadu,Monsoon,Loamy,5.55747631695008,5506.7142379143315,306034.33961420704,92.09278584,High,2
39,70,52,26.26559543,90.79668055,6.65149129,59.49373381,papaya,Tamil Nadu,Rabi,Loamy,4.429391327852208,4162.539567110291,184375.1666040001,90.79668055,High,0
34,61,49,28.12971499,93.3210737,6.502675132,117.8201907,papaya,Tamil Nadu,Kharif,Loamy,5.98820693474903,4330.033360053192,259291.35794365167,93.3210737,High,1
44,60,55,34.2804607,90.55561637,6.825371185,98.54047745,papaya,Tamil Nadu,Rabi,Loamy,2.891704684962545,4124.9598855047125,119281.65826196541,90.55561637,High,0
31,62,52,33.7960155,93.00754254,6.99104104,182.026807,papaya,Tamil Nadu,Kharif,Loamy,3.138774913970032,6537.433054262574,205195.30872477853,93.00754254,High,1
65,62,51,31.53243779,90.87394933,6.5116248410000015,207.0735119,papaya,Tamil Nadu,Monsoon,Loamy,4.393626093921304,2651.7979985185243,116510.08882099275,90.87394933,High,2
44,57,53,42.30495821,90.51431779,6.93172108,74.876786,papaya,Tamil Nadu,Rabi,Loamy,3.9875598351261297,3882.5032886775425,154817.14173675678,90.51431779,High,0
50,47,48,24.63676897,90.61964344,6.712772332999999,218.2299187,papaya,Tamil Nadu,Monsoon,Loamy,3.1422104601458822,5371.62757826319,168787.8436442669,90.61964344,High,2
43,50,48,28.28222883,91.37059792,6.63016515,179.27208069999998,papaya,Tamil Nadu,Kharif,Loamy,4.676336512326456,5316.111995113732,248599.28626366984,91.37059792,High,1
60,46,53,24.48620746,92.98254537,6.761953186,183.49095,papaya,Tamil Nadu,Kharif,Loamy,5.35985909051125,4645.274869970561,248980.18739735178,92.98254537,High,1
70,68,55,42.84609252,94.63548176,6.691202286,78.80996390000001,papaya,Tamil Nadu,Rabi,Loamy,5.33198784547395,2818.136629327675,150262.7025446009,94.63548176,High,0
59,62,52,43.67549305,93.10887229,6.608667683999999,103.8235658,papaya,Tamil Nadu,Kharif,Loamy,2.5997239039788473,5532.60271792443,143832.3953700648,93.10887229,High,1
60,58,51,42.07213781,92.92203105,6.840802254,165.7412972,papaya,Tamil Nadu,Kharif,Loamy,4.743445390117458,5968.562507039426,283115.50309644063,92.92203105,High,1
42,60,47,33.46873719,92.12746225,6.834808347999999,136.8277041,papaya,Tamil Nadu,Kharif,Loamy,4.990243790008336,2809.1886394208564,140185.36162831893,92.12746225,High,1
35,66,47,31.7018373,91.66232213,6.953439161,48.83810592,papaya,Tamil Nadu,Rabi,Loamy,4.0657003412009916,2657.1518201292465,108031.83061722314,91.66232213,High,0
34,65,48,41.41968393,90.03863107,6.665024507999999,199.3096432,papaya,Tamil Nadu,Kharif,Loamy,4.523916313480003,2907.010481213293,131510.7213941817,90.03863107,High,1
36,54,46,42.54744013,94.94482086,6.662875839,214.41038480000003,papaya,Tamil Nadu,Monsoon,Loamy,4.381387789041651,4371.19029155461,191518.79766994782,94.94482086,High,2
39,64,52,28.91842453,94.63676767,6.678695788,63.68794608,papaya,Tamil Nadu,Rabi,Loamy,5.955455142166833,3972.3712480827035,236572.78775989817,94.63676767,High,0
37,52,47,43.08022702,93.90305729,6.54277684,211.8529059,papaya,Tamil Nadu,Monsoon,Loamy,5.209009560395344,2451.3724957876734,127692.22766648186,93.90305729,High,2
33,47,46,29.20300896,93.96834049,6.839443833,209.4083305,papaya,Tamil Nadu,Monsoon,Loamy,5.948198927479337,5056.643326862693,300779.2041349022,93.96834049,High,2
34,48,48,41.04224355,91.37258067,6.805277038,181.527598,papaya,Tamil Nadu,Kharif,Loamy,3.253095474800968,2402.689828123305,78161.79407218238,91.37258067,High,1
49,54,50,25.62446619,93.18240298,6.762522087000001,97.26336657,papaya,Tamil Nadu,Rabi,Loamy,4.1842571383455205,5950.80917892352,248997.15785842785,93.18240298,High,0
40,65,49,35.32876402,91.06138506,6.678449317999999,163.9069365,papaya,Tamil Nadu,Kharif,Loamy,2.030423674551818,6107.221408710201,124002.46933974895,91.06138506,High,1
68,52,49,24.42561272,92.27749066,6.577192175,63.35298768,papaya,Tamil Nadu,Rabi,Loamy,5.109342920077097,3456.468958448794,176602.85201316606,92.27749066,High,0
50,46,52,31.18298415,90.21646909,6.734005647999999,54.01872359,papaya,Tamil Nadu,Rabi,Loamy,3.298870793384972,5023.802618770119,165728.75730791682,90.21646909,High,0
65,63,50,31.88342554,91.3256535,6.524459342,79.27201575,papaya,Tamil Nadu,Rabi,Loamy,4.548440256268625,4352.9806830428315,197992.72573511713,91.3256535,High,0
40,49,47,42.93368602,91.1756748,6.501521192,246.36132680000003,papaya,Tamil Nadu,Monsoon,Loamy,3.512856836417298,2959.529939472917,103964.04980459106,91.1756748,High,2
42,53,48,23.11407669,94.31994776,6.758479569,231.5153161,papaya,Tamil Nadu,Monsoon,Loamy,3.375939647726458,5503.2147206076115,185785.2076525112,94.31994776,High,2
49,55,51,24.87212063,93.90560147,6.676578778,135.16945249999998,papaya,Tamil Nadu,Kharif,Loamy,2.3678787141050224,4385.086852479117,103833.5381748709,93.90560147,High,1
59,62,49,43.36051537,93.35191636,6.941496806,114.778071,papaya,Tamil Nadu,Kharif,Loamy,4.099145174157961,3854.857065531137,158016.18737240677,93.35191636,High,1
63,58,47,26.83054058,90.75379971,6.864143752,144.66564440000005,papaya,Tamil Nadu,Kharif,Loamy,3.0942287197212046,1977.2508112052265,61180.66246123261,90.75379971,High,1
70,65,52,30.42012134,93.12659793,6.583528529,75.95295,papaya,Tamil Nadu,Rabi,Loamy,4.702149669967397,2182.6490098237955,102631.42321197625,93.12659793,High,0
63,50,52,28.64555584,93.22642604,6.751747609,115.8163936,papaya,Tamil Nadu,Kharif,Loamy,5.617733532091095,1763.874453143135,99089.76661821033,93.22642604,High,1
40,64,47,32.50037548,93.47888842,6.893509446,71.73759526,papaya,Tamil Nadu,Rabi,Loamy,5.829533219648574,6141.9162498567675,358045.0481083942,93.47888842,High,0
63,58,50,43.03714283,94.6428898,6.720744449,41.5856585,papaya,Tamil Nadu,Rabi,Loamy,4.833317967410857,2331.538826040379,112690.6849961698,94.6428898,High,0
45,58,49,30.10773379,90.34546355,6.827812549,75.24521981,papaya,Tamil Nadu,Rabi,Loamy,4.565628540433048,6552.786099045078,299175.8723315315,90.34546355,High,0
66,69,47,23.69212243,93.61055571,6.912299695,87.53393983,papaya,Tamil Nadu,Rabi,Loamy,2.7865203151158267,2380.564924235466,66334.92522834295,93.61055571,High,0
54,67,52,35.67667332,93.30641944,6.586107335,141.3381168,papaya,Tamil Nadu,Kharif,Loamy,4.840472189299492,6894.665230672827,333734.3530360199,93.30641944,High,1
69,67,52,27.71948962,94.43877142,6.827305908,82.83061083,papaya,Tamil Nadu,Rabi,Loamy,5.722288411035176,5888.243545708667,336942.2780296138,94.43877142,High,0
67,68,49,35.26824831,92.38282957,6.821774589,149.8488208,papaya,Tamil Nadu,Kharif,Loamy,3.1737990864674583,1617.4851251990237,51335.72812731364,92.38282957,High,1
45,57,47,23.16855863,90.78821158,6.656458831,161.68920930000004,papaya,Tamil Nadu,Kharif,Loamy,2.03236988288073,4551.889541093018,92511.23213517238,90.78821158,High,1
56,50,52,33.08706051,92.25197542,6.770384816,88.1300769,papaya,Tamil Nadu,Rabi,Loamy,2.117009343801007,6030.176322853579,127659.39620248626,92.25197542,High,0
70,50,53,37.4620912,90.44967809,6.933809742999999,172.3458448,papaya,Tamil Nadu,Kharif,Loamy,5.6248455384721705,5958.629238136917,335163.6908554426,90.44967809,High,1
44,47,45,38.73218907,94.73613484,6.579441304,218.142147,papaya,Tamil Nadu,Monsoon,Loamy,5.572949235989971,2887.8159746816864,160936.5182978194,94.73613484,High,2
50,60,47,32.57720726,92.74889453,6.92791761,93.7942847,papaya,Tamil Nadu,Rabi,Loamy,3.1744006493806673,2185.5942183166167,69379.51705906901,92.74889453,High,0
52,51,53,38.38231475,93.10378595,6.985804083,210.2735346,papaya,Tamil Nadu,Monsoon,Loamy,2.0282463959264283,3446.412016111087,69901.72750554846,93.10378595,High,2
35,68,45,42.93605359,90.09448142,6.612429546,234.8466111,papaya,Tamil Nadu,Monsoon,Loamy,3.6007728643369337,6299.051843453023,226814.54948957183,90.09448142,High,2
68,69,52,25.65492304,92.74501561,6.813383387000001,52.95477913,papaya,Tamil Nadu,Rabi,Loamy,3.3483893962983653,4763.326540165617,159494.72078197132,92.74501561,High,0
32,55,52,37.58899717,91.99740365,6.967759599999999,159.6577388,papaya,Tamil Nadu,Kharif,Loamy,2.682099917790998,4438.518472597958,119045.50030468809,91.99740365,High,1
32,55,51,29.60718808,93.15642801,6.57398033,62.68710535,papaya,Tamil Nadu,Rabi,Loamy,2.489192854043382,3446.728624901779,85795.72262932279,93.15642801,High,0
48,62,47,25.34756111,93.02871078,6.803094965,174.40123369999995,papaya,Tamil Nadu,Kharif,Loamy,4.682341537887405,3007.5832446938566,140825.31955284224,93.02871078,High,1
39,69,53,25.9300384,93.02357765,6.964955435,241.8202079,papaya,Tamil Nadu,Monsoon,Loamy,2.455366173899462,6521.340807285777,160122.7962667971,93.02357765,High,2
49,61,45,32.76795887,94.57377401,6.764213299,240.4795923,papaya,Tamil Nadu,Monsoon,Loamy,5.249922140377782,6860.5254042188,360172.24214232515,94.57377401,High,2
48,57,54,29.02328049,90.20396783,6.617703177999999,126.8069869,papaya,Tamil Nadu,Kharif,Loamy,5.871287183091871,6589.536911744576,386890.63612436724,90.20396783,High,1
69,66,49,40.00439101,90.17015833,6.52711001,92.11877372,papaya,Tamil Nadu,Rabi,Loamy,2.9463774299999375,5761.23677233024,169747.77994879507,90.17015833,High,0
53,55,55,33.32315744,91.25271223,6.709668804,234.496633,papaya,Tamil Nadu,Monsoon,Loamy,5.3170041314537,3084.2136680275653,163987.76815188536,91.25271223,High,2
38,61,52,31.22790131,94.94021378,6.620729882000001,46.44279118,papaya,Tamil Nadu,Rabi,Loamy,2.9412272865986484,1976.3227915436935,58128.14521615124,94.94021378,High,0
57,64,55,26.68386496,92.9585411,6.583760498999999,62.50689682,papaya,Tamil Nadu,Rabi,Loamy,4.100672298760966,2912.677445227457,119439.35714870093,92.9585411,High,0
51,57,55,24.70528368,90.14732171,6.6764073370000006,108.4103158,papaya,Tamil Nadu,Kharif,Loamy,2.4401246194769306,6908.26592058821,168570.29750720755,90.14732171,High,1
56,65,45,38.2016825,93.97379963,6.751298936,218.09088140000003,papaya,Tamil Nadu,Monsoon,Loamy,2.6161845802510517,4765.1674735214965,124665.576665408,93.97379963,High,2
54,66,52,36.56769731,93.79503425,6.867554147000001,104.4218596,papaya,Tamil Nadu,Kharif,Loamy,2.0751014888798687,3754.92102802077,77918.42215872227,93.79503425,High,1
58,55,47,26.05375792,93.69111672,6.7424900270000006,240.6863901,papaya,Tamil Nadu,Monsoon,Loamy,3.086472265115769,4878.777100070751,150582.10207050314,93.69111672,High,2
68,70,54,31.29986342,92.76039164,6.986228647000001,54.77830202,papaya,Tamil Nadu,Rabi,Loamy,4.318492733744902,6806.362928833566,293932.28851398424,92.76039164,High,0
42,59,55,40.10207731,94.35110201,6.979102243,149.1199989,papaya,Tamil Nadu,Kharif,Loamy,2.703188714529493,2114.57760969706,57161.02330529843,94.35110201,High,1
43,64,47,38.58954491,91.58076549,6.8256647820000005,102.2708231,papaya,Tamil Nadu,Kharif,Loamy,3.3014835224520613,5984.553322068683,197579.04182045502,91.58076549,High,1
35,67,49,41.31330062,91.1508798,6.617066674,239.7427554,papaya,Tamil Nadu,Monsoon,Loamy,2.3782639985701457,2515.2925804603556,59820.29789979465,91.1508798,High,2
56,59,55,37.03551903,91.79430166,6.551892637999999,188.5181422,papaya,Tamil Nadu,Kharif,Loamy,5.113716754499569,4030.0398200642085,206084.8214916277,91.79430166,High,1
39,64,53,23.012401800000006,91.07355541,6.598860305,208.3357976,papaya,Tamil Nadu,Monsoon,Loamy,3.6869673329749526,2768.4005889911164,102070.02536198865,91.07355541,High,2
18,30,29,26.762749300000007,92.86056895,6.4200187170000005,224.5903664,coconut,Tamil Nadu,Monsoon,Loamy,2.182804113331914,3637.349184063491,79396.2076059827,92.86056895,High,2
37,23,28,25.61294367,94.3138837,5.7400545670000005,224.3206759,coconut,Tamil Nadu,Monsoon,Loamy,5.097005226931295,5616.527415957592,286274.69596338767,94.3138837,High,2
13,28,33,28.130115000000004,95.64807631,5.686972967000001,151.0761899,coconut,Tamil Nadu,Kharif,Loamy,2.860115612761493,4495.06899149948,128564.17003027722,95.64807631,High,1
2,21,35,25.02887163,91.53720922,6.293662362999999,179.8248944,coconut,Tamil Nadu,Kharif,Loamy,4.608017713694377,4967.9028215256085,228921.84201502276,91.53720922,High,1
10,18,35,27.79797651,99.64573002,6.381975465,181.6942283,coconut,Tamil Nadu,Kharif,Loamy,4.397713067834113,3438.5272402259006,151216.5617844501,99.64573002,High,1
7,11,32,29.25902906,95.11294697,5.542169138999999,184.7624496,coconut,Tamil Nadu,Kharif,Loamy,4.2467511581397,6580.067242744795,279439.08183763566,95.11294697,High,1
39,5,31,27.10134661,93.69979946,5.551963184,150.9502632,coconut,Tamil Nadu,Kharif,Loamy,5.9373372839672545,5787.7353088324535,343637.36638864654,93.69979946,High,1
34,6,27,25.84726298,90.92669463,5.8607404810000014,147.8888994,coconut,Tamil Nadu,Kharif,Loamy,3.2776857368000747,5913.831851575094,193836.82309741664,90.92669463,High,1
31,30,29,26.58580443,90.98617591,5.558807063,178.8116076,coconut,Tamil Nadu,Kharif,Loamy,5.5731108768279185,2330.61664543833,129887.84976408555,90.98617591,High,1
25,7,35,28.38503882,99.18843684,5.55771171,189.67113490000003,coconut,Tamil Nadu,Kharif,Loamy,4.186360081853646,4032.419439869341,168811.5977635965,99.18843684,High,1
16,18,26,28.43647052,91.81320717,5.568365926,145.54144130000003,coconut,Tamil Nadu,Kharif,Loamy,5.755524300707492,1948.7936800905359,112163.29382826261,91.81320717,High,1
26,10,33,28.27298134,96.93649473,6.07071786,198.8234862,coconut,Tamil Nadu,Kharif,Loamy,3.668538173112685,5503.433594099099,201895.56223143285,96.93649473,High,1
27,8,32,27.00648436,96.46168931,5.627860548999998,144.3331315,coconut,Tamil Nadu,Kharif,Loamy,3.561457508035901,4090.268463017283,145673.17327495367,96.46168931,High,1
37,18,30,27.63551259,99.34854917,6.38488418,157.91715369999997,coconut,Tamil Nadu,Kharif,Loamy,5.099587745700157,6988.448569096424,356382.0668441992,99.34854917,High,1
19,15,34,26.29644905,99.65809151,5.6858890660000005,215.9195049,coconut,Tamil Nadu,Monsoon,Loamy,4.113999662872558,6457.914293972928,265678.57228264504,99.65809151,High,2
0,19,33,27.1326009,95.23797989,6.234458417000001,204.7206567,coconut,Tamil Nadu,Monsoon,Loamy,4.601038966231021,6032.345979539419,277550.5890964791,95.23797989,High,2
31,20,26,25.56567803,97.61361544,6.443168642000001,199.7936345,coconut,Tamil Nadu,Kharif,Loamy,2.1674542954150757,5184.66433155009,112375.22975703573,97.61361544,High,1
9,17,32,25.94951662,93.40548703,5.842317989,172.0540491,coconut,Tamil Nadu,Kharif,Loamy,5.275111956338629,4916.9402831642055,259374.10476322545,93.40548703,High,1
22,11,29,28.03380598,95.01630593,5.955742971,218.0055713,coconut,Tamil Nadu,Monsoon,Loamy,5.271200124929855,3610.3812997958976,190310.4235852855,95.01630593,High,2
31,6,26,29.12859129,91.30924833,5.741367375,157.2388553,coconut,Tamil Nadu,Kharif,Loamy,2.3906420741779466,4969.747293922087,118808.86978882135,91.30924833,High,1
34,6,30,27.0828252,97.00155491,5.948342571,171.7575545,coconut,Tamil Nadu,Kharif,Loamy,2.661515302867995,5295.178941687329,140931.99784725183,97.00155491,High,1
24,6,32,28.11321494,90.01734526,6.387067562,172.48136409999995,coconut,Tamil Nadu,Kharif,Loamy,3.0182255486153715,3873.0684315686462,116897.94091696154,90.01734526,High,1
1,8,26,27.5136304,94.18955816,5.562911913,156.6732553,coconut,Tamil Nadu,Kharif,Loamy,4.20408409197166,4250.4833019754615,178693.89233026214,94.18955816,High,1
31,13,33,27.63834933,95.48763389,5.85971872,205.5463111,coconut,Tamil Nadu,Monsoon,Loamy,4.277543482038494,2174.0725808652755,92996.89997758865,95.48763389,High,2
10,9,28,29.01256899,94.01014388,6.282955072999999,150.05003119999995,coconut,Tamil Nadu,Kharif,Loamy,2.789009512431555,3037.233993021655,84708.74498017872,94.01014388,High,1
36,27,26,26.58413917,95.78923137,6.25449571,171.6262299,coconut,Tamil Nadu,Kharif,Loamy,5.355968360040821,3094.1153057484107,165719.8367990652,95.78923137,High,1
38,24,33,28.28905147,97.00396405,5.973853124,142.9403233,coconut,Tamil Nadu,Kharif,Loamy,2.986236667382671,6202.928205563608,185234.11652596237,97.00396405,High,1
11,6,25,28.69164799,96.65248672,6.081568052000001,178.9635457,coconut,Tamil Nadu,Kharif,Loamy,4.40385809810128,5510.715703656118,242684.09977879887,96.65248672,High,1
16,14,30,29.70931288,96.30484325,6.37466756,209.84539930000005,coconut,Tamil Nadu,Monsoon,Loamy,4.8652788146563575,4457.129487699833,216851.7767068614,96.30484325,High,2
33,14,35,27.14865285,96.66355213,6.027707171,149.2433497,coconut,Tamil Nadu,Kharif,Loamy,4.412384456089146,4544.450911053981,200518.64561394745,96.66355213,High,1
16,6,29,29.28725038,91.95614918,5.868285082000001,132.1491176,coconut,Tamil Nadu,Kharif,Loamy,4.320505685617056,2006.9437240187065,86710.1177033629,91.95614918,High,1
32,11,31,25.06871967,93.31410447,6.205931637999999,134.84190690000003,coconut,Tamil Nadu,Kharif,Loamy,2.0608861606887774,6490.972560888203,133771.5552014509,93.31410447,High,1
38,14,30,26.92449525,91.20106019,5.5707453860000005,194.9022136,coconut,Tamil Nadu,Kharif,Loamy,3.672682362863451,6974.986911195191,256169.11409949997,91.20106019,High,1
8,6,33,28.27804288,93.64761266,6.095261012999999,171.9457959,coconut,Tamil Nadu,Kharif,Loamy,4.505715866104554,5539.256233465636,249583.14697544667,93.64761266,High,1
23,6,33,29.18032562,92.73041222,6.025789594,204.9603677,coconut,Tamil Nadu,Monsoon,Loamy,5.823684261473433,4826.185221421267,281061.78916946705,92.73041222,High,2
29,25,35,28.3575072,91.64509299,5.542873799,160.73069909999995,coconut,Tamil Nadu,Kharif,Loamy,5.174943153689138,3360.8218002594467,173920.61766021827,91.64509299,High,1
24,14,33,29.38072512,93.27565685,6.366219551,218.5241851,coconut,Tamil Nadu,Monsoon,Loamy,3.492199394863205,6032.783045915682,210676.81302287747,93.27565685,High,2
32,12,30,25.39241091,98.08951196,5.579845008,218.080385,coconut,Tamil Nadu,Monsoon,Loamy,2.028914275092396,3356.349188657895,68097.44781062784,98.08951196,High,2
30,25,31,26.31270635,98.62048026,5.804965067,208.1181381,coconut,Tamil Nadu,Monsoon,Loamy,2.3175406577350772,3340.06648401686,77407.39876247321,98.62048026,High,2
14,21,35,29.52501367,91.91185319,6.121005506,194.3100272,coconut,Tamil Nadu,Kharif,Loamy,3.245997905893458,5966.052425198529,193657.93678645013,91.91185319,High,1
27,22,29,28.83214859,92.17170353,6.000248647,145.41723869999996,coconut,Tamil Nadu,Kharif,Loamy,4.344766493772598,3421.0388111172133,148636.14800437712,92.17170353,High,1
40,5,29,28.48444906,97.76865458,5.820978791,160.389421,coconut,Tamil Nadu,Kharif,Loamy,5.224615374252,5611.398310733887,293173.9788531197,97.76865458,High,1
17,11,32,28.74013335,93.39676499,5.620733794,156.76508230000005,coconut,Tamil Nadu,Kharif,Loamy,4.623078745662268,3570.336816822452,165059.48252707356,93.39676499,High,1
30,30,35,25.00872392,95.59224018,6.001936419,165.8092179,coconut,Tamil Nadu,Kharif,Loamy,5.005283602268565,4422.581137622604,221362.72847844678,95.59224018,High,1
28,10,30,29.8690834,91.14723422,6.305740522000001,192.7678575,coconut,Tamil Nadu,Kharif,Loamy,4.588492131684006,5531.02663705397,253790.72204256794,91.14723422,High,1
39,7,29,27.54273211,94.59086121,6.362544111,150.2012138,coconut,Tamil Nadu,Kharif,Loamy,3.965389641890112,1687.4831690723245,66915.28279503295,94.59086121,High,1
32,20,35,26.52166434,98.38227669,5.588655387,144.6261698,coconut,Tamil Nadu,Kharif,Loamy,4.090967154926727,3729.1366367145674,152557.75497033214,98.38227669,High,1
7,15,32,25.03512351,95.89739958,6.182232762000001,174.796583,coconut,Tamil Nadu,Kharif,Loamy,5.153453896508786,6873.014662683316,354197.6419416736,95.89739958,High,1
29,17,29,29.20394909,95.66997327,5.959493188,211.2506267,coconut,Tamil Nadu,Monsoon,Loamy,3.846122846490641,5750.823510544872,221183.73690042144,95.66997327,High,2
34,15,34,27.05826457,91.10510371,5.677282677999999,224.70069530000004,coconut,Tamil Nadu,Monsoon,Loamy,2.311801130160536,5292.143624661267,122343.83612463792,91.10510371,High,2
14,23,25,26.18552389,96.96637916,5.6121227970000005,135.4186222,coconut,Tamil Nadu,Kharif,Loamy,5.220065031522568,6856.078658285019,357891.76457481785,96.96637916,High,1
18,19,29,27.59376845,92.48519606,6.206077742000001,162.8432736,coconut,Tamil Nadu,Kharif,Loamy,3.5666532435620284,4301.81649342506,153430.8774948312,92.48519606,High,1
7,21,35,25.76011662,94.65830608,5.764812076,131.24514140000002,coconut,Tamil Nadu,Kharif,Loamy,4.1162995340351625,3286.815639690098,135295.17686115837,94.65830608,High,1
24,27,34,28.87862994,95.11320315,6.203376525,145.0583117,coconut,Tamil Nadu,Kharif,Loamy,2.586613560562014,1801.8161254543447,46606.02023739515,95.11320315,High,1
39,29,29,26.50908611,94.48414544,6.143662699,199.8778403,coconut,Tamil Nadu,Kharif,Loamy,2.9383483977227485,4130.74810353399,121375.7707141538,94.48414544,High,1
29,8,28,26.87037587,91.72546257,6.100429497,214.4128874,coconut,Tamil Nadu,Monsoon,Loamy,3.084394653439765,4986.626649277951,153807.24575733164,91.72546257,High,2
10,24,27,27.57283516,94.90485697,5.7084096010000005,145.9298935,coconut,Tamil Nadu,Kharif,Loamy,5.7618686116633935,2875.100462567704,165659.51110647758,94.90485697,High,1
0,29,32,28.05912437,98.3670985,5.868255858,171.65163959999995,coconut,Tamil Nadu,Kharif,Loamy,3.3898619038558953,2623.280677394424,88925.59231420644,98.3670985,High,1
32,11,31,29.51611558,92.56492864,6.461225827000001,131.2116167,coconut,Tamil Nadu,Kharif,Loamy,3.1604510383766486,5687.760934558718,179758.89951664238,92.56492864,High,1
37,10,32,28.96318258,95.16333673,6.165084855,222.803013,coconut,Tamil Nadu,Monsoon,Loamy,2.433329757939557,5730.149201125097,139433.42568531277,95.16333673,High,2
20,29,27,25.09897688,92.36099489,6.047044342,157.7592626,coconut,Tamil Nadu,Kharif,Loamy,2.79070892705085,3840.2745028037575,107170.88337300211,92.36099489,High,1
31,29,35,27.1872282,92.19906776,6.137102505,141.3220576,coconut,Tamil Nadu,Kharif,Loamy,5.76780964855144,5141.2378845874155,296536.8147622149,92.19906776,High,1
17,30,27,29.03065024,90.79093862,5.894027065,205.5720367,coconut,Tamil Nadu,Monsoon,Loamy,5.435963112585132,5288.814288672377,287497.9938253622,90.79093862,High,2
1,12,30,27.754298,95.94643831,5.56222383,131.09000759999998,coconut,Tamil Nadu,Kharif,Loamy,3.3019914949698763,1894.9079823397158,62569.7004143627,95.94643831,High,1
6,13,29,27.31155708,99.96906006,5.832608027999999,201.8258633,coconut,Tamil Nadu,Monsoon,Loamy,2.8880654096223646,6049.223146761847,174705.52125249844,99.96906006,High,2
15,28,32,28.84270971,99.64328526,6.2185718739999984,224.4016682,coconut,Tamil Nadu,Monsoon,Loamy,2.212626409428752,2002.0183071662186,44297.185785958194,99.64328526,High,2
27,24,29,26.61423461,96.97300803,6.142010637,191.006688,coconut,Tamil Nadu,Kharif,Loamy,5.992105984762789,2195.736954762645,131570.88547598067,96.97300803,High,1
3,23,30,29.70143197,95.65754365,6.078807239,215.1968037,coconut,Tamil Nadu,Monsoon,Loamy,3.7704201240673414,1716.2225899641542,64708.8019057982,95.65754365,High,2
8,26,26,25.54759871,91.64194826,5.702484758,212.867626,coconut,Tamil Nadu,Monsoon,Loamy,2.2615681793360665,4390.61291380454,99296.70453642355,91.64194826,High,2
20,28,26,26.37978453,91.49882979,5.547594847,167.0470997,coconut,Tamil Nadu,Kharif,Loamy,2.644378718938806,2862.2891228370354,75689.76443880278,91.49882979,High,1
26,18,27,27.45907759,92.90736493,5.836075368,142.1430003,coconut,Tamil Nadu,Kharif,Loamy,4.772439801804271,6268.917569136389,299180.31721176585,92.90736493,High,1
1,6,35,27.02269204,95.71935435,6.231662767,147.16824590000004,coconut,Tamil Nadu,Kharif,Loamy,4.99152035640446,2801.8304325804784,139853.93639418972,95.71935435,High,1
27,30,31,28.98545306,90.73966792,5.718120393,148.8398374,coconut,Tamil Nadu,Kharif,Loamy,4.0856446983759405,2961.1274514774805,120981.14673344427,90.73966792,High,1
23,7,34,26.1055118,91.52421214,5.852038202,134.1279669,coconut,Tamil Nadu,Kharif,Loamy,2.682332254198914,1606.1526960349308,43082.35181743039,91.52421214,High,1
0,26,31,25.0707247,95.02156793,5.547933273,192.9036306,coconut,Tamil Nadu,Kharif,Loamy,2.1311039194211876,4563.943343926807,97262.37548258659,95.02156793,High,1
38,6,25,25.54963273,96.92786777,6.156259104,191.2996157,coconut,Tamil Nadu,Kharif,Loamy,5.109133973269281,2957.084536826378,151081.41068928904,96.92786777,High,1
25,12,26,28.56973521,95.67906668,6.436314406,134.83703480000003,coconut,Tamil Nadu,Kharif,Loamy,5.611384362115761,3046.942571838951,170975.6589988187,95.67906668,High,1
40,5,32,26.07010807,96.7036223,5.981169595,143.533473,coconut,Tamil Nadu,Kharif,Loamy,5.172620459591043,6922.964275127832,358098.66650544095,96.7036223,High,1
0,19,31,25.51791333,94.38420565,6.271952832999999,178.7297725,coconut,Tamil Nadu,Kharif,Loamy,2.4301972535967766,1938.5248021973107,47109.97650329139,94.38420565,High,1
26,9,32,25.9490364,94.73860514,6.470465614,144.15711090000005,coconut,Tamil Nadu,Kharif,Loamy,3.1058878039963793,3286.035098391433,102060.56335597995,94.73860514,High,1
35,30,34,28.2974764,95.41122824,6.141502001,182.4482352,coconut,Tamil Nadu,Kharif,Loamy,2.9553050579694085,2196.788603241864,64921.80470450233,95.41122824,High,1
19,30,30,29.56549169,91.40896307,5.826381164,224.83157290000003,coconut,Tamil Nadu,Monsoon,Loamy,5.013524112149431,5441.219146677739,272796.83391358,91.40896307,High,2
31,13,33,29.69952329,95.21224392,6.342463714,148.30036919999995,coconut,Tamil Nadu,Kharif,Loamy,2.147963280413663,2241.375947286418,48143.93232373615,95.21224392,High,1
17,29,26,26.14162144,93.28415295,6.071897347,195.4115025,coconut,Tamil Nadu,Kharif,Loamy,3.1820694650797874,5092.013410829219,162031.40390376435,93.28415295,High,1
2,30,30,26.00175125,94.79998418,6.331051715,209.540094,coconut,Tamil Nadu,Monsoon,Loamy,4.55055554237911,5489.16464076941,249787.48579084672,94.79998418,High,2
30,13,25,27.15116142,91.48889469,6.413184638,164.9182225,coconut,Tamil Nadu,Kharif,Loamy,5.024984474989585,2375.3970054412484,119363.33074279026,91.48889469,High,1
8,15,33,28.97318719,98.09861043,5.50158009,213.9011021,coconut,Tamil Nadu,Monsoon,Loamy,2.071413374102596,4096.738212457583,84860.38323481801,98.09861043,High,2
18,12,35,26.13958446,96.38580769,6.338720873,131.3387935,coconut,Tamil Nadu,Kharif,Loamy,5.852750041516184,5196.581465050251,304142.92385315086,96.38580769,High,1
8,28,30,25.51618488,94.33465411,6.015672239,135.1272491,coconut,Tamil Nadu,Kharif,Loamy,2.8402788966149908,6935.368639049558,196983.8118573789,94.33465411,High,1
40,22,29,27.55821802,99.98187601,5.735364307,174.62564809999995,coconut,Tamil Nadu,Kharif,Loamy,5.395899651591842,6159.003402271598,332333.64312470285,99.98187601,High,1
27,10,33,27.81132822,97.48410555,6.465906333,154.06212209999995,coconut,Tamil Nadu,Kharif,Loamy,3.9244244372776382,5211.4390079192,204518.9859606004,97.48410555,High,1
21,20,31,25.60033702,99.7240104,5.855457599,165.82487319999996,coconut,Tamil Nadu,Kharif,Loamy,4.44656145183732,4814.854716339114,214095.47377870622,99.7240104,High,1
3,9,35,26.91641934,99.84671638,6.318552972999999,225.6323656,coconut,Tamil Nadu,Monsoon,Loamy,4.507580274761301,3445.329276404622,155300.982863791,99.84671638,High,2
22,16,27,29.1797902,90.27214288,6.006784979,188.9252083,coconut,Tamil Nadu,Kharif,Loamy,3.371453046101655,1741.6580202349421,58719.18237588474,90.27214288,High,1
27,8,30,26.44600063,98.29937782,6.008386282999999,221.2258168,coconut,Tamil Nadu,Monsoon,Loamy,4.837824090801473,4756.655737246949,230118.6371730233,98.29937782,High,2
22,8,33,28.43572863,95.8840407,5.665785202,203.9283708,coconut,Tamil Nadu,Monsoon,Loamy,4.059339932538948,2996.8524071113843,121652.4264811271,95.8840407,High,2
28,27,32,28.94099669,93.00109012,5.764615485,191.7723087,coconut,Tamil Nadu,Kharif,Loamy,2.2995476069811613,6597.895920463514,151721.7577501264,93.00109012,High,1
23,21,26,26.45488737,93.45042636,5.901495543999999,149.2220255,coconut,Tamil Nadu,Kharif,Loamy,4.498418173628741,6803.616513325677,306055.1216994483,93.45042636,High,1
37,5,34,25.79490531,93.84150618,5.779032666,152.42387119999995,coconut,Tamil Nadu,Kharif,Loamy,4.936061848442709,6309.621055900154,311446.79772159545,93.84150618,High,1
19,26,29,26.93141945,98.80313612,5.67154928,166.5712879,coconut,Tamil Nadu,Kharif,Loamy,4.965695212599956,4436.192398699808,220287.79356395948,98.80313612,High,1
133,47,24,24.40228894,79.19732001,7.231324765,90.8022356,cotton,Tamil Nadu,Rabi,Loamy,5.032329546856381,5514.975888488309,277531.7611384024,79.19732001,High,0
136,36,20,23.09595631,84.86275707,6.925412377000001,71.29581071,cotton,Tamil Nadu,Rabi,Loamy,2.077646896204288,2338.3985685954253,48583.66528130836,84.86275707,High,0
104,47,18,23.9656349,76.97696717,7.633437412,90.75616738,cotton,Tamil Nadu,Rabi,Sandy,4.865944303318395,6839.01725445738,332782.7704962309,76.97696717,High,0
133,47,23,24.88738107,75.62137159,6.827354668,89.76050416,cotton,Tamil Nadu,Rabi,Loamy,4.738494970300018,5446.648194319332,258089.15073775832,75.62137159,High,0
126,38,23,25.36243778,83.63276077,6.176716425,88.43618918,cotton,Tamil Nadu,Rabi,Loamy,5.254768690129189,4565.960857189801,239930.68152716398,83.63276077,High,0
126,50,19,24.69457084,81.7358876,6.6287228360000015,78.58494391,cotton,Tamil Nadu,Rabi,Loamy,3.9188602045853127,6608.905263014206,258993.75831100802,81.7358876,High,0
113,41,20,25.0017188,80.53965818,7.256877571,96.32600992,cotton,Tamil Nadu,Rabi,Loamy,2.7043026545176465,2656.7466040671025,71846.46893759408,80.53965818,High,0
121,45,22,22.45942937,81.30681027,6.443785385,64.23026638,cotton,Tamil Nadu,Rabi,Loamy,2.562289818867987,2501.922725331469,64106.5112671127,81.30681027,High,0
121,47,16,23.60564038,79.29573149,7.7232401510000015,72.49800885,cotton,Tamil Nadu,Rabi,Sandy,5.916965828877622,4941.865787470724,292408.50995363673,79.29573149,High,0
129,60,22,24.58453146,79.12404171,5.947448589,71.94608134,cotton,Tamil Nadu,Rabi,Loamy,2.6993535404228712,6246.624299988611,168618.47419865796,79.12404171,High,0
107,45,25,23.0865933,83.55546146,7.2277455160000015,71.84080724,cotton,Tamil Nadu,Rabi,Loamy,5.21426940172749,6259.810320179379,326403.37413129304,83.55546146,High,0
122,59,18,23.5000992,83.63488952,6.219469084,79.81328183,cotton,Tamil Nadu,Rabi,Loamy,2.235408473012186,5099.717204959412,113999.51049932292,83.63488952,High,0
140,38,15,24.1472953,75.88298598,6.021439523,69.91563467,cotton,Tamil Nadu,Rabi,Loamy,4.22375566427875,5275.368168735378,222818.66183851872,75.88298598,High,0
102,49,21,24.69315538,84.84422454,6.253343655,89.799462,cotton,Tamil Nadu,Rabi,Loamy,3.9335789545556152,5688.104228357199,223746.07083984683,84.84422454,High,0
111,40,25,24.48469200000001,84.44932014,6.187455798999999,90.94342484,cotton,Tamil Nadu,Rabi,Loamy,4.453297282517298,1941.262691546402,86450.19868915807,84.44932014,High,0
131,35,18,24.49112609,82.24415809,7.0576933660000005,64.02949379,cotton,Tamil Nadu,Rabi,Loamy,3.8645446809244213,4889.248481985631,188947.1921477537,82.24415809,High,0
135,43,16,23.47986888,81.73049149,6.720449769,86.76287924,cotton,Tamil Nadu,Rabi,Loamy,2.681844064294905,5080.61336691418,136254.12801036146,81.73049149,High,0
100,46,18,24.18586246,76.04203958,6.4316895060000006,69.08056728,cotton,Tamil Nadu,Rabi,Loamy,3.234008337154686,3541.2378712014947,114523.92799313545,76.04203958,High,0
123,39,24,25.00755095,78.17952126,7.453106264,86.06411872,cotton,Tamil Nadu,Rabi,Loamy,3.0748891003004646,3039.3167748725364,93455.62023415923,78.17952126,High,0
117,56,15,25.99237426,77.0543546,7.368258226,89.1188212,cotton,Tamil Nadu,Rabi,Loamy,4.879480670247477,2491.021939479996,121548.93402855021,77.0543546,High,0
121,36,24,23.66457347,81.69105088,7.352401887,99.36898373,cotton,Tamil Nadu,Rabi,Loamy,4.744249649412131,3803.070086209128,180427.13923187417,81.69105088,High,0
101,58,18,25.66891439,81.38103349,6.652143699,78.59595817,cotton,Tamil Nadu,Rabi,Loamy,3.276877882943154,4529.693966995043,148432.53976947095,81.38103349,High,0
107,42,24,22.04612876,84.62978302,6.144631795,86.00758678,cotton,Tamil Nadu,Rabi,Loamy,2.338429793704783,6506.031492218802,152138.97880186033,84.62978302,High,0
100,41,22,22.4204752,84.55794703,7.318802162000001,93.46595573,cotton,Tamil Nadu,Rabi,Loamy,4.6328686418097655,5496.819137477468,254660.41011719164,84.55794703,High,0
125,39,21,25.03149561,82.21276599,7.954629324,95.0191318,cotton,Tamil Nadu,Rabi,Sandy,2.3985605180287823,6554.050847792464,157202.87596668073,82.21276599,High,0
105,60,23,23.53371386,77.21705554,6.207652157,87.54004943,cotton,Tamil Nadu,Rabi,Loamy,2.509084475756363,5828.609935731868,146244.74704984121,77.21705554,High,0
102,46,19,22.77076388,82.5993307,6.631005298,81.49543437,cotton,Tamil Nadu,Rabi,Loamy,3.676306877903438,1524.559066586614,56047.469822624145,82.5993307,High,0
131,49,22,25.49848236,79.9751579,7.306918817000001,67.05961949,cotton,Tamil Nadu,Rabi,Loamy,4.235948128043226,4528.161514352999,191810.57290200965,79.9751579,High,0
139,35,15,25.248679,83.4630147,5.898293044,86.55517751,cotton,Tamil Nadu,Rabi,Loamy,2.9754340588509893,3936.233902830038,117120.0441808445,83.4630147,High,0
108,36,19,22.78249615,77.51235009,7.238566893,64.61444234,cotton,Tamil Nadu,Rabi,Loamy,3.8143655135318992,4198.572839129569,160148.91443627543,77.51235009,High,0
118,45,23,23.37044424,77.43198948,7.977651226,71.67870701,cotton,Tamil Nadu,Rabi,Sandy,4.976582931166817,5303.723217007764,263944.18433394,77.43198948,High,0
107,51,22,24.86560781,78.22080815,5.983075895,79.56866268,cotton,Tamil Nadu,Rabi,Loamy,5.90958892267121,1999.4574470376897,118159.71580366387,78.22080815,High,0
125,60,17,24.14386157,84.51591287,6.785723961,80.36146974,cotton,Tamil Nadu,Rabi,Loamy,2.868028613495254,3043.4346644100156,87286.57700831251,84.51591287,High,0
113,37,20,25.03300222,79.04368718,7.393441155,97.10087029,cotton,Tamil Nadu,Rabi,Loamy,4.801076470531212,2839.3629092223164,136319.98454766313,79.04368718,High,0
131,52,16,23.65724079,84.47601498,6.486068274,88.54479121,cotton,Tamil Nadu,Rabi,Loamy,5.450682065156726,1746.4993739084048,95196.12814169991,84.47601498,High,0
115,48,16,25.54359718,84.09229796,7.175934962,88.94245493,cotton,Tamil Nadu,Rabi,Loamy,2.272742329548772,3977.935405293185,90408.2217982057,84.09229796,High,0
113,38,25,22.00085141,79.47270984,7.388265887999999,90.42224164,cotton,Tamil Nadu,Rabi,Loamy,2.842053480533413,1693.2949769587512,48124.34882835364,79.47270984,High,0
111,41,18,23.64328417,78.1258666,6.10539819,80.96157332,cotton,Tamil Nadu,Rabi,Loamy,5.800061936905308,6316.526566005367,366362.45308938925,78.1258666,High,0
111,53,19,23.96436009,78.02763149,6.419536555,84.63148859,cotton,Tamil Nadu,Rabi,Loamy,5.7944931007363305,4328.193981466322,250796.90164255112,78.02763149,High,0
122,48,16,24.65425757,75.6350708,6.307585854,61.82980133,cotton,Tamil Nadu,Rabi,Loamy,5.670715754627237,2123.1495246807744,120397.77459036597,75.6350708,High,0
108,46,17,24.3017998,84.87668973,6.93221485,65.0247867,cotton,Tamil Nadu,Rabi,Loamy,3.991483008920157,2669.8535563488813,106566.75106471615,84.87668973,High,0
132,41,22,24.29144926,81.02453404,7.810865753,90.41694635,cotton,Tamil Nadu,Rabi,Sandy,2.0291543845505657,1975.994164442732,40095.97222625301,81.02453404,High,0
103,42,17,24.29470232,84.61527627,6.527541661,81.05902285,cotton,Tamil Nadu,Rabi,Loamy,4.0879841798740895,2041.1144169657703,83440.43445868994,84.61527627,High,0
133,50,25,25.72180042,81.19666206,7.569454601,99.93100821,cotton,Tamil Nadu,Rabi,Sandy,3.1727792724111143,3488.4539446766757,110680.94368430946,81.19666206,High,0
127,37,18,24.87663664,76.30050373,7.041065585,91.9223468,cotton,Tamil Nadu,Rabi,Loamy,4.894616605276342,1824.561945144104,89305.31194057634,76.30050373,High,0
110,39,25,22.60612115,77.34264002,7.208795456,75.13617229,cotton,Tamil Nadu,Rabi,Loamy,2.015173940937336,5457.307636613901,109974.24136982654,77.34264002,High,0
131,38,19,23.86814008,75.68339729,6.814341946,90.4547185,cotton,Tamil Nadu,Rabi,Loamy,4.509236678508593,1968.550980966506,88766.62286888239,75.68339729,High,0
108,38,24,23.41022496,76.43836957,7.442217061,78.82199603,cotton,Tamil Nadu,Rabi,Loamy,3.795328814687902,5230.629388126273,198519.58435708992,76.43836957,High,0
122,40,17,24.96440768,81.31677618,6.854558957,80.03995829,cotton,Tamil Nadu,Rabi,Loamy,3.770820448998207,5115.641293427758,192901.64798997025,81.31677618,High,0
111,50,15,25.16820129,80.30351815,7.884550475,84.62419032,cotton,Tamil Nadu,Rabi,Sandy,2.35918370025814,4187.019441326414,98779.48018641223,80.30351815,High,0
140,40,17,22.72767171,77.07598065,6.006085786,77.55176318,cotton,Tamil Nadu,Rabi,Loamy,3.9054824018152843,1963.0845327563106,76667.92095955551,77.07598065,High,0
100,40,20,22.45145981,76.25674874,7.432043735,86.84998693,cotton,Tamil Nadu,Rabi,Loamy,2.341503084081729,2736.4435030718323,64073.90901858105,76.25674874,High,0
123,50,16,23.04920461,75.53835214,6.498052108,70.65644296,cotton,Tamil Nadu,Rabi,Loamy,4.412447297091052,4274.711778725772,188619.40433881816,75.53835214,High,0
107,36,21,25.29250148,75.66653335,6.205263534,62.64174227,cotton,Tamil Nadu,Rabi,Loamy,5.17060908702369,4871.121218979372,251866.6363884866,75.66653335,High,0
118,50,19,22.95604064,82.33733678,6.360812227,66.48339303,cotton,Tamil Nadu,Rabi,Loamy,3.969093654496241,5401.279819105474,214381.85456170145,82.33733678,High,0
103,51,20,22.80213132,84.14668447,7.0466074339999984,91.6389565,cotton,Tamil Nadu,Rabi,Loamy,2.8386717205265812,6173.858757477758,175255.5826137749,84.14668447,High,0
133,57,19,23.54234715,75.98203329,7.947011366,84.12536744,cotton,Tamil Nadu,Rabi,Sandy,4.806017069828463,6147.837469654931,295466.11821692623,75.98203329,High,0
129,47,20,24.41212325,80.80343786,6.281913857999999,98.60457373,cotton,Tamil Nadu,Rabi,Loamy,5.538570453408118,3639.8066212719955,201593.25408696308,80.80343786,High,0
116,52,19,22.94276687,75.37170612,6.114525877,67.08022574,cotton,Tamil Nadu,Rabi,Loamy,3.44609380618914,6948.940042403732,239466.99239707203,75.37170612,High,0
114,40,23,25.53676123,81.13668716,6.7539780610000015,95.4262599,cotton,Tamil Nadu,Rabi,Loamy,3.675070032522411,6759.861245736046,248429.63488214154,81.13668716,High,0
131,60,17,25.32023717,81.79475917,7.4250413160000015,83.46532547,cotton,Tamil Nadu,Rabi,Loamy,4.865003771100404,3296.9439881815497,160396.44935610043,81.79475917,High,0
107,43,18,22.426733,81.53480799,6.745104394,65.54475812,cotton,Tamil Nadu,Rabi,Loamy,4.739994147132258,4947.606329813911,234516.2504563245,81.53480799,High,0
123,44,21,25.78544484,75.00539324,7.6411165689999985,91.39578861,cotton,Tamil Nadu,Rabi,Sandy,3.2466125864980935,6874.063377931481,223174.20683177948,75.00539324,High,0
112,49,25,25.68959532,77.90621048,6.470135478,66.19426787,cotton,Tamil Nadu,Rabi,Loamy,4.882642499005903,6376.711204883711,311352.01132852345,77.90621048,High,0
119,44,15,22.14593688,82.85975490000001,7.091992365,60.65381719,cotton,Tamil Nadu,Rabi,Loamy,2.764634430829997,3025.5248140911362,83644.70072366881,82.85975490000001,High,0
130,59,19,25.07278712,82.50257909,6.520403794,93.51042684,cotton,Tamil Nadu,Rabi,Loamy,5.362773592383904,5603.1784204972455,300485.7726685798,82.50257909,High,0
127,53,24,22.21506982,76.17851932,6.127939627999999,70.40557612,cotton,Tamil Nadu,Rabi,Loamy,5.635026827387592,4846.214052852185,273085.4619908481,76.17851932,High,0
134,52,18,23.9643129,76.59175937,7.994679507000001,76.13090645,cotton,Tamil Nadu,Rabi,Sandy,5.105977272056311,2630.1710440133675,134295.93572352873,76.59175937,High,0
109,36,18,25.40059227,76.53237965,7.524707577,62.51388670000001,cotton,Tamil Nadu,Rabi,Sandy,3.066014552030988,6027.88593388645,184815.8599127876,76.53237965,High,0
100,48,17,23.7805123,83.03878838,7.827877817999999,66.26555904,cotton,Tamil Nadu,Rabi,Sandy,5.528528149907499,5569.500202364953,307911.38649690157,83.03878838,High,0
132,52,19,24.16402322,76.7433897,6.436691764,61.94626051,cotton,Tamil Nadu,Rabi,Loamy,5.571443989712174,4501.89159882079,250820.3689058582,76.7433897,High,0
102,37,25,25.31468463,77.91757121,5.907930899,72.82902109,cotton,Tamil Nadu,Rabi,Loamy,2.2995337096506647,5519.517817273576,126923.17281838047,77.91757121,High,0
111,39,22,22.60361557,80.35090459999998,6.135025006,88.57395505,cotton,Tamil Nadu,Rabi,Loamy,3.289788821066399,1852.864969852215,60955.344647653474,80.35090459999998,High,0
117,51,15,22.9535715,78.71555832,6.044556594,99.75336197,cotton,Tamil Nadu,Rabi,Loamy,4.354262694610297,6046.47454705222,263279.38554140175,78.71555832,High,0
136,36,24,22.74446976,80.41198458,7.59781958,90.07326633,cotton,Tamil Nadu,Rabi,Sandy,4.288750495350967,2963.172048058649,127083.0558892167,80.41198458,High,0
134,56,18,23.80834611,83.91902605,6.691268104,70.97358303,cotton,Tamil Nadu,Rabi,Loamy,5.64960304431596,1823.8346137702201,103039.41586285058,83.91902605,High,0
112,54,15,25.46228792,81.56641891,6.1754923060000015,76.88582484,cotton,Tamil Nadu,Rabi,Loamy,5.959748317352432,3056.878732350932,182182.278814789,81.56641891,High,0
105,56,15,25.96779712,81.97904282,7.272316208999999,74.14169043,cotton,Tamil Nadu,Rabi,Loamy,3.6370042180019078,4744.191272430267,172546.43668836722,81.97904282,High,0
140,45,15,25.5308271,80.04662756,5.801047545,99.39557151,cotton,Tamil Nadu,Rabi,Loamy,5.515132621128425,1931.77902318396,106540.1750757346,80.04662756,High,0
126,46,25,24.43847399,81.69801729,6.757457943,60.79645852,cotton,Tamil Nadu,Rabi,Loamy,4.978956102636395,5864.840106786066,292007.8144066917,81.69801729,High,0
106,49,24,23.03887865,76.47039772,6.983395572999999,90.64770699,cotton,Tamil Nadu,Rabi,Loamy,5.114457461702999,3169.3663133150476,162095.8919000427,76.47039772,High,0
121,53,19,23.51308653,76.72621429,7.976889497999999,80.11272117,cotton,Tamil Nadu,Rabi,Sandy,5.1551241476353455,2910.052400105563,150016.81398668382,76.72621429,High,0
108,60,17,22.75805656,76.75768356,6.558902588,97.76600619,cotton,Tamil Nadu,Rabi,Loamy,2.486658906796202,5783.610245438185,143818.65930256632,76.75768356,High,0
116,56,17,24.71252544,77.7293114,7.979090365,85.24963302,cotton,Tamil Nadu,Rabi,Sandy,4.972695500452584,4202.104881340934,208957.88035873903,77.7293114,High,0
100,52,19,23.45969093,82.44777468,7.903528672999999,93.50153555,cotton,Tamil Nadu,Rabi,Sandy,5.213025082804059,1616.4061410043398,84263.65757054139,82.44777468,High,0
129,43,16,25.5503704,77.85055621,6.73210948,78.58488484,cotton,Tamil Nadu,Rabi,Loamy,5.621158627527198,6870.777928445334,386217.3263030394,77.85055621,High,0
118,44,23,22.08458267,82.82904143,6.6916904760000016,67.06459777,cotton,Tamil Nadu,Rabi,Loamy,4.288727067252997,4411.326661698709,189189.76056522055,82.82904143,High,0
117,43,25,24.68854799,78.51206972,7.839849298,69.31153566,cotton,Tamil Nadu,Rabi,Sandy,5.139007948354029,3384.175867169459,173913.06680011738,78.51206972,High,0
126,37,21,25.84997269,84.16855231,6.61448588,77.03421249,cotton,Tamil Nadu,Rabi,Loamy,3.086968584320281,2582.1940156895853,79711.51805053581,84.16855231,High,0
120,48,16,22.46054478,75.40989245,7.456971816,71.85436078,cotton,Tamil Nadu,Rabi,Loamy,4.160496496919828,2398.288745595015,99780.71924650308,75.40989245,High,0
102,45,16,23.65629976,77.52425987,7.2942193,74.8984994,cotton,Tamil Nadu,Rabi,Loamy,2.3687154217222197,3400.0032537514567,80536.40141066801,77.52425987,High,0
131,56,20,22.00817088,81.83896111,7.762647875,92.23645249,cotton,Tamil Nadu,Rabi,Sandy,3.584637353127169,1866.9778506609728,66924.385409404,81.83896111,High,0
114,40,17,24.32630461,80.13456404,6.363406102000001,69.45072055,cotton,Tamil Nadu,Rabi,Loamy,2.0523800747709657,4950.875288529674,101610.7779485426,80.13456404,High,0
101,37,18,22.92360984,82.68738535,7.63737841,92.91915074,cotton,Tamil Nadu,Rabi,Sandy,4.2323575284776656,5634.331630460315,238465.05894118553,82.68738535,High,0
106,46,20,23.43821725,78.63388824,6.2006719760000015,81.15072105,cotton,Tamil Nadu,Rabi,Loamy,4.767285961843448,3518.678212134155,167745.45244951558,78.63388824,High,0
113,38,20,22.10718988,78.58320116,6.364729934,74.94136567,cotton,Tamil Nadu,Rabi,Loamy,4.394395482746941,5825.830336450939,256010.025137501,78.58320116,High,0
102,53,21,23.03814028,76.11021529,6.913678684,91.49697481,cotton,Tamil Nadu,Rabi,Loamy,4.463154650502694,5425.675972594658,242156.30949206575,76.11021529,High,0
110,39,18,24.54795322,75.39752705,7.766259768999999,63.88079866,cotton,Tamil Nadu,Rabi,Sandy,3.9530531642787405,5375.405890604719,212492.65265137568,75.39752705,High,0
107,58,15,23.73868041,75.77503808,7.55606399,76.63669195,cotton,Tamil Nadu,Rabi,Sandy,3.664802105901699,5606.933054072097,205483.00064213265,75.77503808,High,0
120,60,15,22.31871914,83.86129998,7.288377241,65.35747011,cotton,Tamil Nadu,Rabi,Loamy,4.7332597217178645,4389.479653137019,207765.4724149356,83.86129998,High,0
89,47,38,25.52468965,72.24850829,6.002524871,151.8869972,jute,Tamil Nadu,Kharif,Loamy,3.046936211162561,3188.2999310013743,97145.46511815183,72.24850829,High,1
60,37,39,26.59104992,82.94164078,6.033485257000001,161.2469997,jute,Tamil Nadu,Kharif,Loamy,2.479519222607901,6695.122562622618,166006.8509173865,82.94164078,High,1
63,41,45,25.29781791,86.88705350000002,7.121933578999999,196.6249511,jute,Tamil Nadu,Kharif,Loamy,3.5522483686052504,3522.8980937234533,125142.09006191684,86.88705350000002,High,1
86,40,39,25.72100868,88.16513579,6.207459637,175.60866969999995,jute,Tamil Nadu,Kharif,Loamy,4.256778338366155,4618.752585797363,196610.05957494883,88.16513579,High,1
96,41,40,23.58419277,72.00460848,6.090060478,190.4242157,jute,Tamil Nadu,Kharif,Loamy,4.097834126745904,3958.606773773193,162217.13931935292,72.00460848,High,1
100,35,36,25.31042337,72.01364411,6.346715209,190.5577618,jute,Tamil Nadu,Kharif,Loamy,4.006084167819232,2762.24071281541,110657.68787315523,72.01364411,High,1
63,37,43,23.41798979,85.08640476,6.661957897000001,185.7446728,jute,Tamil Nadu,Kharif,Loamy,3.7554331968740926,2300.323785083788,86387.12306062723,85.08640476,High,1
70,43,40,24.35564134,88.80391021,6.176860192,169.11680280000004,jute,Tamil Nadu,Kharif,Loamy,5.9583437399962955,5526.933105547055,329313.67270814575,88.80391021,High,1
67,55,44,26.284017,75.14640198,7.251847296,182.2685447,jute,Tamil Nadu,Kharif,Loamy,3.8516512436999735,5508.715461739717,212176.50759399057,75.14640198,High,1
74,40,40,25.13842773,83.12053888,6.386259977999999,169.33884650000005,jute,Tamil Nadu,Kharif,Loamy,2.8495363529603703,2288.5394028506903,65212.76223605259,83.12053888,High,1
89,53,44,24.88692811,71.91711523,7.319735475,150.2498675,jute,Tamil Nadu,Kharif,Loamy,5.266074169377745,6892.90492034907,362985.48553027003,71.91711523,High,1
74,46,45,25.75734909,88.36668522,6.025028997000001,189.4263485,jute,Tamil Nadu,Kharif,Loamy,4.5157981460691925,5938.220077674177,268158.03217711905,88.36668522,High,1
89,41,38,23.12844351,74.68322732,6.344751947000001,199.83629130000003,jute,Tamil Nadu,Kharif,Loamy,2.1925717495477564,4284.482463272163,93940.35210403326,74.68322732,High,1
60,55,40,24.9949957,88.95692783,7.02777956,151.4935635,jute,Tamil Nadu,Kharif,Loamy,4.205616062472455,6896.287181053898,290031.3614006316,88.95692783,High,1
67,43,38,25.21622704,70.88259632,7.299304715,195.8645552,jute,Tamil Nadu,Kharif,Loamy,5.815533589616582,5858.073363753936,340678.2241734921,70.88259632,High,1
70,38,35,24.39736241,79.26861738,7.014063944,164.2697011,jute,Tamil Nadu,Kharif,Loamy,3.0101679378776827,6957.472279835627,209431.59985433947,79.26861738,High,1
74,49,38,23.31410442,71.4509053,7.4880144039999985,164.49703730000004,jute,Tamil Nadu,Kharif,Loamy,3.4306021986352104,5807.306719024381,199225.59198434072,71.4509053,High,1
90,40,39,25.72668885,81.86171563,6.626503893,191.9649389,jute,Tamil Nadu,Kharif,Loamy,5.792745369247294,4984.4336033116115,288735.5467390394,81.86171563,High,1
82,35,44,26.96656378,78.21047693,6.239011,169.8391177,jute,Tamil Nadu,Kharif,Loamy,4.862267546099596,6700.834714901879,325812.51166044944,78.21047693,High,1
73,45,37,23.70467146,74.63745355,6.742688094,181.2783964,jute,Tamil Nadu,Kharif,Loamy,4.223283843847236,2497.632670784864,105482.11706390737,74.63745355,High,1
85,53,38,24.90075709,73.84186449,6.588017308,153.8990984,jute,Tamil Nadu,Kharif,Loamy,3.868214411216578,3743.027692082922,144788.33660097886,73.84186449,High,1
81,56,36,23.39605743,72.60512854,7.097586415,174.78764109999997,jute,Tamil Nadu,Kharif,Loamy,5.523994352056251,4459.361607553542,246334.8833390225,72.60512854,High,1
84,55,38,26.8748389,79.78725152,6.956682742999999,173.1017097,jute,Tamil Nadu,Kharif,Loamy,4.784740469772103,5491.509056699639,262754.45623710786,79.78725152,High,1
80,45,42,23.1426498,74.99739774,7.380396262,151.9035477,jute,Tamil Nadu,Kharif,Loamy,5.476088161758776,2998.9091413158458,164222.9084694988,74.99739774,High,1
76,54,45,24.29496635,77.62976013,6.176618831,184.9800516,jute,Tamil Nadu,Kharif,Loamy,5.153385109812978,4699.999953369808,242209.09775817662,77.62976013,High,1
76,56,39,24.39459498,89.89106506,6.551130445,197.1220049,jute,Tamil Nadu,Kharif,Loamy,4.774852757353701,2356.703821843931,112529.137419975,89.89106506,High,1
81,40,45,25.7629429,80.76238215,6.427726565,174.5071843,jute,Tamil Nadu,Kharif,Loamy,5.980459000556376,3376.7126789219083,201942.91732951358,80.76238215,High,1
76,44,45,25.4879684,84.48235878,6.740947635,168.7848886,jute,Tamil Nadu,Kharif,Loamy,4.754722477931432,1677.0692130488071,79739.98684329941,84.48235878,High,1
69,47,40,25.37122686,76.2403666,6.130136384,183.8270791,jute,Tamil Nadu,Kharif,Loamy,2.6880503090240215,6681.188799017697,179593.71615847354,76.2403666,High,1
82,40,45,26.21312799,81.70476368,6.667633355,180.1237765,jute,Tamil Nadu,Kharif,Loamy,4.730783112834089,2040.8018401835698,96545.90882181167,81.70476368,High,1
69,57,35,24.30748599,78.54340987,6.1868143920000005,186.2337571,jute,Tamil Nadu,Kharif,Loamy,3.070108120797787,2066.9963076129184,63459.021496614616,78.54340987,High,1
81,36,38,23.76554749,87.98329901,6.334837865,150.31661519999997,jute,Tamil Nadu,Kharif,Loamy,5.702298274359592,6814.410988054409,388578.040179597,87.98329901,High,1
67,60,38,24.79853023,78.53037059,7.16214284,162.2847429,jute,Tamil Nadu,Kharif,Loamy,2.704270839878812,3028.6984399922076,81904.20874057375,78.53037059,High,1
72,51,40,23.20683504,74.09956958,7.422318499,199.4766779,jute,Tamil Nadu,Kharif,Loamy,4.518568671462477,6359.851304641891,287374.2486031461,74.09956958,High,1
65,39,45,23.66805429,70.89000744,6.768001309,184.4633281,jute,Tamil Nadu,Kharif,Loamy,3.465647539773954,6329.549949408829,219359.89210045064,70.89000744,High,1
78,50,43,25.12417673,85.72530641,6.348441469,159.5718087,jute,Tamil Nadu,Kharif,Loamy,5.990377429416474,3077.84474781275,184374.51708545536,85.72530641,High,1
77,52,41,23.89069041,83.46409075,6.097294061,167.72306319999996,jute,Tamil Nadu,Kharif,Loamy,4.038383355722939,6051.582036943727,244386.08173785466,83.46409075,High,1
89,52,42,23.09433785,81.45139295,6.14132902,196.6587013,jute,Tamil Nadu,Kharif,Loamy,4.15190933173043,4119.320773222777,171030.46358734657,81.45139295,High,1
62,49,37,24.21744605,82.85284045,7.479248124,166.13658859999995,jute,Tamil Nadu,Kharif,Loamy,4.1418922868346835,1942.7010682055206,80464.58570025946,82.85284045,High,1
90,48,45,24.06475727,71.31342851,6.509174788999999,153.63902119999997,jute,Tamil Nadu,Kharif,Loamy,4.093797951978329,2041.938269389225,83592.82705291784,71.31342851,High,1
66,47,36,24.85441411,74.44070479999998,6.57256106,175.572958,jute,Tamil Nadu,Kharif,Loamy,3.2142228833699216,4620.088536438323,148499.94297015108,74.44070479999998,High,1
80,52,39,26.41915161,76.85691248,7.165696848,197.2101782,jute,Tamil Nadu,Kharif,Loamy,3.231014590916417,4088.95182212934,132114.62998854168,76.85691248,High,1
89,52,45,24.89326318,77.01222585,7.207457207999999,196.469984,jute,Tamil Nadu,Kharif,Loamy,5.399776774160413,4966.344274979223,268171.50468517345,77.01222585,High,1
77,51,44,23.25583402,82.7015932,7.124333547000001,166.2160846,jute,Tamil Nadu,Kharif,Loamy,5.374965412895489,1607.367414988279,86395.4426137723,82.7015932,High,1
94,37,41,24.7634518,87.06071115,6.4635387070000005,179.1630865,jute,Tamil Nadu,Kharif,Loamy,4.191602103919355,3739.4538776938484,156743.02741250928,87.06071115,High,1
75,41,35,24.97042599,78.62697699,6.856833064,166.6415254,jute,Tamil Nadu,Kharif,Loamy,3.552334602225619,1949.5893332130759,69255.9364850278,78.62697699,High,1
60,55,36,26.12797248,80.49172597,7.132389299,150.6326874,jute,Tamil Nadu,Kharif,Loamy,4.9016954306357015,3585.062357073799,175728.83774212695,80.49172597,High,1
62,56,35,25.97825807,81.65769588,6.235357637999999,163.3488091,jute,Tamil Nadu,Kharif,Loamy,5.688027742675693,2249.681470194463,127962.50614649546,81.65769588,High,1
84,40,42,26.2830571,73.35763537,6.704273839,186.6898282,jute,Tamil Nadu,Kharif,Loamy,4.96995056092573,4635.961907814907,230405.01484175012,73.35763537,High,1
100,56,40,26.38905406,83.31240346,7.433313409,176.1516409,jute,Tamil Nadu,Kharif,Loamy,2.1129647492299575,3049.4325720703873,64433.4352993837,83.31240346,High,1
75,56,44,25.2746335,73.7459581,6.109478059,168.0432282,jute,Tamil Nadu,Kharif,Loamy,3.6025329454254096,6041.819950061463,217658.55420424923,73.7459581,High,1
78,46,42,23.09499564,78.45959697,7.095413294,155.3851533,jute,Tamil Nadu,Kharif,Loamy,2.571750617950098,4288.551778198167,110290.85685692128,78.45959697,High,1
82,48,36,25.79351957,81.76904006,6.352076782999999,193.2418382,jute,Tamil Nadu,Kharif,Loamy,4.573524233758013,2677.275127442096,122445.82675794,81.76904006,High,1
100,58,41,23.17403323,87.88255345,6.6587699910000016,160.6217342,jute,Tamil Nadu,Kharif,Loamy,4.784156207667824,4669.149269851674,223379.39463888571,87.88255345,High,1
88,50,40,25.63215038,79.95150917,7.0518224720000005,182.2582277,jute,Tamil Nadu,Kharif,Loamy,5.619405429630618,4880.287835651132,274243.1596181822,79.95150917,High,1
67,41,40,25.84879500000001,87.81661683,7.333143205,152.6194403,jute,Tamil Nadu,Kharif,Loamy,3.9323044074711904,4884.628703331164,192078.4697896942,87.81661683,High,1
72,42,43,26.56767277,80.90424543,6.352771037,181.2915605,jute,Tamil Nadu,Kharif,Loamy,5.288079877743295,3107.3981824705315,164321.69800858505,80.90424543,High,1
89,40,43,26.24532085,72.97198375,7.124050134,189.9711184,jute,Tamil Nadu,Kharif,Loamy,4.77119616190307,3199.4861182733757,152653.75887568083,72.97198375,High,1
89,57,43,26.91515043,73.19897535,6.998787171,177.22330480000005,jute,Tamil Nadu,Kharif,Loamy,5.886060560096373,4164.1723309194895,245105.70522469791,73.19897535,High,1
61,41,44,24.36972377,82.11319791,6.537914957999999,159.92109340000005,jute,Tamil Nadu,Kharif,Loamy,2.4075588121237224,3923.0250757938106,94449.13591409722,82.11319791,High,1
79,45,43,25.71901283,79.15532398,7.171054239,187.1735424,jute,Tamil Nadu,Kharif,Loamy,4.373801058561303,3518.0268526268733,153871.49572066506,79.15532398,High,1
84,40,43,25.01157559,88.33130229999998,7.228268227999999,169.4168014,jute,Tamil Nadu,Kharif,Loamy,3.0023134143389734,2608.131704798482,78304.28803679258,88.33130229999998,High,1
98,43,35,25.40785911,76.44048625,7.319952206,188.6372826,jute,Tamil Nadu,Kharif,Loamy,4.667496584947967,3928.254577475872,183351.14825174853,76.44048625,High,1
75,36,44,23.28081,74.27607475,6.613341342999999,153.7447398,jute,Tamil Nadu,Kharif,Loamy,5.792424076995624,1958.1451281135908,113424.06986336844,74.27607475,High,1
89,58,35,23.98651719,82.09053379,6.096838784,167.0576456,jute,Tamil Nadu,Kharif,Loamy,4.774548692650444,4516.402822030479,215637.851894084,82.09053379,High,1
91,41,37,24.48556447,83.20630007,6.132570522999999,192.2316221,jute,Tamil Nadu,Kharif,Loamy,5.312710043953491,3212.8642023159405,170690.15917502518,83.20630007,High,1
77,48,36,25.86705009,84.09985284,7.36008498,154.83908469999997,jute,Tamil Nadu,Kharif,Loamy,4.664812521534299,2483.318126103151,115842.13489599069,84.09985284,High,1
66,58,35,23.5643831,79.46283115,7.321619041,185.25947,jute,Tamil Nadu,Kharif,Loamy,2.0089497826633487,4884.960950855704,98136.41240540512,79.46283115,High,1
62,59,41,24.2248758,74.89465426,7.175170657000001,192.4931257,jute,Tamil Nadu,Kharif,Loamy,4.981803428293652,2752.495063877914,137123.8934558835,74.89465426,High,1
82,35,35,25.49386782,86.97061481,7.299076163,176.5268267,jute,Tamil Nadu,Kharif,Loamy,4.541896679626477,5766.761169267845,261920.33406896523,86.97061481,High,1
61,41,35,24.97178693,79.47557931,6.842966478999998,195.7571622,jute,Tamil Nadu,Kharif,Loamy,3.7660186228349604,4973.767671982594,187313.01678340937,79.47557931,High,1
99,57,38,24.80624984,82.09281674,6.356295567999999,156.3616174,jute,Tamil Nadu,Kharif,Loamy,2.841261874620819,3995.5519755626065,113524.09496231929,82.09281674,High,1
70,42,43,23.16814977,76.66724969,6.508342839,157.1215052,jute,Tamil Nadu,Kharif,Loamy,3.8480434197347804,3259.4148866758596,125423.70006858626,76.66724969,High,1
90,59,35,24.25133493,89.86454053,7.098227926,175.1742112,jute,Tamil Nadu,Kharif,Loamy,5.840695006933412,3858.0264817963052,225335.5600884456,89.86454053,High,1
73,43,42,26.58361011,78.00774772,6.310699968,154.8238864,jute,Tamil Nadu,Kharif,Loamy,3.700454157588953,5157.11847262253,190836.8049319483,78.00774772,High,1
67,46,44,26.82489244,78.20392774,7.093328631,153.91998069999997,jute,Tamil Nadu,Kharif,Loamy,2.7804890376353675,6894.082006887792,191689.1944471074,78.20392774,High,1
84,37,42,25.49674786,81.13449097,6.691074249,169.92882340000003,jute,Tamil Nadu,Kharif,Loamy,2.2390453876005116,5081.6566131458985,113780.59801033961,81.13449097,High,1
72,41,36,24.09874353,80.57226761,6.187746776,176.8604109,jute,Tamil Nadu,Kharif,Loamy,3.5004938166388357,2297.1826107476295,80412.73524612335,80.57226761,High,1
71,56,37,23.18866654,86.20899734,6.491506245,176.103677,jute,Tamil Nadu,Kharif,Loamy,3.865106328699916,4439.233517465194,171581.09562931512,86.20899734,High,1
64,53,38,26.24347471,78.51063754,6.855362875,183.4065252,jute,Tamil Nadu,Kharif,Loamy,3.6329499946614408,5853.169437560694,212642.7187693863,78.51063754,High,1
65,54,39,23.75091572,71.14782585,7.124571593,160.0889553,jute,Tamil Nadu,Kharif,Loamy,2.6242137470160927,1888.907450555151,49568.96898587947,71.14782585,High,1
60,58,37,26.13871511,79.1188943,6.067302109,171.4892533,jute,Tamil Nadu,Kharif,Loamy,5.748212231494316,3447.750244836663,198184.00128507632,79.1188943,High,1
86,39,43,26.14576648,71.23690851,6.432051512,193.1007598,jute,Tamil Nadu,Kharif,Loamy,3.8202417314016164,6337.487118735874,242107.32763214974,71.23690851,High,1
90,50,44,26.91643698,73.48655995,6.253408852000001,171.4716375,jute,Tamil Nadu,Kharif,Loamy,5.701802068181567,6845.676776818005,390326.94004163425,73.48655995,High,1
91,38,36,26.5232969,77.17331847,7.287318722999999,157.8548562,jute,Tamil Nadu,Kharif,Loamy,5.0133977424994995,3026.2999764787146,151720.45470204676,77.17331847,High,1
87,48,38,23.81579631,80.94023552,7.161865733,190.312216,jute,Tamil Nadu,Kharif,Loamy,2.677281428579581,5760.407478060511,154222.31962062346,80.94023552,High,1
72,41,36,26.50838667,86.84264005,6.065898282999999,152.9801697,jute,Tamil Nadu,Kharif,Loamy,2.220922840198788,3406.366014268471,75652.7608316576,86.84264005,High,1
71,54,35,26.63952463,70.95705996,7.311077075,199.3355744,jute,Tamil Nadu,Kharif,Loamy,3.4468189146527797,5262.328530020275,181382.93512390842,70.95705996,High,1
82,46,41,23.325013100000003,79.79609448,6.581693772,187.3096148,jute,Tamil Nadu,Kharif,Loamy,5.96478899904978,3589.2417788633165,214090.69877493774,79.79609448,High,1
71,52,43,26.47549543,73.96164569,6.732826127,180.2513601,jute,Tamil Nadu,Kharif,Loamy,3.3556683266903433,5465.523325815517,183404.83513226395,73.96164569,High,1
80,43,43,23.78756036,74.36794079,6.014572075,172.64426540000005,jute,Tamil Nadu,Kharif,Loamy,2.93070564475717,5860.4788156245595,171753.3834593071,74.36794079,High,1
77,55,43,25.49941707,75.99987588,6.663559451,193.71418280000003,jute,Tamil Nadu,Kharif,Loamy,5.814452555146561,4214.542124554573,245052.5522488915,75.99987588,High,1
95,57,41,23.24925555,73.65346838,6.434610995,184.7674863,jute,Tamil Nadu,Kharif,Loamy,3.0930360048358145,5752.96950435779,177941.41811701094,73.65346838,High,1
63,47,35,26.98582182,89.05587886,7.432768147000001,193.8778713,jute,Tamil Nadu,Kharif,Loamy,4.1253264069471385,3181.8668486051265,131262.39333940402,89.05587886,High,1
93,43,38,23.61475336,86.14290267,6.987332927000001,150.2355238,jute,Tamil Nadu,Kharif,Loamy,3.2530010454654605,3749.6808771859037,121977.1581364759,86.14290267,High,1
87,44,43,23.87484465,86.79261344,6.718725189,177.5147313,jute,Tamil Nadu,Kharif,Loamy,2.6314082889658557,1946.1615454128191,51211.45622265892,86.79261344,High,1
88,52,39,23.92887902,88.07112278,6.880204617,154.6608736,jute,Tamil Nadu,Kharif,Loamy,4.123133578147298,4268.254905751157,175985.85121994524,88.07112278,High,1
90,39,37,24.81441246,81.68688879,6.86106911,190.7886386,jute,Tamil Nadu,Kharif,Loamy,2.0620435024051247,3939.836105782076,81241.1344246904,81.68688879,High,1
90,39,43,24.44743944,82.286484,6.7693455,190.9684885,jute,Tamil Nadu,Kharif,Loamy,4.7643872371095295,5610.810940121372,267320.76032948785,82.286484,High,1
84,38,43,26.57421679,73.81994896,7.26158085,159.3223075,jute,Tamil Nadu,Kharif,Loamy,3.180361054365564,2262.149288013846,71944.51494760026,73.81994896,High,1
91,21,26,26.33377983,57.36469955,7.261313694,191.6549412,coffee,Tamil Nadu,Kharif,Loamy,2.144705242900877,3638.087345023841,78026.25003003964,57.36469955,Medium,1
107,21,26,26.45288458,55.32222678,7.235070264,144.68613359999995,coffee,Tamil Nadu,Kharif,Loamy,5.825972083905003,6091.037820000266,354862.16301331134,55.32222678,Medium,1
83,38,35,25.70822684,52.88667115,7.18915558,136.73250919999998,coffee,Tamil Nadu,Kharif,Loamy,5.153426471339783,6010.6862956097975,309756.2986671479,52.88667115,Medium,1
108,24,31,24.12832546,56.18107663,6.431899747999999,147.27578180000003,coffee,Tamil Nadu,Kharif,Loamy,5.337470567691668,2184.547023877371,116599.55443683894,56.18107663,Medium,1
116,28,34,23.44372334,60.39523266,6.42321105,122.2103248,coffee,Tamil Nadu,Kharif,Loamy,2.011264238443099,5780.682884304587,116264.80758981923,60.39523266,High,1
116,23,25,23.4123707,52.26994674,6.869720196,139.3670753,coffee,Tamil Nadu,Kharif,Loamy,2.8958167080604946,2978.5626357181286,86253.71446517261,52.26994674,Medium,1
109,31,27,23.05951896,50.40609436,6.973839707000001,164.4971875,coffee,Tamil Nadu,Kharif,Loamy,3.353500736828955,6069.418454881774,203537.99260569285,50.40609436,Medium,1
89,25,34,23.07895447,63.65861483,7.184801627000001,129.8765443,coffee,Tamil Nadu,Kharif,Loamy,5.644382450675188,6884.143137385503,388567.3671259476,63.65861483,High,1
118,18,32,27.6496114,51.11044023,6.351823783,122.8392822,coffee,Tamil Nadu,Kharif,Loamy,4.048836887863878,2669.1873095587976,108071.04039559799,51.11044023,Medium,1
111,32,34,25.46743689,69.35161206,6.392048018,171.37644619999998,coffee,Tamil Nadu,Kharif,Loamy,4.668656884938761,6522.215418410367,304499.859182153,69.35161206,High,1
84,36,28,26.7350622,55.55164819,6.119892347,140.63052130000003,coffee,Tamil Nadu,Kharif,Loamy,4.419990976991814,1795.021877078881,79339.80500191564,55.55164819,Medium,1
85,33,25,26.20811417,52.50987966,6.910823945,189.0944824,coffee,Tamil Nadu,Kharif,Loamy,3.8705160108508903,2408.617844582405,93225.93931477358,52.50987966,Medium,1
99,15,27,27.0424167,57.27927475,6.501157208,165.6872119,coffee,Tamil Nadu,Kharif,Loamy,2.5589605932240276,6594.175431918409,168742.35075085243,57.27927475,Medium,1
81,30,31,24.65090184,51.93952357,7.027585558999999,135.1386537,coffee,Tamil Nadu,Kharif,Loamy,4.799609009957489,3048.180745488875,146300.75770027342,51.93952357,Medium,1
95,39,29,27.35152643,55.99375012,7.13411409,148.98125249999995,coffee,Tamil Nadu,Kharif,Loamy,4.391543777726614,2168.493966285284,95230.36184677845,55.99375012,Medium,1
81,34,30,25.17787724,62.26244581,6.6477659970000005,135.0119649,coffee,Tamil Nadu,Kharif,Loamy,4.3539778805664895,6929.702681437659,301717.7219388186,62.26244581,High,1
80,15,28,23.11438731,68.00096043,6.703270635,161.8944624,coffee,Tamil Nadu,Kharif,Loamy,3.1011077928175506,4931.914808423526,152943.9944591447,68.00096043,High,1
104,20,26,27.22783677,52.95261751,7.493191968,175.7260273,coffee,Tamil Nadu,Kharif,Loamy,3.3405551580262527,4001.645332253647,133677.169552516,52.95261751,Medium,1
109,29,28,23.26316991,60.51600210000001,6.724688502999999,194.1755471,coffee,Tamil Nadu,Kharif,Loamy,4.192480429853877,5234.930468368402,219473.43540280315,60.51600210000001,High,1
100,32,26,25.234661,57.53161469,6.043485685,124.2261737,coffee,Tamil Nadu,Kharif,Loamy,3.025862615901595,1820.779683754462,55094.29176865756,57.53161469,Medium,1
100,24,28,25.59535262,57.72920846,7.101661011,195.7733251,coffee,Tamil Nadu,Kharif,Loamy,2.5879591423007966,5517.8829858247855,142800.5571931127,57.72920846,Medium,1
83,21,28,25.5674832,60.49244602,7.466900682999999,190.2257843,coffee,Tamil Nadu,Kharif,Loamy,4.996836073073055,3432.415667467153,171512.18424980997,60.49244602,High,1
120,23,28,25.67324193,51.29043632,6.877799264,196.2736367,coffee,Tamil Nadu,Kharif,Loamy,4.572171490324957,5543.30641665493,253449.47560365067,51.29043632,Medium,1
104,26,30,24.40726724,62.65692638,6.410992833,148.6977358,coffee,Tamil Nadu,Kharif,Loamy,5.009992104809317,1722.8933210783769,86316.81936031373,62.65692638,High,1
108,33,31,23.69287069,66.76090123,7.393825704,144.6576424,coffee,Tamil Nadu,Kharif,Loamy,2.473852836845352,4962.604508931894,122767.53242562701,66.76090123,High,1
91,25,26,24.53460016,66.99765375,7.482414225,180.5059257,coffee,Tamil Nadu,Kharif,Loamy,4.840106609655702,1621.7493339857836,78494.39670629325,66.99765375,High,1
86,26,27,27.13140403,52.89368299,6.081172981,192.4280381,coffee,Tamil Nadu,Kharif,Loamy,2.8163627855523856,2149.6443286443523,60541.782893676966,52.89368299,Medium,1
98,18,27,27.56088634,68.49299897,6.516312148,167.43580749999995,coffee,Tamil Nadu,Kharif,Loamy,5.745283197283079,3267.2974362104014,187715.49060785703,68.49299897,High,1
111,27,31,23.59302313,55.27564977,6.0433309510000015,191.3980675,coffee,Tamil Nadu,Kharif,Loamy,5.519877547591673,4006.9900389575077,221180.94349465027,55.27564977,Medium,1
84,39,35,23.17714381,52.13864034,6.959404135,117.3113562,coffee,Tamil Nadu,Kharif,Loamy,3.6934187127691236,3114.2477898065845,115022.21063071524,52.13864034,Medium,1
98,27,27,24.71384065,51.29142534,7.238109556,197.6439711,coffee,Tamil Nadu,Kharif,Loamy,4.686018707347603,3367.3022042541293,157792.4112242767,51.29142534,Medium,1
118,21,34,24.38534644,64.72543073,7.234258375,119.6324109,coffee,Tamil Nadu,Kharif,Loamy,5.717008792615955,5863.444376541869,335213.63055704447,64.72543073,High,1
103,27,31,27.15998538,51.59100753,6.691541233,126.1752206,coffee,Tamil Nadu,Kharif,Loamy,5.206125268063865,2689.2449539908957,140005.4610698525,51.59100753,Medium,1
82,24,33,26.53543168,67.09608099,6.809593554,120.6494434,coffee,Tamil Nadu,Kharif,Loamy,5.796329601330266,4411.849069913251,255725.31360539576,67.09608099,High,1
86,31,35,27.01207284,60.76645256,6.485761419,191.4508931,coffee,Tamil Nadu,Kharif,Loamy,3.496668483453427,1550.3988058528141,54212.30641209364,60.76645256,High,1
88,35,35,27.55906475,58.45742907,6.784460602,117.9389993,coffee,Tamil Nadu,Kharif,Loamy,3.2576323938624263,2981.7364635258523,97134.01293542607,58.45742907,Medium,1
84,27,29,23.32293161,53.00366334,7.167092586,168.26442869999997,coffee,Tamil Nadu,Kharif,Loamy,4.519957553958221,2755.8797698948993,124564.59583737094,53.00366334,Medium,1
120,40,33,24.23850608,54.30329632,6.73410539,115.1564012,coffee,Tamil Nadu,Kharif,Loamy,5.946588639466473,6758.889600596825,401923.3611431717,54.30329632,Medium,1
106,40,30,23.42611644,64.10651528,6.779984384,122.6847408,coffee,Tamil Nadu,Kharif,Loamy,5.955583876689503,6191.452395950891,368737.14062615717,64.10651528,High,1
113,21,33,26.02241444,55.83288958,7.277422737999999,176.90209240000004,coffee,Tamil Nadu,Kharif,Loamy,2.242819294084323,4421.139549640442,99158.17083772857,55.83288958,Medium,1
117,34,25,24.83846178,56.7685316,7.21270048,124.4135035,coffee,Tamil Nadu,Kharif,Loamy,4.420891987074113,1606.9179904346147,71040.10867797626,56.7685316,Medium,1
80,30,25,26.24092174,65.64381357,7.487266991,148.37712019999995,coffee,Tamil Nadu,Kharif,Loamy,3.9230253261775228,2486.1779142308505,97533.38922910836,65.64381357,High,1
88,21,27,24.43011925,66.02411187,7.231166546,181.6368274,coffee,Tamil Nadu,Kharif,Loamy,2.72031928586624,2991.586952296745,81380.71681678643,66.02411187,High,1
113,33,34,26.00373964,62.144510200000006,6.559817161000002,153.477776,coffee,Tamil Nadu,Kharif,Loamy,3.8321151312343074,6607.24677314068,253197.3033515145,62.144510200000006,High,1
87,23,28,26.22367404,62.26594559,6.979590627,193.7461968,coffee,Tamil Nadu,Kharif,Loamy,2.5548642671767197,5149.031525484549,131550.7665502691,62.26594559,High,1
113,15,29,27.09617155,63.55324262,6.779230041,190.2440566,coffee,Tamil Nadu,Kharif,Loamy,4.8746043832520325,6010.642830680311,292995.0588859665,63.55324262,High,1
98,29,30,25.64004392,61.03273481,6.217974349,199.4735636,coffee,Tamil Nadu,Kharif,Loamy,2.545641388678688,4852.771566538626,123534.1614958384,61.03273481,High,1
97,29,27,27.74576987,54.36976075,7.205078785,139.8619431,coffee,Tamil Nadu,Kharif,Loamy,3.5508156934829462,1934.044064214192,68674.34015099292,54.36976075,Medium,1
85,35,32,26.24928198,54.28617819,6.854011265,133.1120232,coffee,Tamil Nadu,Kharif,Loamy,5.4629289351210515,4334.681051448293,236800.54540477824,54.28617819,Medium,1
82,29,35,26.67377159,52.24226285,6.246872394,156.15438980000005,coffee,Tamil Nadu,Kharif,Loamy,4.843204416496153,2544.458053229837,123233.3048099195,52.24226285,Medium,1
103,33,25,27.10210397,55.74973320000001,6.911066044,139.5013171,coffee,Tamil Nadu,Kharif,Loamy,2.501128604985915,2365.711059422365,59169.47601852811,55.74973320000001,Medium,1
112,17,28,27.62975458,61.26002598,6.777417989,196.6492664,coffee,Tamil Nadu,Kharif,Loamy,2.8179333329400533,6051.691890169315,170532.64297991112,61.26002598,High,1
99,19,33,27.536454700000004,55.51673151,6.273741983,130.6377143,coffee,Tamil Nadu,Kharif,Loamy,4.620077746551553,1577.825214323932,72896.75160645932,55.51673151,Medium,1
120,20,34,23.56960509,50.56339727,6.906124587000001,130.3797119,coffee,Tamil Nadu,Kharif,Loamy,3.0718934843769157,5414.662848464181,166332.6752429487,50.56339727,Medium,1
114,27,28,24.99451759,57.93250202,7.162802357,192.8736822,coffee,Tamil Nadu,Kharif,Loamy,5.327299448469984,4951.751147070789,263794.6115475082,57.93250202,Medium,1
100,40,35,27.56441788,54.41094079,6.9557873510000015,177.816092,coffee,Tamil Nadu,Kharif,Loamy,5.085502657176471,4559.446223736895,231870.7588606721,54.41094079,Medium,1
108,35,25,23.98143338,61.10935084,6.971963169,161.5279095,coffee,Tamil Nadu,Kharif,Loamy,4.7989769054152935,2253.0071455221682,108121.29259096518,61.10935084,High,1
115,31,30,24.22984659,67.37768353,6.840927967000001,122.4073418,coffee,Tamil Nadu,Kharif,Loamy,5.423621502445188,4082.1632437145454,221401.08345101605,67.37768353,High,1
87,28,30,25.60153969,68.66257977,6.536676653,168.8383605,coffee,Tamil Nadu,Kharif,Loamy,5.354425007521268,6019.155466799544,322291.1655558983,68.66257977,High,1
82,24,26,24.31274458,53.57285558,6.089443602999999,184.4103931,coffee,Tamil Nadu,Kharif,Loamy,5.536397415436844,6818.616976061703,377505.734031218,53.57285558,Medium,1
94,26,27,26.36629861,52.25738495,7.456460375,177.31761609999995,coffee,Tamil Nadu,Kharif,Loamy,4.194828085990165,5662.762732656424,237543.16155245586,52.25738495,Medium,1
87,28,35,26.5602777,57.1621814,6.759211911,152.0616227,coffee,Tamil Nadu,Kharif,Loamy,4.22901817599371,2440.50569565394,103209.42945536686,57.1621814,Medium,1
118,40,35,26.35034208,58.50650238,7.460174812000001,121.5586297,coffee,Tamil Nadu,Kharif,Loamy,4.085678994205351,5460.481230354077,223097.73461110238,58.50650238,Medium,1
87,38,29,25.20406808,57.88370456,6.652642579,156.1457255,coffee,Tamil Nadu,Kharif,Loamy,2.875527898046371,5173.157028873659,148755.57357500884,57.88370456,Medium,1
92,40,30,23.35723208,55.18792166,6.026287448,171.6976946,coffee,Tamil Nadu,Kharif,Loamy,2.611564931561605,6857.990306135029,179100.86984491677,55.18792166,Medium,1
97,22,26,23.60567546,59.68849145,6.074190142000001,185.1568059,coffee,Tamil Nadu,Kharif,Loamy,5.875717127091791,3389.491001318739,199156.9032857202,59.68849145,Medium,1
99,40,32,24.18471151,69.94807345,7.0455430560000005,163.27087319999995,coffee,Tamil Nadu,Kharif,Loamy,4.704017848540531,2283.6345614941074,107422.5773681231,69.94807345,High,1
89,28,33,26.44414097,53.83876189,6.9932360010000005,175.3723314,coffee,Tamil Nadu,Kharif,Loamy,3.1573066697130976,5190.056359426244,163865.9955980336,53.83876189,Medium,1
112,39,29,26.12492233,63.37479229,6.726528895,147.8035305,coffee,Tamil Nadu,Kharif,Loamy,5.626215955275821,5534.015998593899,311355.6910804065,63.37479229,High,1
111,28,26,27.77363343,64.47858698,6.937352845,192.7121236,coffee,Tamil Nadu,Kharif,Loamy,5.735219871307214,5523.994417413,316813.2255173715,64.47858698,High,1
114,20,26,25.55656667,62.67087838,7.27905689,193.5866233,coffee,Tamil Nadu,Kharif,Loamy,5.390066176972822,6171.0968192544315,332626.2024028788,62.67087838,High,1
117,26,30,27.92374437,67.96910852,7.079850922,115.2325531,coffee,Tamil Nadu,Kharif,Loamy,5.879882793295191,2959.5321256218986,174017.02021648543,67.96910852,High,1
111,29,31,26.05968403,52.31098539,6.136286518,161.3432535,coffee,Tamil Nadu,Kharif,Loamy,3.9213256518101263,2988.3016142837996,117181.03775436673,52.31098539,Medium,1
119,30,28,26.35770906,64.57578034,6.5052036960000015,163.62694960000005,coffee,Tamil Nadu,Kharif,Loamy,3.905756418646717,2531.8829731917176,98889.18173805885,64.57578034,High,1
116,40,33,24.91370487,54.15319242,7.042089492000001,129.5481144,coffee,Tamil Nadu,Kharif,Loamy,3.8200092598586126,3484.5729912546913,133111.01093246145,54.15319242,Medium,1
95,37,35,27.31317116,68.42333909999999,6.348337518999998,192.4288139,coffee,Tamil Nadu,Kharif,Loamy,2.7256807036009043,4545.159262121207,123886.52895556697,68.42333909999999,High,1
86,40,33,26.1387869,52.26311691,7.432322234,136.3027766,coffee,Tamil Nadu,Kharif,Loamy,2.229566333543476,6712.067303576068,149649.9928853114,52.26311691,Medium,1
117,37,32,23.1069385,67.06230539,6.787658922,162.57696059999995,coffee,Tamil Nadu,Kharif,Loamy,4.534193690452811,5627.001642096865,255139.1534176321,67.06230539,High,1
105,18,35,23.52648086,68.44030686,6.743417121,171.8839938,coffee,Tamil Nadu,Kharif,Loamy,3.821232141638535,2519.530922960728,96277.12544669735,68.44030686,High,1
109,23,25,25.11711046,68.48030408,7.00733163,194.8773479,coffee,Tamil Nadu,Kharif,Loamy,2.261570786579163,3099.6542036598257,70100.87395494361,68.48030408,High,1
80,18,31,24.02952505,58.84880599,7.303033217,134.6803969,coffee,Tamil Nadu,Kharif,Loamy,4.389142569966486,5199.216564435519,228201.02753438838,58.84880599,Medium,1
101,31,26,26.70897548,69.71184111,6.861235184,158.86088869999998,coffee,Tamil Nadu,Kharif,Loamy,3.4492322928611525,2181.2179541719743,75235.27405298511,69.71184111,High,1
103,33,33,26.71717393,50.50148528,7.131435858,126.8073984,coffee,Tamil Nadu,Kharif,Loamy,5.987124715595123,4592.618544786217,274965.79998790065,50.50148528,Medium,1
93,26,27,24.59245684,56.46829641,7.288211994,137.70440469999997,coffee,Tamil Nadu,Kharif,Loamy,2.2196088444653626,6375.008254268359,141500.2470471374,56.46829641,Medium,1
104,35,28,27.51006055,50.66687215,6.983732393,143.9955548,coffee,Tamil Nadu,Kharif,Loamy,3.690316722849467,6270.532576041705,231402.51226539054,50.66687215,Medium,1
116,36,25,27.57847581,58.52534263,6.172090205,156.6810374,coffee,Tamil Nadu,Kharif,Loamy,3.185769225007375,3734.5137130819057,118972.98857504358,58.52534263,Medium,1
107,38,29,26.65069302,57.56695719,6.35118177,145.105065,coffee,Tamil Nadu,Kharif,Loamy,4.057623636718839,2658.3242420255724,107864.79278505655,57.56695719,Medium,1
101,33,33,26.97251562,62.0183627,6.908671378999999,142.8610793,coffee,Tamil Nadu,Kharif,Loamy,4.433310417688773,6648.833106102198,294763.41074756876,62.0183627,High,1
107,31,31,23.17124551,52.97841162,6.766184468,153.12016440000005,coffee,Tamil Nadu,Kharif,Loamy,5.860296484631516,2441.5559169928783,143082.41557384643,52.97841162,Medium,1
99,16,30,23.52652084,65.44340921,6.392791654,186.1728203,coffee,Tamil Nadu,Kharif,Loamy,3.7315569609247694,3605.076214342775,134525.472422951,65.44340921,High,1
103,40,30,27.30901814,55.196224,6.3483162570000005,141.48316440000005,coffee,Tamil Nadu,Kharif,Loamy,3.5115932378509056,1643.1515521075619,57700.79879145134,55.196224,Medium,1
118,31,34,27.54823036,62.88179198,6.123796057000001,181.4170812,coffee,Tamil Nadu,Kharif,Loamy,5.605826838683747,4855.89045256534,272212.8102469895,62.88179198,High,1
106,21,35,25.627355,57.04151119,7.4285236339999985,188.5506536,coffee,Tamil Nadu,Kharif,Loamy,3.170846368140981,4227.946747316696,134061.69588422618,57.04151119,Medium,1
116,38,34,23.29250318,50.04557009,6.020947179,183.468585,coffee,Tamil Nadu,Kharif,Loamy,5.54159812115717,2870.9739694026157,159097.8395473268,50.04557009,Medium,1
97,35,26,24.91461008,53.74144743,6.334610249,166.2549307,coffee,Tamil Nadu,Kharif,Loamy,4.218548521102995,1872.9345889816416,79010.6544047115,53.74144743,Medium,1
107,34,32,26.77463708,66.4132686,6.78006386,177.7745075,coffee,Tamil Nadu,Kharif,Loamy,3.1891074346611292,5833.536388517259,186037.74266986625,66.4132686,High,1
99,15,27,27.41711238,56.63636248,6.086922359,127.92461000000002,coffee,Tamil Nadu,Kharif,Loamy,4.9219457674920974,5242.869588600357,258051.19781124563,56.63636248,Medium,1
118,33,30,24.13179691,67.22512329,6.362607851,173.32283859999995,coffee,Tamil Nadu,Kharif,Loamy,3.655702693569051,3161.9917799658356,115593.01867064304,67.22512329,High,1
117,32,34,26.2724184,52.12739421,6.758792552,127.1752928,coffee,Tamil Nadu,Kharif,Loamy,2.1295169199140185,3990.838073958055,84985.57203130751,52.12739421,Medium,1
104,18,30,23.60301571,60.39647474,6.779832611000002,140.9370415,coffee,Tamil Nadu,Kharif,Loamy,2.6008647150342235,2633.5666495201813,68495.50573427942,60.39647474,High,1
